2025-03-23 10:31:55,046 [INFO] Activator:176 - 


2025-03-23 10:31:55,053 [INFO] Activator:177 - !SESSION log4j initialized
2025-03-23 10:32:03,411 [INFO] LogOutputStream:77 - [STDOUT_REDIRECT] 
2025-03-23 10:32:10,689 [INFO] ApplicationProperties:184 - Using Application install path: D:\ST\STM32CubeIDE_1.17.0\STM32CubeIDE\plugins\com.st.stm32cube.common.mx_6.13.0.202411220809
2025-03-23 10:32:10,708 [INFO] DbMcusXml:78 - Set database path to: D:\ST\STM32CubeIDE_1.17.0\STM32CubeIDE\plugins\com.st.stm32cube.common.mx_6.13.0.202411220809\\db\/mcu/
2025-03-23 10:32:10,708 [INFO] ApiDb:274 - Set plugin database path to: D:\ST\STM32CubeIDE_1.17.0\STM32CubeIDE\plugins\com.st.stm32cube.common.mx_6.13.0.202411220809\\db\/plugins/boardmanager/
2025-03-23 10:32:10,712 [WARN] ApiDb:259 - Overriding images path with different value:  => D:\ST\STM32CubeIDE_1.17.0\STM32CubeIDE\plugins\com.st.stm32cube.common.mx_6.13.0.202411220809\\db\/plugins/mcufinder/images/
2025-03-23 10:32:10,727 [INFO] ApiDb:250 - Set database path to: C:\Users\sagar\.stmcufinder\plugins\mcufinder//mcu/
2025-03-23 10:32:10,732 [INFO] DbMcusAds:125 - Set database path to: C:\Users\sagar\.stmcufinder\plugins\mcufinder//mcu/
2025-03-23 10:32:10,734 [INFO] CrossReferenceDbSqlite:203 - Set database path to: C:\Users\sagar\.stmcufinder\plugins\mcufinder//mcu/cs/
2025-03-23 10:32:10,924 [INFO] RulesReader:64 - Compatibility file has been processed (297 Rules)
2025-03-23 10:32:11,043 [INFO] DbMcusXml:78 - Set database path to: D:\ST\STM32CubeIDE_1.17.0\STM32CubeIDE\plugins\com.st.stm32cube.common.mx_6.13.0.202411220809\\db\/mcu/
2025-03-23 10:32:11,043 [INFO] ApiDb:274 - Set plugin database path to: D:\ST\STM32CubeIDE_1.17.0\STM32CubeIDE\plugins\com.st.stm32cube.common.mx_6.13.0.202411220809\\db\/plugins/boardmanager/
2025-03-23 10:32:11,043 [INFO] ApiDb:261 - Set plugin images path to: D:\ST\STM32CubeIDE_1.17.0\STM32CubeIDE\plugins\com.st.stm32cube.common.mx_6.13.0.202411220809\\db\/plugins/mcufinder/images/
2025-03-23 10:32:11,044 [WARN] DbFile:41 - Overriding database path with different value: C:\Users\sagar\.stmcufinder\plugins\mcufinder/ => C:\Users\sagar\.stmcufinder\plugins\mcufinder
2025-03-23 10:32:11,044 [INFO] ApiDb:250 - Set database path to: C:\Users\sagar\.stmcufinder\plugins\mcufinder//mcu/
2025-03-23 10:32:11,044 [WARN] DbFile:41 - Overriding database path with different value: C:\Users\sagar\.stmcufinder\plugins\mcufinder/ => C:\Users\sagar\.stmcufinder\plugins\mcufinder
2025-03-23 10:32:11,044 [INFO] DbMcusAds:125 - Set database path to: C:\Users\sagar\.stmcufinder\plugins\mcufinder//mcu/
2025-03-23 10:32:11,044 [WARN] DbFile:41 - Overriding database path with different value: C:\Users\sagar\.stmcufinder\plugins\mcufinder/ => C:\Users\sagar\.stmcufinder\plugins\mcufinder
2025-03-23 10:32:11,044 [WARN] DbFile:41 - Overriding database path with different value: C:\Users\sagar\.stmcufinder\plugins\mcufinder/ => C:\Users\sagar\.stmcufinder\plugins\mcufinder
2025-03-23 10:32:11,045 [INFO] CrossReferenceDbSqlite:203 - Set database path to: C:\Users\sagar\.stmcufinder\plugins\mcufinder//mcu/cs/
2025-03-23 10:32:11,153 [INFO] MainPanel:272 - HeapMemory: 268435456
2025-03-23 10:32:11,318 [INFO] DbMcusXml:78 - Set database path to: D:\ST\STM32CubeIDE_1.17.0\STM32CubeIDE\plugins\com.st.stm32cube.common.mx_6.13.0.202411220809\\db\/mcu/
2025-03-23 10:32:11,318 [INFO] ApiDb:274 - Set plugin database path to: D:\ST\STM32CubeIDE_1.17.0\STM32CubeIDE\plugins\com.st.stm32cube.common.mx_6.13.0.202411220809\\db\/plugins/boardmanager/
2025-03-23 10:32:11,318 [INFO] ApiDb:261 - Set plugin images path to: D:\ST\STM32CubeIDE_1.17.0\STM32CubeIDE\plugins\com.st.stm32cube.common.mx_6.13.0.202411220809\\db\/plugins/mcufinder/images/
2025-03-23 10:32:11,318 [WARN] DbFile:41 - Overriding database path with different value: C:\Users\sagar\.stmcufinder\plugins\mcufinder/ => C:\Users\sagar\.stmcufinder\plugins\mcufinder
2025-03-23 10:32:11,318 [INFO] ApiDb:250 - Set database path to: C:\Users\sagar\.stmcufinder\plugins\mcufinder//mcu/
2025-03-23 10:32:11,319 [WARN] DbFile:41 - Overriding database path with different value: C:\Users\sagar\.stmcufinder\plugins\mcufinder/ => C:\Users\sagar\.stmcufinder\plugins\mcufinder
2025-03-23 10:32:11,319 [INFO] DbMcusAds:125 - Set database path to: C:\Users\sagar\.stmcufinder\plugins\mcufinder//mcu/
2025-03-23 10:32:11,319 [WARN] DbFile:41 - Overriding database path with different value: C:\Users\sagar\.stmcufinder\plugins\mcufinder/ => C:\Users\sagar\.stmcufinder\plugins\mcufinder
2025-03-23 10:32:11,319 [WARN] DbFile:41 - Overriding database path with different value: C:\Users\sagar\.stmcufinder\plugins\mcufinder/ => C:\Users\sagar\.stmcufinder\plugins\mcufinder
2025-03-23 10:32:11,319 [INFO] CrossReferenceDbSqlite:203 - Set database path to: C:\Users\sagar\.stmcufinder\plugins\mcufinder//mcu/cs/
2025-03-23 10:32:11,346 [INFO] ApplicationProperties:184 - Using Application install path: D:\ST\STM32CubeIDE_1.17.0\STM32CubeIDE\plugins\com.st.stm32cube.common.mx_6.13.0.202411220809
2025-03-23 10:32:11,348 [INFO] PluginManage:196 - Search for loadable plugins [exclusion list=, ]
2025-03-23 10:32:11,351 [INFO] PluginManage:310 - Check plugin analytics
2025-03-23 10:32:11,635 [INFO] AnalyticsPlugin:253 - Accepted Software Licenses: STM32CubeMX.6.13.0
2025-03-23 10:32:11,635 [INFO] AnalyticsPlugin:255 - Accepted CMSIS Pack Licenses: 
2025-03-23 10:32:11,637 [INFO] AnalyticsPlugin:257 - Accepted Firmware Licenses: FW.F4.1.28.0,FW.G0.1.6.0
2025-03-23 10:32:11,644 [INFO] PluginManage:359 - Loaded plugin analytics (category:tool,tabindex:-1)
2025-03-23 10:32:11,644 [INFO] PluginManage:310 - Check plugin cadmodel
2025-03-23 10:32:11,677 [INFO] CADModel:105 - Init CAD model plugin
2025-03-23 10:32:11,677 [INFO] PluginManage:359 - Loaded plugin cadmodel (category:power,tabindex:5)
2025-03-23 10:32:11,677 [INFO] PluginManage:310 - Check plugin clock
2025-03-23 10:32:11,708 [INFO] PluginManage:359 - Loaded plugin clock (category:base,tabindex:2)
2025-03-23 10:32:11,708 [INFO] PluginManage:310 - Check plugin ddr
2025-03-23 10:32:11,714 [INFO] PluginManage:359 - Loaded plugin ddr (category:tool,tabindex:6)
2025-03-23 10:32:11,714 [INFO] PluginManage:310 - Check plugin filemanager
2025-03-23 10:32:11,927 [INFO] PluginManage:359 - Loaded plugin filemanager (category:base,tabindex:10)
2025-03-23 10:32:11,927 [INFO] PluginManage:310 - Check plugin ipmanager
2025-03-23 10:32:11,942 [INFO] PluginManage:359 - Loaded plugin ipmanager (category:base,tabindex:5)
2025-03-23 10:32:11,942 [INFO] PluginManage:310 - Check plugin lpbam
2025-03-23 10:32:11,967 [INFO] PluginManage:359 - Loaded plugin lpbam (category:base,tabindex:0)
2025-03-23 10:32:11,967 [INFO] PluginManage:310 - Check plugin memorymap
2025-03-23 10:32:12,002 [INFO] PluginManage:359 - Loaded plugin memorymap (category:base,tabindex:4)
2025-03-23 10:32:12,003 [INFO] PluginManage:310 - Check plugin pinoutandconfiguration
2025-03-23 10:32:12,025 [INFO] PluginManage:359 - Loaded plugin pinoutandconfiguration (category:base,tabindex:1)
2025-03-23 10:32:12,025 [INFO] PluginManage:310 - Check plugin pinoutconfig
2025-03-23 10:32:12,167 [WARN] SupportedApi:132 - Cannot load RTOS API schema: s4s-elt-must-match.1: The content of 'definitions' must match (annotation?, (simpleType | complexType)?, (unique | key | keyref)*)). A problem was found starting at: attribute.
2025-03-23 10:32:12,357 [INFO] PluginManage:359 - Loaded plugin pinoutconfig (category:base,tabindex:0)
2025-03-23 10:32:12,357 [INFO] PluginManage:310 - Check plugin power
2025-03-23 10:32:12,389 [INFO] PluginManage:359 - Loaded plugin power (category:power,tabindex:4)
2025-03-23 10:32:12,392 [INFO] PluginManage:310 - Check plugin projectmanager
2025-03-23 10:32:12,414 [INFO] PluginManage:359 - Loaded plugin projectmanager (category:projectmanager,tabindex:4)
2025-03-23 10:32:12,414 [INFO] PluginManage:310 - Check plugin rif
2025-03-23 10:32:12,442 [INFO] PluginManage:359 - Loaded plugin rif (category:base,tabindex:3)
2025-03-23 10:32:12,442 [INFO] PluginManage:310 - Check plugin thirdparty
2025-03-23 10:32:12,933 [INFO] PluginManage:359 - Loaded plugin thirdparty (category:base,tabindex:-1)
2025-03-23 10:32:12,933 [WARN] IntegrityCheckThread:84 - waiting for thirdparty lock release [integrity check]
2025-03-23 10:32:12,934 [INFO] PluginManage:310 - Check plugin tools
2025-03-23 10:32:12,934 [INFO] IntegrityCheckThread:86 - entering critical section [integrity check]
2025-03-23 10:32:12,934 [INFO] ThirdPartyUpdaterWithRetryManager:70 - Updater plugin not ready yet. [1/15]
2025-03-23 10:32:12,996 [INFO] PluginManage:359 - Loaded plugin tools (category:base,tabindex:7)
2025-03-23 10:32:12,996 [INFO] PluginManage:310 - Check plugin tutovideos
2025-03-23 10:32:13,303 [INFO] PluginManage:359 - Loaded plugin tutovideos (category:base,tabindex:-1)
2025-03-23 10:32:13,303 [INFO] PluginManage:310 - Check plugin updater
2025-03-23 10:32:13,357 [INFO] PluginManage:359 - Loaded plugin updater (category:base,tabindex:12)
2025-03-23 10:32:13,357 [INFO] PluginManage:310 - Check plugin userauth
2025-03-23 10:32:13,362 [INFO] UserAuth:118 - Init User Auth plugin
2025-03-23 10:32:13,364 [INFO] PluginManage:359 - Loaded plugin userauth (category:base,tabindex:14)
2025-03-23 10:32:13,364 [INFO] PluginManage:283 - PluginManage : Loaded plugins [18]
2025-03-23 10:32:13,701 [INFO] PinOutPanel:1589 - setPackage(No Configuration,No Configuration)
2025-03-23 10:32:13,824 [INFO] CADModel:165 - CPN selected for project level
2025-03-23 10:32:13,824 [INFO] CADModel:114 - Register for checkConnection events
2025-03-23 10:32:13,867 [INFO] IPUIPlugin:80 - create IPUIPlugin
2025-03-23 10:32:13,867 [INFO] PluginManager:220 - loadIPPluginJar : add adc
2025-03-23 10:32:13,928 [INFO] IPUIPlugin:80 - create IPUIPlugin
2025-03-23 10:32:13,928 [INFO] PluginManager:220 - loadIPPluginJar : add aes
2025-03-23 10:32:13,987 [INFO] IPUIPlugin:80 - create IPUIPlugin
2025-03-23 10:32:13,989 [INFO] PluginManager:220 - loadIPPluginJar : add can
2025-03-23 10:32:14,025 [INFO] IPUIPlugin:80 - create IPUIPlugin
2025-03-23 10:32:14,025 [INFO] PluginManager:220 - loadIPPluginJar : add comp
2025-03-23 10:32:14,078 [INFO] IPUIPlugin:80 - create IPUIPlugin
2025-03-23 10:32:14,078 [INFO] PluginManager:220 - loadIPPluginJar : add cryp
2025-03-23 10:32:14,093 [INFO] IPUIPlugin:80 - create IPUIPlugin
2025-03-23 10:32:14,093 [INFO] PluginManager:220 - loadIPPluginJar : add ddr_ctrl_phy
2025-03-23 10:32:14,134 [INFO] IPUIPlugin:80 - create IPUIPlugin
2025-03-23 10:32:14,134 [INFO] PluginManager:220 - loadIPPluginJar : add dfsdm
2025-03-23 10:32:14,157 [INFO] IPUIPlugin:80 - create IPUIPlugin
2025-03-23 10:32:14,157 [INFO] PluginManager:220 - loadIPPluginJar : add dma
2025-03-23 10:32:14,207 [INFO] IPUIPlugin:80 - create IPUIPlugin
2025-03-23 10:32:14,207 [INFO] PluginManager:220 - loadIPPluginJar : add dma3
2025-03-23 10:32:14,280 [INFO] IPUIPlugin:80 - create IPUIPlugin
2025-03-23 10:32:14,280 [INFO] PluginManager:220 - loadIPPluginJar : add extmemmanager
2025-03-23 10:32:14,309 [INFO] IPUIPlugin:80 - create IPUIPlugin
2025-03-23 10:32:14,309 [INFO] PluginManager:220 - loadIPPluginJar : add fatfs
2025-03-23 10:32:14,371 [INFO] IPUIPlugin:80 - create IPUIPlugin
2025-03-23 10:32:14,371 [INFO] PluginManager:220 - loadIPPluginJar : add fmc
2025-03-23 10:32:14,390 [INFO] IPUIPlugin:80 - create IPUIPlugin
2025-03-23 10:32:14,390 [INFO] PluginManager:220 - loadIPPluginJar : add freertos
2025-03-23 10:32:14,417 [INFO] IPUIPlugin:80 - create IPUIPlugin
2025-03-23 10:32:14,417 [INFO] PluginManager:220 - loadIPPluginJar : add genericplugin
2025-03-23 10:32:14,534 [INFO] IPUIPlugin:80 - create IPUIPlugin
2025-03-23 10:32:14,534 [INFO] PluginManager:220 - loadIPPluginJar : add gfxmmu
2025-03-23 10:32:14,692 [INFO] IPUIPlugin:80 - create IPUIPlugin
2025-03-23 10:32:14,692 [INFO] PluginManager:220 - loadIPPluginJar : add gic
2025-03-23 10:32:14,705 [INFO] IPUIPlugin:80 - create IPUIPlugin
2025-03-23 10:32:14,705 [INFO] PluginManager:220 - loadIPPluginJar : add gpio
2025-03-23 10:32:14,814 [INFO] IPUIPlugin:80 - create IPUIPlugin
2025-03-23 10:32:14,814 [INFO] PluginManager:220 - loadIPPluginJar : add gtzc
2025-03-23 10:32:14,854 [INFO] IPUIPlugin:80 - create IPUIPlugin
2025-03-23 10:32:14,854 [INFO] PluginManager:220 - loadIPPluginJar : add hash
2025-03-23 10:32:14,911 [INFO] IPUIPlugin:80 - create IPUIPlugin
2025-03-23 10:32:14,911 [INFO] PluginManager:220 - loadIPPluginJar : add i2c
2025-03-23 10:32:14,955 [INFO] IPUIPlugin:80 - create IPUIPlugin
2025-03-23 10:32:14,955 [INFO] PluginManager:220 - loadIPPluginJar : add i2s
2025-03-23 10:32:15,001 [INFO] IPUIPlugin:80 - create IPUIPlugin
2025-03-23 10:32:15,001 [INFO] PluginManager:220 - loadIPPluginJar : add i3c
2025-03-23 10:32:15,124 [INFO] IPUIPlugin:80 - create IPUIPlugin
2025-03-23 10:32:15,124 [INFO] PluginManager:220 - loadIPPluginJar : add ipddr
2025-03-23 10:32:15,222 [INFO] IPUIPlugin:80 - create IPUIPlugin
2025-03-23 10:32:15,222 [INFO] PluginManager:220 - loadIPPluginJar : add linkedlist
2025-03-23 10:32:15,263 [INFO] IPUIPlugin:80 - create IPUIPlugin
2025-03-23 10:32:15,263 [INFO] PluginManager:220 - loadIPPluginJar : add lorawan
2025-03-23 10:32:15,324 [INFO] IPUIPlugin:80 - create IPUIPlugin
2025-03-23 10:32:15,324 [INFO] PluginManager:220 - loadIPPluginJar : add ltdc
2025-03-23 10:32:15,350 [INFO] IPUIPlugin:80 - create IPUIPlugin
2025-03-23 10:32:15,352 [INFO] PluginManager:220 - loadIPPluginJar : add mdma
2025-03-23 10:32:15,365 [INFO] IPUIPlugin:80 - create IPUIPlugin
2025-03-23 10:32:15,368 [INFO] PluginManager:220 - loadIPPluginJar : add nvic
2025-03-23 10:32:15,427 [INFO] IPUIPlugin:80 - create IPUIPlugin
2025-03-23 10:32:15,427 [INFO] PluginManager:220 - loadIPPluginJar : add opamp
2025-03-23 10:32:15,539 [INFO] IPUIPlugin:80 - create IPUIPlugin
2025-03-23 10:32:15,539 [INFO] PluginManager:220 - loadIPPluginJar : add openamp
2025-03-23 10:32:15,618 [INFO] IPUIPlugin:80 - create IPUIPlugin
2025-03-23 10:32:15,618 [INFO] PluginManager:220 - loadIPPluginJar : add pdm2pcm
2025-03-23 10:32:15,637 [INFO] IPUIPlugin:80 - create IPUIPlugin
2025-03-23 10:32:15,637 [INFO] PluginManager:220 - loadIPPluginJar : add plateformsettings
2025-03-23 10:32:15,666 [INFO] IPUIPlugin:80 - create IPUIPlugin
2025-03-23 10:32:15,666 [INFO] PluginManager:220 - loadIPPluginJar : add quadspi
2025-03-23 10:32:15,701 [INFO] IPUIPlugin:80 - create IPUIPlugin
2025-03-23 10:32:15,702 [INFO] PluginManager:220 - loadIPPluginJar : add radio
2025-03-23 10:32:15,719 [INFO] IPUIPlugin:80 - create IPUIPlugin
2025-03-23 10:32:15,719 [INFO] PluginManager:220 - loadIPPluginJar : add resmgrutility
2025-03-23 10:32:15,784 [INFO] IPUIPlugin:80 - create IPUIPlugin
2025-03-23 10:32:15,784 [INFO] PluginManager:220 - loadIPPluginJar : add sai
2025-03-23 10:32:15,843 [INFO] IPUIPlugin:80 - create IPUIPlugin
2025-03-23 10:32:15,843 [INFO] PluginManager:220 - loadIPPluginJar : add spi
2025-03-23 10:32:15,942 [INFO] IPUIPlugin:80 - create IPUIPlugin
2025-03-23 10:32:15,942 [INFO] PluginManager:220 - loadIPPluginJar : add stm32_wpan
2025-03-23 10:32:15,948 [INFO] ThirdPartyUpdaterWithRetryManager:70 - Updater plugin not ready yet. [2/15]
2025-03-23 10:32:15,973 [INFO] IPUIPlugin:80 - create IPUIPlugin
2025-03-23 10:32:15,973 [INFO] PluginManager:220 - loadIPPluginJar : add tim
2025-03-23 10:32:16,090 [INFO] IPUIPlugin:80 - create IPUIPlugin
2025-03-23 10:32:16,090 [INFO] PluginManager:220 - loadIPPluginJar : add touchsensing
2025-03-23 10:32:16,134 [INFO] IPUIPlugin:80 - create IPUIPlugin
2025-03-23 10:32:16,134 [INFO] PluginManager:220 - loadIPPluginJar : add tracer_emb
2025-03-23 10:32:16,187 [INFO] IPUIPlugin:80 - create IPUIPlugin
2025-03-23 10:32:16,187 [INFO] PluginManager:220 - loadIPPluginJar : add ts
2025-03-23 10:32:16,236 [INFO] IPUIPlugin:80 - create IPUIPlugin
2025-03-23 10:32:16,236 [INFO] PluginManager:220 - loadIPPluginJar : add tsc
2025-03-23 10:32:16,279 [INFO] IPUIPlugin:80 - create IPUIPlugin
2025-03-23 10:32:16,279 [INFO] PluginManager:220 - loadIPPluginJar : add ucpd
2025-03-23 10:32:16,362 [INFO] IPUIPlugin:80 - create IPUIPlugin
2025-03-23 10:32:16,362 [INFO] PluginManager:220 - loadIPPluginJar : add usart
2025-03-23 10:32:16,443 [INFO] IPUIPlugin:80 - create IPUIPlugin
2025-03-23 10:32:16,443 [INFO] PluginManager:220 - loadIPPluginJar : add usbx
2025-03-23 10:32:16,599 [FATAL] Updater:351 - Updater called before beeing initialized
2025-03-23 10:32:16,634 [INFO] RulesReader:64 - Compatibility file has been processed (297 Rules)
2025-03-23 10:32:16,650 [INFO] RulesReader:64 - Compatibility file has been processed (297 Rules)
2025-03-23 10:32:16,666 [INFO] CADModel:165 - CPN selected for project level
2025-03-23 10:32:16,666 [INFO] CADModel:114 - Register for checkConnection events
2025-03-23 10:32:16,666 [FATAL] Updater:351 - Updater called before beeing initialized
2025-03-23 10:32:16,666 [ERROR] CADModel:125 - Updater not yet initialized, retry later 
2025-03-23 10:32:16,901 [FATAL] Updater:351 - Updater called before beeing initialized
2025-03-23 10:32:16,904 [INFO] CADModel:165 - CPN selected for project level
2025-03-23 10:32:16,904 [INFO] CADModel:114 - Register for checkConnection events
2025-03-23 10:32:16,904 [FATAL] Updater:351 - Updater called before beeing initialized
2025-03-23 10:32:16,906 [ERROR] CADModel:125 - Updater not yet initialized, retry later 
2025-03-23 10:32:16,909 [FATAL] Updater:351 - Updater called before beeing initialized
2025-03-23 10:32:17,075 [FATAL] Updater:351 - Updater called before beeing initialized
2025-03-23 10:32:17,093 [INFO] DbMcusAds:53 - JSON generation date=Thu Mar 06 20:24:21 IST 2025 (1741272861825)
2025-03-23 10:32:17,093 [FATAL] Updater:351 - Updater called before beeing initialized
2025-03-23 10:32:17,194 [WARN] DetailPanel:346 - Failed to get advertising image, set to default
2025-03-23 10:32:17,438 [FATAL] Updater:351 - Updater called before beeing initialized
2025-03-23 10:32:17,438 [FATAL] Updater:351 - Updater called before beeing initialized
2025-03-23 10:32:17,438 [FATAL] Updater:351 - Updater called before beeing initialized
2025-03-23 10:32:17,438 [WARN] DetailPanel:346 - Failed to get advertising image, set to default
2025-03-23 10:32:17,443 [FATAL] Updater:351 - Updater called before beeing initialized
2025-03-23 10:32:17,515 [ERROR] Updater:1198 - MainUpdater not yet initialized. External WinMGr cannot be set.
2025-03-23 10:32:17,529 [INFO] Updater:1134 - Updater Version found : 6.13.0
2025-03-23 10:32:17,548 [INFO] ApplicationProperties:184 - Using Application install path: D:\ST\STM32CubeIDE_1.17.0\STM32CubeIDE\plugins\com.st.stm32cube.common.mx_6.13.0.202411220809
2025-03-23 10:32:18,951 [INFO] ThirdPartyUpdaterWithRetryManager:70 - Updater plugin not ready yet. [3/15]
2025-03-23 10:32:19,189 [ERROR] LogOutputStream:75 - [STDERR_REDIRECT] Mar 23, 2025 10:32:19 AM java.util.prefs.WindowsPreferences <init>
2025-03-23 10:32:19,191 [ERROR] LogOutputStream:75 - [STDERR_REDIRECT] WARNING: Could not open/create prefs root node Software\JavaSoft\Prefs at root 0xffffffff80000002. Windows RegCreateKeyEx(...) returned error code 5.
2025-03-23 10:32:19,191 [ERROR] LogOutputStream:75 - [STDERR_REDIRECT] 
2025-03-23 10:32:19,825 [INFO] MainUpdater:2872 - connection check result : 10
2025-03-23 10:32:19,827 [INFO] MainUpdater:289 - Updater Check For Update Now.
2025-03-23 10:32:19,827 [INFO] MicroXplorer:498 - Change Database Version : DB.6.0.130
2025-03-23 10:32:19,864 [INFO] McuFinderGlobals:63 - Set McuFinder mode to 2 (CubeIDE integrated)
2025-03-23 10:32:19,883 [INFO] UserAuth:486 - Internet connection configuration mode: 1
2025-03-23 10:32:19,945 [INFO] JxBrowserEngine:152 - Initiate JxBrowser Engine with user profile folder
2025-03-23 10:32:20,164 [INFO] CheckServerUpdateThread:120 - End of CheckServer Thread
2025-03-23 10:32:21,515 [INFO] WebApp:168 - Instantiating new browser for Auth
2025-03-23 10:32:22,401 [WARN] PackLoader:240 - Cannot read IP mode file for STMicroelectronics.FP-SNS-MOTENVWB1.1.4.0
2025-03-23 10:32:22,430 [WARN] PackLoader:240 - Cannot read IP mode file for STMicroelectronics.FP-ATR-ASTRA1.2.0.2
2025-03-23 10:32:22,452 [WARN] PackLoader:240 - Cannot read IP mode file for STMicroelectronics.FP-ATR-ASTRA1.2.0.1
2025-03-23 10:32:22,506 [WARN] PackLoader:240 - Cannot read IP mode file for STMicroelectronics.X-CUBE-SMBUS.2.1.0
2025-03-23 10:32:22,543 [WARN] PackLoader:240 - Cannot read IP mode file for STMicroelectronics.X-CUBE-WB05N.1.1.0
2025-03-23 10:32:22,638 [WARN] PackLoader:240 - Cannot read IP mode file for STMicroelectronics.X-CUBE-AZRTOS-F7.1.1.0
2025-03-23 10:32:22,683 [WARN] PackLoader:240 - Cannot read IP mode file for STMicroelectronics.FP-SNS-FLIGHT1.5.0.2
2025-03-23 10:32:22,730 [INFO] WebApp:449 - Apply proxy settings
2025-03-23 10:32:22,732 [INFO] WebApp:534 - Chromium requires no authentication
2025-03-23 10:32:22,754 [INFO] WebApp:477 - Direct internet connection detected
2025-03-23 10:32:22,757 [WARN] PackLoader:240 - Cannot read IP mode file for Infineon.AIROC-Wi-Fi-Bluetooth-STM32.1.7.0
2025-03-23 10:32:22,811 [WARN] PackLoader:240 - Cannot read IP mode file for STMicroelectronics.X-CUBE-DISPLAY.3.0.0
2025-03-23 10:32:22,833 [INFO] WebApp:880 - Register for checkConnection events
2025-03-23 10:32:22,833 [INFO] WebApp:449 - Apply proxy settings
2025-03-23 10:32:22,833 [INFO] WebApp:534 - Chromium requires no authentication
2025-03-23 10:32:22,837 [INFO] WebApp:477 - Direct internet connection detected
2025-03-23 10:32:22,853 [WARN] PackLoader:240 - Cannot read IP mode file for STMicroelectronics.X-CUBE-BLE1.7.0.0
2025-03-23 10:32:22,897 [WARN] PackLoader:240 - Cannot read IP mode file for STMicroelectronics.X-CUBE-NFC10.1.0.0
2025-03-23 10:32:22,943 [WARN] PackLoader:240 - Cannot read IP mode file for STMicroelectronics.X-CUBE-BLEMGR.4.0.0
2025-03-23 10:32:22,975 [WARN] PackLoader:240 - Cannot read IP mode file for emotas.I-CUBE-CANOPEN.1.3.0
2025-03-23 10:32:23,007 [WARN] PackLoader:240 - Cannot read IP mode file for STMicroelectronics.X-CUBE-AI.10.0.0
2025-03-23 10:32:23,044 [WARN] PackLoader:240 - Cannot read IP mode file for STMicroelectronics.FP-SNS-SMARTAG2.1.2.0
2025-03-23 10:32:23,083 [WARN] PackLoader:240 - Cannot read IP mode file for STMicroelectronics.FP-SNS-FLIGHT1.5.1.0
2025-03-23 10:32:23,105 [INFO] WebApp:187 - Connection restablished
2025-03-23 10:32:23,243 [WARN] PackLoader:240 - Cannot read IP mode file for STMicroelectronics.X-CUBE-MEMS1.11.1.0
2025-03-23 10:32:23,468 [INFO] WebApp:221 - Starting web application
2025-03-23 10:32:23,468 [INFO] WebApp:579 - Web application path used D:\ST\STM32CubeIDE_1.17.0\STM32CubeIDE\plugins\com.st.stm32cube.common.mx_6.13.0.202411220809\db\plugins\mcufinder\reactClient1\index.html
2025-03-23 10:32:23,774 [INFO] LogOutputStream:77 - [STDOUT_REDIRECT] 1 : Invalid condition id : UX_CORESTACK_Condition cause : null
2025-03-23 10:32:23,778 [INFO] LogOutputStream:77 - [STDOUT_REDIRECT] 1 : Invalid condition id : UX_CORESTACK_Condition cause : null
2025-03-23 10:32:23,779 [INFO] LogOutputStream:77 - [STDOUT_REDIRECT] 1 : Invalid condition id : UX_CORESTACK_Condition cause : null
2025-03-23 10:32:23,783 [INFO] LogOutputStream:77 - [STDOUT_REDIRECT] 1 : Invalid condition id : UX_CORESTACK_Condition cause : null
2025-03-23 10:32:23,785 [INFO] LogOutputStream:77 - [STDOUT_REDIRECT] 1 : Invalid condition id : UX_CORESTACK_Condition cause : null
2025-03-23 10:32:23,793 [WARN] PackLoader:240 - Cannot read IP mode file for STMicroelectronics.X-CUBE-AZRTOS-WL.2.0.0
2025-03-23 10:32:23,835 [WARN] PackLoader:240 - Cannot read IP mode file for STMicroelectronics.FP-SNS-MOTENV1.5.0.0
2025-03-23 10:32:23,866 [WARN] PackLoader:240 - Cannot read IP mode file for wolfSSL.I-CUBE-wolfMQTT.1.19.0
2025-03-23 10:32:23,882 [INFO] UserAuth:486 - Internet connection configuration mode: 1
2025-03-23 10:32:23,904 [WARN] PackLoader:240 - Cannot read IP mode file for WES.I-CUBE-Cesium.1.3.0
2025-03-23 10:32:23,934 [WARN] PackLoader:240 - Cannot read IP mode file for STMicroelectronics.X-CUBE-BLE2.3.3.0
2025-03-23 10:32:23,965 [WARN] PackLoader:240 - Cannot read IP mode file for STMicroelectronics.X-CUBE-NFC9.1.0.0
2025-03-23 10:32:23,997 [WARN] PackLoader:240 - Cannot read IP mode file for STMicroelectronics.X-CUBE-BLE1.7.1.0
2025-03-23 10:32:24,027 [WARN] PackLoader:240 - Cannot read IP mode file for wolfSSL.I-CUBE-wolfMQTT.1.19.2
2025-03-23 10:32:24,216 [ERROR] LogOutputStream:75 - [STDERR_REDIRECT] [Fatal Error] :1:1: Premature end of file.
2025-03-23 10:32:24,217 [ERROR] LogOutputStream:75 - [STDERR_REDIRECT] 
2025-03-23 10:32:24,279 [WARN] PackLoader:240 - Cannot read IP mode file for STMicroelectronics.X-CUBE-AZRTOS-G0.1.1.0
2025-03-23 10:32:24,317 [WARN] PackLoader:240 - Cannot read IP mode file for STMicroelectronics.X-CUBE-SAFEA1.1.2.2
2025-03-23 10:32:24,349 [WARN] PackLoader:240 - Cannot read IP mode file for STMicroelectronics.X-CUBE-NFC4.3.0.0
2025-03-23 10:32:24,383 [WARN] PackLoader:240 - Cannot read IP mode file for EmbeddedOffice.I-CUBE-FS-RTOS.1.0.1
2025-03-23 10:32:24,408 [WARN] PackLoader:240 - Cannot read IP mode file for wolfSSL.I-CUBE-wolfTPM.3.8.0
2025-03-23 10:32:24,438 [WARN] PackLoader:240 - Cannot read IP mode file for STMicroelectronics.X-CUBE-TCPP.4.2.0
2025-03-23 10:32:24,466 [WARN] PackLoader:240 - Cannot read IP mode file for RealThread.X-CUBE-RT-Thread_Nano.4.1.1
2025-03-23 10:32:24,490 [WARN] PackLoader:240 - Cannot read IP mode file for STMicroelectronics.FP-ATR-SIGFOX1.3.2.0
2025-03-23 10:32:24,512 [WARN] ConditionMgr:438 - getConditionDescription Invalid condition id : Cortex-A Device cause : null
2025-03-23 10:32:24,541 [WARN] ConditionMgr:1044 - genDependencies : Invalid condition id : Cortex-A Device cause : null
2025-03-23 10:32:24,541 [WARN] ConditionMgr:1044 - genDependencies : Invalid condition id : Cortex-A Device cause : null
2025-03-23 10:32:24,541 [WARN] ConditionMgr:1044 - genDependencies : Invalid condition id : Cortex-A Device cause : null
2025-03-23 10:32:24,563 [WARN] PackLoader:240 - Cannot read IP mode file for STMicroelectronics.X-CUBE-EEPRMA1.5.1.0
2025-03-23 10:32:24,598 [WARN] PackLoader:240 - Cannot read IP mode file for wolfSSL.I-CUBE-wolfSSL.5.7.4
2025-03-23 10:32:24,621 [WARN] PackLoader:240 - Cannot read IP mode file for wolfSSL.I-CUBE-wolfSSL.5.7.6
2025-03-23 10:32:24,646 [WARN] PackLoader:240 - Cannot read IP mode file for ITTIA_DB.I-CUBE-ITTIADB.8.9.0
2025-03-23 10:32:24,689 [WARN] PackLoader:240 - Cannot read IP mode file for SEGGER.I-CUBE-embOS.1.3.1
2025-03-23 10:32:24,739 [WARN] PackLoader:240 - Cannot read IP mode file for STMicroelectronics.X-CUBE-ALGOBUILD.1.4.0
2025-03-23 10:32:24,760 [WARN] PackLoader:240 - Cannot read IP mode file for STMicroelectronics.X-CUBE-AI.9.1.0
2025-03-23 10:32:24,805 [WARN] PackLoader:240 - Cannot read IP mode file for STMicroelectronics.X-CUBE-AZRTOS-F4.1.1.0
2025-03-23 10:32:24,833 [WARN] PackLoader:240 - Cannot read IP mode file for STMicroelectronics.X-CUBE-ISPU.2.1.0
2025-03-23 10:32:24,881 [WARN] PackLoader:240 - Cannot read IP mode file for STMicroelectronics.X-CUBE-AZRTOS-L5.2.0.0
2025-03-23 10:32:24,909 [WARN] PackLoader:240 - Cannot read IP mode file for STMicroelectronics.X-CUBE-NFC6.3.1.0
2025-03-23 10:32:24,936 [WARN] PackLoader:240 - Cannot read IP mode file for STMicroelectronics.X-CUBE-DPower.1.2.0
2025-03-23 10:32:24,960 [WARN] PackLoader:240 - Cannot read IP mode file for STMicroelectronics.X-CUBE-FREERTOS.1.3.0
2025-03-23 10:32:24,987 [WARN] PackLoader:240 - Cannot read IP mode file for STMicroelectronics.X-CUBE-NFC7.1.0.1
2025-03-23 10:32:25,008 [ERROR] LogOutputStream:75 - [STDERR_REDIRECT] [Fatal Error] :1:1: Premature end of file.
2025-03-23 10:32:25,008 [ERROR] LogOutputStream:75 - [STDERR_REDIRECT] 
2025-03-23 10:32:25,032 [WARN] ConditionMgr:438 - getConditionDescription Invalid condition id : LAN8742 Phy interface Condition cause : null
2025-03-23 10:32:25,034 [WARN] PackLoader:240 - Cannot read IP mode file for STMicroelectronics.X-CUBE-AZRTOS-L4.2.0.0
2025-03-23 10:32:25,035 [WARN] ConditionMgr:1044 - genDependencies : Invalid condition id : LAN8742 Phy interface Condition cause : null
2025-03-23 10:32:25,035 [WARN] ConditionMgr:1044 - genDependencies : Invalid condition id : LAN8742 Phy interface Condition cause : null
2025-03-23 10:32:25,035 [WARN] ConditionMgr:1044 - genDependencies : Invalid condition id : LAN8742 Phy interface Condition cause : null
2025-03-23 10:32:25,060 [WARN] PackLoader:240 - Cannot read IP mode file for STMicroelectronics.X-CUBE-SFXS2LP1.4.0.0
2025-03-23 10:32:25,109 [WARN] PackLoader:240 - Cannot read IP mode file for STMicroelectronics.X-CUBE-AZRTOS-H7.3.3.0
2025-03-23 10:32:25,136 [WARN] PackLoader:240 - Cannot read IP mode file for STMicroelectronics.X-CUBE-IPS.3.0.0
2025-03-23 10:32:25,174 [WARN] ConditionMgr:438 - getConditionDescription Invalid condition id : UX DEVICE CLASS RTOS Condition cause : null
2025-03-23 10:32:25,174 [WARN] ConditionMgr:438 - getConditionDescription Invalid condition id : UX DEVICE CLASS RTOS Condition cause : null
2025-03-23 10:32:25,175 [WARN] PackLoader:240 - Cannot read IP mode file for STMicroelectronics.X-CUBE-AZRTOS-WB.2.0.0
2025-03-23 10:32:25,176 [WARN] ConditionMgr:1044 - genDependencies : Invalid condition id : UX DEVICE CLASS RTOS Condition cause : null
2025-03-23 10:32:25,176 [WARN] ConditionMgr:1044 - genDependencies : Invalid condition id : UX DEVICE CLASS RTOS Condition cause : null
2025-03-23 10:32:25,176 [WARN] ConditionMgr:1044 - genDependencies : Invalid condition id : UX DEVICE CLASS RTOS Condition cause : null
2025-03-23 10:32:25,176 [WARN] ConditionMgr:1044 - genDependencies : Invalid condition id : UX DEVICE CLASS RTOS Condition cause : null
2025-03-23 10:32:25,176 [WARN] ConditionMgr:1044 - genDependencies : Invalid condition id : UX DEVICE CLASS RTOS Condition cause : null
2025-03-23 10:32:25,199 [WARN] PackLoader:240 - Cannot read IP mode file for STMicroelectronics.X-CUBE-GNSS1.7.0.1
2025-03-23 10:32:25,221 [WARN] PackLoader:240 - Cannot read IP mode file for STMicroelectronics.X-CUBE-TOUCHGFX.4.25.0
2025-03-23 10:32:25,242 [WARN] PackLoader:240 - Cannot read IP mode file for STMicroelectronics.FP-SNS-STBOX1.2.0.0
2025-03-23 10:32:25,275 [WARN] PackLoader:240 - Cannot read IP mode file for STMicroelectronics.X-CUBE-SUBG2.5.0.0
2025-03-23 10:32:25,323 [WARN] PackLoader:240 - Cannot read IP mode file for STMicroelectronics.X-CUBE-AZRTOS-H7RS.1.1.0
2025-03-23 10:32:25,347 [WARN] PackLoader:240 - Cannot read IP mode file for Cesanta.I-CUBE-Mongoose.7.13.0
2025-03-23 10:32:25,378 [WARN] PackLoader:240 - Cannot read IP mode file for STMicroelectronics.X-CUBE-AZRTOS-G4.2.0.0
2025-03-23 10:32:25,399 [WARN] PackLoader:240 - Cannot read IP mode file for wolfSSL.I-CUBE-wolfSSH.1.4.20
2025-03-23 10:32:25,426 [WARN] PackLoader:240 - Cannot read IP mode file for STMicroelectronics.X-CUBE-IPS.3.1.0
2025-03-23 10:32:25,449 [WARN] PackLoader:240 - Cannot read IP mode file for STMicroelectronics.X-CUBE-ALS.1.0.2
2025-03-23 10:32:25,468 [WARN] PackLoader:240 - Cannot read IP mode file for STMicroelectronics.X-CUBE-TOUCHGFX.4.24.2
2025-03-23 10:32:25,488 [WARN] PackLoader:240 - Cannot read IP mode file for STMicroelectronics.X-CUBE-TOUCHGFX.4.24.1
2025-03-23 10:32:25,506 [WARN] PackLoader:240 - Cannot read IP mode file for wolfSSL.I-CUBE-wolfTPM.3.4.0
2025-03-23 10:32:25,528 [WARN] PackLoader:240 - Cannot read IP mode file for portGmbH.I-Cube-SoM-uGOAL.1.1.0
2025-03-23 10:32:25,568 [WARN] PackLoader:240 - Cannot read IP mode file for STMicroelectronics.X-CUBE-AZRTOS-H7RS.1.0.0
2025-03-23 10:32:25,599 [WARN] PackLoader:240 - Cannot read IP mode file for STMicroelectronics.X-CUBE-TOF1.3.4.2
2025-03-23 10:32:25,624 [WARN] PackLoader:240 - Cannot read IP mode file for wolfSSL.I-CUBE-wolfSSH.1.4.17
2025-03-23 10:32:25,624 [INFO] ThirdParty:978 - Integrity check success = true
2025-03-23 10:32:25,625 [INFO] IntegrityCheckThread:100 - exiting critical section [integrity check]
2025-03-23 10:32:25,625 [INFO] IntegrityCheckThread:103 - End integrity checks thread
2025-03-23 10:32:25,996 [ERROR] LogOutputStream:75 - [STDERR_REDIRECT] [Fatal Error] :1:1: Premature end of file.
2025-03-23 10:32:25,996 [ERROR] LogOutputStream:75 - [STDERR_REDIRECT] 
2025-03-23 10:32:26,993 [ERROR] LogOutputStream:75 - [STDERR_REDIRECT] [Fatal Error] :1:1: Premature end of file.
2025-03-23 10:32:26,993 [ERROR] LogOutputStream:75 - [STDERR_REDIRECT] 
2025-03-23 10:32:27,993 [ERROR] LogOutputStream:75 - [STDERR_REDIRECT] [Fatal Error] :1:1: Premature end of file.
2025-03-23 10:32:27,993 [ERROR] LogOutputStream:75 - [STDERR_REDIRECT] 
2025-03-23 10:32:29,001 [ERROR] LogOutputStream:75 - [STDERR_REDIRECT] [Fatal Error] :1:1: Premature end of file.
2025-03-23 10:32:29,001 [ERROR] LogOutputStream:75 - [STDERR_REDIRECT] 
2025-03-23 10:32:30,008 [ERROR] LogOutputStream:75 - [STDERR_REDIRECT] [Fatal Error] :1:1: Premature end of file.
2025-03-23 10:32:30,008 [ERROR] LogOutputStream:75 - [STDERR_REDIRECT] 
2025-03-23 10:32:31,008 [ERROR] LogOutputStream:75 - [STDERR_REDIRECT] [Fatal Error] :1:1: Premature end of file.
2025-03-23 10:32:31,008 [ERROR] LogOutputStream:75 - [STDERR_REDIRECT] 
2025-03-23 10:32:32,000 [ERROR] LogOutputStream:75 - [STDERR_REDIRECT] [Fatal Error] :1:1: Premature end of file.
2025-03-23 10:32:32,000 [ERROR] LogOutputStream:75 - [STDERR_REDIRECT] 
2025-03-23 10:32:32,997 [ERROR] LogOutputStream:75 - [STDERR_REDIRECT] [Fatal Error] :1:1: Premature end of file.
2025-03-23 10:32:32,998 [ERROR] LogOutputStream:75 - [STDERR_REDIRECT] 
2025-03-23 10:32:34,007 [ERROR] LogOutputStream:75 - [STDERR_REDIRECT] [Fatal Error] :1:1: Premature end of file.
2025-03-23 10:32:34,007 [ERROR] LogOutputStream:75 - [STDERR_REDIRECT] 
2025-03-23 10:32:35,010 [ERROR] LogOutputStream:75 - [STDERR_REDIRECT] [Fatal Error] :1:1: Premature end of file.
2025-03-23 10:32:35,011 [ERROR] LogOutputStream:75 - [STDERR_REDIRECT] 
2025-03-23 10:32:35,998 [ERROR] LogOutputStream:75 - [STDERR_REDIRECT] [Fatal Error] :1:1: Premature end of file.
2025-03-23 10:32:35,999 [ERROR] LogOutputStream:75 - [STDERR_REDIRECT] 
2025-03-23 10:32:37,004 [ERROR] LogOutputStream:75 - [STDERR_REDIRECT] [Fatal Error] :1:1: Premature end of file.
2025-03-23 10:32:37,004 [ERROR] LogOutputStream:75 - [STDERR_REDIRECT] 
2025-03-23 10:32:38,006 [ERROR] LogOutputStream:75 - [STDERR_REDIRECT] [Fatal Error] :1:1: Premature end of file.
2025-03-23 10:32:38,006 [ERROR] LogOutputStream:75 - [STDERR_REDIRECT] 
2025-03-23 10:32:39,000 [ERROR] LogOutputStream:75 - [STDERR_REDIRECT] [Fatal Error] :1:1: Premature end of file.
2025-03-23 10:32:39,000 [ERROR] LogOutputStream:75 - [STDERR_REDIRECT] 
2025-03-23 10:32:40,000 [ERROR] LogOutputStream:75 - [STDERR_REDIRECT] [Fatal Error] :1:1: Premature end of file.
2025-03-23 10:32:40,001 [ERROR] LogOutputStream:75 - [STDERR_REDIRECT] 
2025-03-23 10:32:41,000 [ERROR] LogOutputStream:75 - [STDERR_REDIRECT] [Fatal Error] :1:1: Premature end of file.
2025-03-23 10:32:41,002 [ERROR] LogOutputStream:75 - [STDERR_REDIRECT] 
2025-03-23 10:32:41,999 [ERROR] LogOutputStream:75 - [STDERR_REDIRECT] [Fatal Error] :1:1: Premature end of file.
2025-03-23 10:32:41,999 [ERROR] LogOutputStream:75 - [STDERR_REDIRECT] 
2025-03-23 10:32:43,000 [ERROR] LogOutputStream:75 - [STDERR_REDIRECT] [Fatal Error] :1:1: Premature end of file.
2025-03-23 10:32:43,000 [ERROR] LogOutputStream:75 - [STDERR_REDIRECT] 
2025-03-23 10:32:44,015 [ERROR] LogOutputStream:75 - [STDERR_REDIRECT] [Fatal Error] :1:1: Premature end of file.
2025-03-23 10:32:44,016 [ERROR] LogOutputStream:75 - [STDERR_REDIRECT] 
2025-03-23 10:32:44,999 [ERROR] LogOutputStream:75 - [STDERR_REDIRECT] [Fatal Error] :1:1: Premature end of file.
2025-03-23 10:32:45,000 [ERROR] LogOutputStream:75 - [STDERR_REDIRECT] 
2025-03-23 10:32:45,998 [ERROR] LogOutputStream:75 - [STDERR_REDIRECT] [Fatal Error] :1:1: Premature end of file.
2025-03-23 10:32:45,999 [ERROR] LogOutputStream:75 - [STDERR_REDIRECT] 
2025-03-23 10:32:47,000 [ERROR] LogOutputStream:75 - [STDERR_REDIRECT] [Fatal Error] :1:1: Premature end of file.
2025-03-23 10:32:47,000 [ERROR] LogOutputStream:75 - [STDERR_REDIRECT] 
2025-03-23 10:32:48,000 [ERROR] LogOutputStream:75 - [STDERR_REDIRECT] [Fatal Error] :1:1: Premature end of file.
2025-03-23 10:32:48,000 [ERROR] LogOutputStream:75 - [STDERR_REDIRECT] 
2025-03-23 10:32:49,000 [ERROR] LogOutputStream:75 - [STDERR_REDIRECT] [Fatal Error] :1:1: Premature end of file.
2025-03-23 10:32:49,002 [ERROR] LogOutputStream:75 - [STDERR_REDIRECT] 
2025-03-23 10:32:50,004 [ERROR] LogOutputStream:75 - [STDERR_REDIRECT] [Fatal Error] :1:1: Premature end of file.
2025-03-23 10:32:50,005 [ERROR] LogOutputStream:75 - [STDERR_REDIRECT] 
2025-03-23 10:32:51,003 [ERROR] LogOutputStream:75 - [STDERR_REDIRECT] [Fatal Error] :1:1: Premature end of file.
2025-03-23 10:32:51,003 [ERROR] LogOutputStream:75 - [STDERR_REDIRECT] 
2025-03-23 10:32:52,004 [ERROR] LogOutputStream:75 - [STDERR_REDIRECT] [Fatal Error] :1:1: Premature end of file.
2025-03-23 10:32:52,005 [ERROR] LogOutputStream:75 - [STDERR_REDIRECT] 
2025-03-23 10:32:53,001 [ERROR] LogOutputStream:75 - [STDERR_REDIRECT] [Fatal Error] :1:1: Premature end of file.
2025-03-23 10:32:53,003 [ERROR] LogOutputStream:75 - [STDERR_REDIRECT] 
2025-03-23 10:32:54,000 [ERROR] LogOutputStream:75 - [STDERR_REDIRECT] [Fatal Error] :1:1: Premature end of file.
2025-03-23 10:32:54,001 [ERROR] LogOutputStream:75 - [STDERR_REDIRECT] 
2025-03-23 10:32:55,001 [ERROR] LogOutputStream:75 - [STDERR_REDIRECT] [Fatal Error] :1:1: Premature end of file.
2025-03-23 10:32:55,001 [ERROR] LogOutputStream:75 - [STDERR_REDIRECT] 
2025-03-23 10:32:55,993 [ERROR] LogOutputStream:75 - [STDERR_REDIRECT] [Fatal Error] :1:1: Premature end of file.
2025-03-23 10:32:55,993 [ERROR] LogOutputStream:75 - [STDERR_REDIRECT] 
2025-03-23 10:32:56,996 [ERROR] LogOutputStream:75 - [STDERR_REDIRECT] [Fatal Error] :1:1: Premature end of file.
2025-03-23 10:32:56,996 [ERROR] LogOutputStream:75 - [STDERR_REDIRECT] 
2025-03-23 10:32:57,997 [ERROR] LogOutputStream:75 - [STDERR_REDIRECT] [Fatal Error] :1:1: Premature end of file.
2025-03-23 10:32:57,997 [ERROR] LogOutputStream:75 - [STDERR_REDIRECT] 
2025-03-23 10:32:58,991 [ERROR] LogOutputStream:75 - [STDERR_REDIRECT] [Fatal Error] :1:1: Premature end of file.
2025-03-23 10:32:58,991 [ERROR] LogOutputStream:75 - [STDERR_REDIRECT] 
2025-03-23 10:33:00,005 [ERROR] LogOutputStream:75 - [STDERR_REDIRECT] [Fatal Error] :1:1: Premature end of file.
2025-03-23 10:33:00,006 [ERROR] LogOutputStream:75 - [STDERR_REDIRECT] 
2025-03-23 10:33:00,994 [ERROR] LogOutputStream:75 - [STDERR_REDIRECT] [Fatal Error] :1:1: Premature end of file.
2025-03-23 10:33:00,994 [ERROR] LogOutputStream:75 - [STDERR_REDIRECT] 
2025-03-23 10:33:01,995 [ERROR] LogOutputStream:75 - [STDERR_REDIRECT] [Fatal Error] :1:1: Premature end of file.
2025-03-23 10:33:01,995 [ERROR] LogOutputStream:75 - [STDERR_REDIRECT] 
2025-03-23 10:33:02,995 [ERROR] LogOutputStream:75 - [STDERR_REDIRECT] [Fatal Error] :1:1: Premature end of file.
2025-03-23 10:33:02,995 [ERROR] LogOutputStream:75 - [STDERR_REDIRECT] 
2025-03-23 10:33:03,994 [ERROR] LogOutputStream:75 - [STDERR_REDIRECT] [Fatal Error] :1:1: Premature end of file.
2025-03-23 10:33:03,995 [ERROR] LogOutputStream:75 - [STDERR_REDIRECT] 
2025-03-23 10:33:05,036 [ERROR] LogOutputStream:75 - [STDERR_REDIRECT] [Fatal Error] :1:1: Premature end of file.
2025-03-23 10:33:05,036 [ERROR] LogOutputStream:75 - [STDERR_REDIRECT] 
2025-03-23 10:33:05,992 [ERROR] LogOutputStream:75 - [STDERR_REDIRECT] [Fatal Error] :1:1: Premature end of file.
2025-03-23 10:33:05,992 [ERROR] LogOutputStream:75 - [STDERR_REDIRECT] 
2025-03-23 10:33:06,996 [ERROR] LogOutputStream:75 - [STDERR_REDIRECT] [Fatal Error] :1:1: Premature end of file.
2025-03-23 10:33:06,996 [ERROR] LogOutputStream:75 - [STDERR_REDIRECT] 
2025-03-23 10:33:08,005 [ERROR] LogOutputStream:75 - [STDERR_REDIRECT] [Fatal Error] :1:1: Premature end of file.
2025-03-23 10:33:08,005 [ERROR] LogOutputStream:75 - [STDERR_REDIRECT] 
2025-03-23 10:33:08,992 [ERROR] LogOutputStream:75 - [STDERR_REDIRECT] [Fatal Error] :1:1: Premature end of file.
2025-03-23 10:33:08,992 [ERROR] LogOutputStream:75 - [STDERR_REDIRECT] 
2025-03-23 10:33:09,997 [ERROR] LogOutputStream:75 - [STDERR_REDIRECT] [Fatal Error] :1:1: Premature end of file.
2025-03-23 10:33:09,997 [ERROR] LogOutputStream:75 - [STDERR_REDIRECT] 
2025-03-23 10:33:11,001 [ERROR] LogOutputStream:75 - [STDERR_REDIRECT] [Fatal Error] :1:1: Premature end of file.
2025-03-23 10:33:11,001 [ERROR] LogOutputStream:75 - [STDERR_REDIRECT] 
2025-03-23 10:33:12,024 [ERROR] LogOutputStream:75 - [STDERR_REDIRECT] [Fatal Error] :1:1: Premature end of file.
2025-03-23 10:33:12,024 [ERROR] LogOutputStream:75 - [STDERR_REDIRECT] 
2025-03-23 10:33:13,001 [ERROR] LogOutputStream:75 - [STDERR_REDIRECT] [Fatal Error] :1:1: Premature end of file.
2025-03-23 10:33:13,002 [ERROR] LogOutputStream:75 - [STDERR_REDIRECT] 
2025-03-23 10:33:13,999 [ERROR] LogOutputStream:75 - [STDERR_REDIRECT] [Fatal Error] :1:1: Premature end of file.
2025-03-23 10:33:13,999 [ERROR] LogOutputStream:75 - [STDERR_REDIRECT] 
2025-03-23 10:33:15,000 [ERROR] LogOutputStream:75 - [STDERR_REDIRECT] [Fatal Error] :1:1: Premature end of file.
2025-03-23 10:33:15,000 [ERROR] LogOutputStream:75 - [STDERR_REDIRECT] 
2025-03-23 10:33:16,004 [ERROR] LogOutputStream:75 - [STDERR_REDIRECT] [Fatal Error] :1:1: Premature end of file.
2025-03-23 10:33:16,004 [ERROR] LogOutputStream:75 - [STDERR_REDIRECT] 
2025-03-23 10:33:16,998 [ERROR] LogOutputStream:75 - [STDERR_REDIRECT] [Fatal Error] :1:1: Premature end of file.
2025-03-23 10:33:16,999 [ERROR] LogOutputStream:75 - [STDERR_REDIRECT] 
2025-03-23 10:33:18,001 [ERROR] LogOutputStream:75 - [STDERR_REDIRECT] [Fatal Error] :1:1: Premature end of file.
2025-03-23 10:33:18,001 [ERROR] LogOutputStream:75 - [STDERR_REDIRECT] 
2025-03-23 10:33:19,001 [ERROR] LogOutputStream:75 - [STDERR_REDIRECT] [Fatal Error] :1:1: Premature end of file.
2025-03-23 10:33:19,001 [ERROR] LogOutputStream:75 - [STDERR_REDIRECT] 
2025-03-23 10:33:20,000 [ERROR] LogOutputStream:75 - [STDERR_REDIRECT] [Fatal Error] :1:1: Premature end of file.
2025-03-23 10:33:20,001 [ERROR] LogOutputStream:75 - [STDERR_REDIRECT] 
2025-03-23 10:33:21,001 [ERROR] LogOutputStream:75 - [STDERR_REDIRECT] [Fatal Error] :1:1: Premature end of file.
2025-03-23 10:33:21,001 [ERROR] LogOutputStream:75 - [STDERR_REDIRECT] 
2025-03-23 10:33:21,999 [ERROR] LogOutputStream:75 - [STDERR_REDIRECT] [Fatal Error] :1:1: Premature end of file.
2025-03-23 10:33:22,003 [ERROR] LogOutputStream:75 - [STDERR_REDIRECT] 
2025-03-23 10:33:22,999 [ERROR] LogOutputStream:75 - [STDERR_REDIRECT] [Fatal Error] :1:1: Premature end of file.
2025-03-23 10:33:22,999 [ERROR] LogOutputStream:75 - [STDERR_REDIRECT] 
2025-03-23 10:33:24,001 [ERROR] LogOutputStream:75 - [STDERR_REDIRECT] [Fatal Error] :1:1: Premature end of file.
2025-03-23 10:33:24,001 [ERROR] LogOutputStream:75 - [STDERR_REDIRECT] 
2025-03-23 10:33:25,005 [ERROR] LogOutputStream:75 - [STDERR_REDIRECT] [Fatal Error] :1:1: Premature end of file.
2025-03-23 10:33:25,005 [ERROR] LogOutputStream:75 - [STDERR_REDIRECT] 
2025-03-23 10:33:26,000 [ERROR] LogOutputStream:75 - [STDERR_REDIRECT] [Fatal Error] :1:1: Premature end of file.
2025-03-23 10:33:26,000 [ERROR] LogOutputStream:75 - [STDERR_REDIRECT] 
2025-03-23 10:33:27,012 [ERROR] LogOutputStream:75 - [STDERR_REDIRECT] [Fatal Error] :1:1: Premature end of file.
2025-03-23 10:33:27,013 [ERROR] LogOutputStream:75 - [STDERR_REDIRECT] 
2025-03-23 10:33:28,001 [ERROR] LogOutputStream:75 - [STDERR_REDIRECT] [Fatal Error] :1:1: Premature end of file.
2025-03-23 10:33:28,001 [ERROR] LogOutputStream:75 - [STDERR_REDIRECT] 
2025-03-23 10:33:29,003 [ERROR] LogOutputStream:75 - [STDERR_REDIRECT] [Fatal Error] :1:1: Premature end of file.
2025-03-23 10:33:29,003 [ERROR] LogOutputStream:75 - [STDERR_REDIRECT] 
2025-03-23 10:33:30,000 [ERROR] LogOutputStream:75 - [STDERR_REDIRECT] [Fatal Error] :1:1: Premature end of file.
2025-03-23 10:33:30,001 [ERROR] LogOutputStream:75 - [STDERR_REDIRECT] 
2025-03-23 10:33:31,014 [ERROR] LogOutputStream:75 - [STDERR_REDIRECT] [Fatal Error] :1:1: Premature end of file.
2025-03-23 10:33:31,015 [ERROR] LogOutputStream:75 - [STDERR_REDIRECT] 
2025-03-23 10:33:31,998 [ERROR] LogOutputStream:75 - [STDERR_REDIRECT] [Fatal Error] :1:1: Premature end of file.
2025-03-23 10:33:31,998 [ERROR] LogOutputStream:75 - [STDERR_REDIRECT] 
2025-03-23 10:33:33,000 [ERROR] LogOutputStream:75 - [STDERR_REDIRECT] [Fatal Error] :1:1: Premature end of file.
2025-03-23 10:33:33,001 [ERROR] LogOutputStream:75 - [STDERR_REDIRECT] 
2025-03-23 10:33:34,008 [ERROR] LogOutputStream:75 - [STDERR_REDIRECT] [Fatal Error] :1:1: Premature end of file.
2025-03-23 10:33:34,008 [ERROR] LogOutputStream:75 - [STDERR_REDIRECT] 
2025-03-23 10:33:35,002 [ERROR] LogOutputStream:75 - [STDERR_REDIRECT] [Fatal Error] :1:1: Premature end of file.
2025-03-23 10:33:35,002 [ERROR] LogOutputStream:75 - [STDERR_REDIRECT] 
2025-03-23 10:33:35,996 [ERROR] LogOutputStream:75 - [STDERR_REDIRECT] [Fatal Error] :1:1: Premature end of file.
2025-03-23 10:33:35,996 [ERROR] LogOutputStream:75 - [STDERR_REDIRECT] 
2025-03-23 10:33:36,999 [ERROR] LogOutputStream:75 - [STDERR_REDIRECT] [Fatal Error] :1:1: Premature end of file.
2025-03-23 10:33:36,999 [ERROR] LogOutputStream:75 - [STDERR_REDIRECT] 
2025-03-23 10:33:38,002 [ERROR] LogOutputStream:75 - [STDERR_REDIRECT] [Fatal Error] :1:1: Premature end of file.
2025-03-23 10:33:38,002 [ERROR] LogOutputStream:75 - [STDERR_REDIRECT] 
2025-03-23 10:33:39,004 [ERROR] LogOutputStream:75 - [STDERR_REDIRECT] [Fatal Error] :1:1: Premature end of file.
2025-03-23 10:33:39,004 [ERROR] LogOutputStream:75 - [STDERR_REDIRECT] 
2025-03-23 10:33:40,003 [ERROR] LogOutputStream:75 - [STDERR_REDIRECT] [Fatal Error] :1:1: Premature end of file.
2025-03-23 10:33:40,003 [ERROR] LogOutputStream:75 - [STDERR_REDIRECT] 
2025-03-23 10:33:41,002 [ERROR] LogOutputStream:75 - [STDERR_REDIRECT] [Fatal Error] :1:1: Premature end of file.
2025-03-23 10:33:41,002 [ERROR] LogOutputStream:75 - [STDERR_REDIRECT] 
2025-03-23 10:33:42,009 [ERROR] LogOutputStream:75 - [STDERR_REDIRECT] [Fatal Error] :1:1: Premature end of file.
2025-03-23 10:33:42,009 [ERROR] LogOutputStream:75 - [STDERR_REDIRECT] 
2025-03-23 10:33:43,002 [ERROR] LogOutputStream:75 - [STDERR_REDIRECT] [Fatal Error] :1:1: Premature end of file.
2025-03-23 10:33:43,007 [ERROR] LogOutputStream:75 - [STDERR_REDIRECT] 
2025-03-23 10:33:44,002 [ERROR] LogOutputStream:75 - [STDERR_REDIRECT] [Fatal Error] :1:1: Premature end of file.
2025-03-23 10:33:44,002 [ERROR] LogOutputStream:75 - [STDERR_REDIRECT] 
2025-03-23 10:33:45,010 [ERROR] LogOutputStream:75 - [STDERR_REDIRECT] [Fatal Error] :1:1: Premature end of file.
2025-03-23 10:33:45,010 [ERROR] LogOutputStream:75 - [STDERR_REDIRECT] 
2025-03-23 10:33:46,003 [ERROR] LogOutputStream:75 - [STDERR_REDIRECT] [Fatal Error] :1:1: Premature end of file.
2025-03-23 10:33:46,003 [ERROR] LogOutputStream:75 - [STDERR_REDIRECT] 
2025-03-23 10:33:47,006 [ERROR] LogOutputStream:75 - [STDERR_REDIRECT] [Fatal Error] :1:1: Premature end of file.
2025-03-23 10:33:47,010 [ERROR] LogOutputStream:75 - [STDERR_REDIRECT] 
2025-03-23 10:33:48,009 [ERROR] LogOutputStream:75 - [STDERR_REDIRECT] [Fatal Error] :1:1: Premature end of file.
2025-03-23 10:33:48,009 [ERROR] LogOutputStream:75 - [STDERR_REDIRECT] 
2025-03-23 10:33:49,018 [ERROR] LogOutputStream:75 - [STDERR_REDIRECT] [Fatal Error] :1:1: Premature end of file.
2025-03-23 10:33:49,018 [ERROR] LogOutputStream:75 - [STDERR_REDIRECT] 
2025-03-23 10:33:50,008 [ERROR] LogOutputStream:75 - [STDERR_REDIRECT] [Fatal Error] :1:1: Premature end of file.
2025-03-23 10:33:50,008 [ERROR] LogOutputStream:75 - [STDERR_REDIRECT] 
2025-03-23 10:33:51,063 [ERROR] LogOutputStream:75 - [STDERR_REDIRECT] [Fatal Error] :1:1: Premature end of file.
2025-03-23 10:33:51,064 [ERROR] LogOutputStream:75 - [STDERR_REDIRECT] 
2025-03-23 10:33:52,000 [ERROR] LogOutputStream:75 - [STDERR_REDIRECT] [Fatal Error] :1:1: Premature end of file.
2025-03-23 10:33:52,000 [ERROR] LogOutputStream:75 - [STDERR_REDIRECT] 
2025-03-23 10:33:52,998 [ERROR] LogOutputStream:75 - [STDERR_REDIRECT] [Fatal Error] :1:1: Premature end of file.
2025-03-23 10:33:52,999 [ERROR] LogOutputStream:75 - [STDERR_REDIRECT] 
2025-03-23 10:33:54,001 [ERROR] LogOutputStream:75 - [STDERR_REDIRECT] [Fatal Error] :1:1: Premature end of file.
2025-03-23 10:33:54,002 [ERROR] LogOutputStream:75 - [STDERR_REDIRECT] 
2025-03-23 10:33:55,002 [ERROR] LogOutputStream:75 - [STDERR_REDIRECT] [Fatal Error] :1:1: Premature end of file.
2025-03-23 10:33:55,002 [ERROR] LogOutputStream:75 - [STDERR_REDIRECT] 
2025-03-23 10:33:55,991 [ERROR] LogOutputStream:75 - [STDERR_REDIRECT] [Fatal Error] :1:1: Premature end of file.
2025-03-23 10:33:55,991 [ERROR] LogOutputStream:75 - [STDERR_REDIRECT] 
2025-03-23 10:33:56,996 [ERROR] LogOutputStream:75 - [STDERR_REDIRECT] [Fatal Error] :1:1: Premature end of file.
2025-03-23 10:33:56,996 [ERROR] LogOutputStream:75 - [STDERR_REDIRECT] 
2025-03-23 10:33:57,984 [ERROR] LogOutputStream:75 - [STDERR_REDIRECT] [Fatal Error] :1:1: Premature end of file.
2025-03-23 10:33:57,984 [ERROR] LogOutputStream:75 - [STDERR_REDIRECT] 
2025-03-23 10:33:58,992 [ERROR] LogOutputStream:75 - [STDERR_REDIRECT] [Fatal Error] :1:1: Premature end of file.
2025-03-23 10:33:58,992 [ERROR] LogOutputStream:75 - [STDERR_REDIRECT] 
2025-03-23 10:34:00,005 [ERROR] LogOutputStream:75 - [STDERR_REDIRECT] [Fatal Error] :1:1: Premature end of file.
2025-03-23 10:34:00,005 [ERROR] LogOutputStream:75 - [STDERR_REDIRECT] 
2025-03-23 10:34:00,992 [ERROR] LogOutputStream:75 - [STDERR_REDIRECT] [Fatal Error] :1:1: Premature end of file.
2025-03-23 10:34:00,992 [ERROR] LogOutputStream:75 - [STDERR_REDIRECT] 
2025-03-23 10:34:02,006 [ERROR] LogOutputStream:75 - [STDERR_REDIRECT] [Fatal Error] :1:1: Premature end of file.
2025-03-23 10:34:02,006 [ERROR] LogOutputStream:75 - [STDERR_REDIRECT] 
2025-03-23 10:34:02,994 [ERROR] LogOutputStream:75 - [STDERR_REDIRECT] [Fatal Error] :1:1: Premature end of file.
2025-03-23 10:34:02,994 [ERROR] LogOutputStream:75 - [STDERR_REDIRECT] 
2025-03-23 10:34:04,004 [ERROR] LogOutputStream:75 - [STDERR_REDIRECT] [Fatal Error] :1:1: Premature end of file.
2025-03-23 10:34:04,004 [ERROR] LogOutputStream:75 - [STDERR_REDIRECT] 
2025-03-23 10:34:05,003 [ERROR] LogOutputStream:75 - [STDERR_REDIRECT] [Fatal Error] :1:1: Premature end of file.
2025-03-23 10:34:05,003 [ERROR] LogOutputStream:75 - [STDERR_REDIRECT] 
2025-03-23 10:34:06,007 [ERROR] LogOutputStream:75 - [STDERR_REDIRECT] [Fatal Error] :1:1: Premature end of file.
2025-03-23 10:34:06,008 [ERROR] LogOutputStream:75 - [STDERR_REDIRECT] 
2025-03-23 10:34:07,001 [ERROR] LogOutputStream:75 - [STDERR_REDIRECT] [Fatal Error] :1:1: Premature end of file.
2025-03-23 10:34:07,001 [ERROR] LogOutputStream:75 - [STDERR_REDIRECT] 
2025-03-23 10:34:08,003 [ERROR] LogOutputStream:75 - [STDERR_REDIRECT] [Fatal Error] :1:1: Premature end of file.
2025-03-23 10:34:08,003 [ERROR] LogOutputStream:75 - [STDERR_REDIRECT] 
2025-03-23 10:34:09,001 [ERROR] LogOutputStream:75 - [STDERR_REDIRECT] [Fatal Error] :1:1: Premature end of file.
2025-03-23 10:34:09,001 [ERROR] LogOutputStream:75 - [STDERR_REDIRECT] 
2025-03-23 10:34:10,007 [ERROR] LogOutputStream:75 - [STDERR_REDIRECT] [Fatal Error] :1:1: Premature end of file.
2025-03-23 10:34:10,007 [ERROR] LogOutputStream:75 - [STDERR_REDIRECT] 
2025-03-23 10:34:11,005 [ERROR] LogOutputStream:75 - [STDERR_REDIRECT] [Fatal Error] :1:1: Premature end of file.
2025-03-23 10:34:11,005 [ERROR] LogOutputStream:75 - [STDERR_REDIRECT] 
2025-03-23 10:34:12,003 [ERROR] LogOutputStream:75 - [STDERR_REDIRECT] [Fatal Error] :1:1: Premature end of file.
2025-03-23 10:34:12,003 [ERROR] LogOutputStream:75 - [STDERR_REDIRECT] 
2025-03-23 10:34:13,002 [ERROR] LogOutputStream:75 - [STDERR_REDIRECT] [Fatal Error] :1:1: Premature end of file.
2025-03-23 10:34:13,002 [ERROR] LogOutputStream:75 - [STDERR_REDIRECT] 
2025-03-23 10:34:14,030 [ERROR] LogOutputStream:75 - [STDERR_REDIRECT] [Fatal Error] :1:1: Premature end of file.
2025-03-23 10:34:14,032 [ERROR] LogOutputStream:75 - [STDERR_REDIRECT] 
2025-03-23 10:34:15,009 [ERROR] LogOutputStream:75 - [STDERR_REDIRECT] [Fatal Error] :1:1: Premature end of file.
2025-03-23 10:34:15,009 [ERROR] LogOutputStream:75 - [STDERR_REDIRECT] 
2025-03-23 10:34:16,007 [ERROR] LogOutputStream:75 - [STDERR_REDIRECT] [Fatal Error] :1:1: Premature end of file.
2025-03-23 10:34:16,009 [ERROR] LogOutputStream:75 - [STDERR_REDIRECT] 
2025-03-23 10:34:17,003 [ERROR] LogOutputStream:75 - [STDERR_REDIRECT] [Fatal Error] :1:1: Premature end of file.
2025-03-23 10:34:17,003 [ERROR] LogOutputStream:75 - [STDERR_REDIRECT] 
2025-03-23 10:34:18,003 [ERROR] LogOutputStream:75 - [STDERR_REDIRECT] [Fatal Error] :1:1: Premature end of file.
2025-03-23 10:34:18,003 [ERROR] LogOutputStream:75 - [STDERR_REDIRECT] 
2025-03-23 10:34:19,004 [ERROR] LogOutputStream:75 - [STDERR_REDIRECT] [Fatal Error] :1:1: Premature end of file.
2025-03-23 10:34:19,004 [ERROR] LogOutputStream:75 - [STDERR_REDIRECT] 
2025-03-23 10:34:20,004 [ERROR] LogOutputStream:75 - [STDERR_REDIRECT] [Fatal Error] :1:1: Premature end of file.
2025-03-23 10:34:20,004 [ERROR] LogOutputStream:75 - [STDERR_REDIRECT] 
2025-03-23 10:34:21,003 [ERROR] LogOutputStream:75 - [STDERR_REDIRECT] [Fatal Error] :1:1: Premature end of file.
2025-03-23 10:34:21,003 [ERROR] LogOutputStream:75 - [STDERR_REDIRECT] 
2025-03-23 10:34:22,003 [ERROR] LogOutputStream:75 - [STDERR_REDIRECT] [Fatal Error] :1:1: Premature end of file.
2025-03-23 10:34:22,003 [ERROR] LogOutputStream:75 - [STDERR_REDIRECT] 
2025-03-23 10:34:23,003 [ERROR] LogOutputStream:75 - [STDERR_REDIRECT] [Fatal Error] :1:1: Premature end of file.
2025-03-23 10:34:23,003 [ERROR] LogOutputStream:75 - [STDERR_REDIRECT] 
2025-03-23 10:34:24,002 [ERROR] LogOutputStream:75 - [STDERR_REDIRECT] [Fatal Error] :1:1: Premature end of file.
2025-03-23 10:34:24,002 [ERROR] LogOutputStream:75 - [STDERR_REDIRECT] 
2025-03-23 10:34:25,009 [ERROR] LogOutputStream:75 - [STDERR_REDIRECT] [Fatal Error] :1:1: Premature end of file.
2025-03-23 10:34:25,009 [ERROR] LogOutputStream:75 - [STDERR_REDIRECT] 
2025-03-23 10:34:26,005 [ERROR] LogOutputStream:75 - [STDERR_REDIRECT] [Fatal Error] :1:1: Premature end of file.
2025-03-23 10:34:26,005 [ERROR] LogOutputStream:75 - [STDERR_REDIRECT] 
2025-03-23 10:34:27,006 [ERROR] LogOutputStream:75 - [STDERR_REDIRECT] [Fatal Error] :1:1: Premature end of file.
2025-03-23 10:34:27,006 [ERROR] LogOutputStream:75 - [STDERR_REDIRECT] 
2025-03-23 10:34:28,002 [ERROR] LogOutputStream:75 - [STDERR_REDIRECT] [Fatal Error] :1:1: Premature end of file.
2025-03-23 10:34:28,002 [ERROR] LogOutputStream:75 - [STDERR_REDIRECT] 
2025-03-23 10:34:29,003 [ERROR] LogOutputStream:75 - [STDERR_REDIRECT] [Fatal Error] :1:1: Premature end of file.
2025-03-23 10:34:29,005 [ERROR] LogOutputStream:75 - [STDERR_REDIRECT] 
2025-03-23 10:34:30,004 [ERROR] LogOutputStream:75 - [STDERR_REDIRECT] [Fatal Error] :1:1: Premature end of file.
2025-03-23 10:34:30,004 [ERROR] LogOutputStream:75 - [STDERR_REDIRECT] 
2025-03-23 10:34:31,005 [ERROR] LogOutputStream:75 - [STDERR_REDIRECT] [Fatal Error] :1:1: Premature end of file.
2025-03-23 10:34:31,005 [ERROR] LogOutputStream:75 - [STDERR_REDIRECT] 
2025-03-23 10:34:32,004 [ERROR] LogOutputStream:75 - [STDERR_REDIRECT] [Fatal Error] :1:1: Premature end of file.
2025-03-23 10:34:32,004 [ERROR] LogOutputStream:75 - [STDERR_REDIRECT] 
2025-03-23 10:34:32,996 [ERROR] LogOutputStream:75 - [STDERR_REDIRECT] [Fatal Error] :1:1: Premature end of file.
2025-03-23 10:34:32,996 [ERROR] LogOutputStream:75 - [STDERR_REDIRECT] 
2025-03-23 10:34:34,012 [ERROR] LogOutputStream:75 - [STDERR_REDIRECT] [Fatal Error] :1:1: Premature end of file.
2025-03-23 10:34:34,012 [ERROR] LogOutputStream:75 - [STDERR_REDIRECT] 
2025-03-23 10:34:34,995 [ERROR] LogOutputStream:75 - [STDERR_REDIRECT] [Fatal Error] :1:1: Premature end of file.
2025-03-23 10:34:35,004 [ERROR] LogOutputStream:75 - [STDERR_REDIRECT] 
2025-03-23 10:34:36,005 [ERROR] LogOutputStream:75 - [STDERR_REDIRECT] [Fatal Error] :1:1: Premature end of file.
2025-03-23 10:34:36,005 [ERROR] LogOutputStream:75 - [STDERR_REDIRECT] 
2025-03-23 10:34:37,008 [ERROR] LogOutputStream:75 - [STDERR_REDIRECT] [Fatal Error] :1:1: Premature end of file.
2025-03-23 10:34:37,008 [ERROR] LogOutputStream:75 - [STDERR_REDIRECT] 
2025-03-23 10:34:38,004 [ERROR] LogOutputStream:75 - [STDERR_REDIRECT] [Fatal Error] :1:1: Premature end of file.
2025-03-23 10:34:38,005 [ERROR] LogOutputStream:75 - [STDERR_REDIRECT] 
2025-03-23 10:34:38,997 [ERROR] LogOutputStream:75 - [STDERR_REDIRECT] [Fatal Error] :1:1: Premature end of file.
2025-03-23 10:34:38,997 [ERROR] LogOutputStream:75 - [STDERR_REDIRECT] 
2025-03-23 10:34:40,012 [ERROR] LogOutputStream:75 - [STDERR_REDIRECT] [Fatal Error] :1:1: Premature end of file.
2025-03-23 10:34:40,012 [ERROR] LogOutputStream:75 - [STDERR_REDIRECT] 
2025-03-23 10:34:41,005 [ERROR] LogOutputStream:75 - [STDERR_REDIRECT] [Fatal Error] :1:1: Premature end of file.
2025-03-23 10:34:41,005 [ERROR] LogOutputStream:75 - [STDERR_REDIRECT] 
2025-03-23 10:34:42,002 [ERROR] LogOutputStream:75 - [STDERR_REDIRECT] [Fatal Error] :1:1: Premature end of file.
2025-03-23 10:34:42,002 [ERROR] LogOutputStream:75 - [STDERR_REDIRECT] 
2025-03-23 10:34:43,003 [ERROR] LogOutputStream:75 - [STDERR_REDIRECT] [Fatal Error] :1:1: Premature end of file.
2025-03-23 10:34:43,003 [ERROR] LogOutputStream:75 - [STDERR_REDIRECT] 
2025-03-23 10:34:44,005 [ERROR] LogOutputStream:75 - [STDERR_REDIRECT] [Fatal Error] :1:1: Premature end of file.
2025-03-23 10:34:44,005 [ERROR] LogOutputStream:75 - [STDERR_REDIRECT] 
2025-03-23 10:34:45,006 [ERROR] LogOutputStream:75 - [STDERR_REDIRECT] [Fatal Error] :1:1: Premature end of file.
2025-03-23 10:34:45,006 [ERROR] LogOutputStream:75 - [STDERR_REDIRECT] 
2025-03-23 10:34:46,000 [ERROR] LogOutputStream:75 - [STDERR_REDIRECT] [Fatal Error] :1:1: Premature end of file.
2025-03-23 10:34:46,000 [ERROR] LogOutputStream:75 - [STDERR_REDIRECT] 
2025-03-23 10:34:47,008 [ERROR] LogOutputStream:75 - [STDERR_REDIRECT] [Fatal Error] :1:1: Premature end of file.
2025-03-23 10:34:47,008 [ERROR] LogOutputStream:75 - [STDERR_REDIRECT] 
2025-03-23 10:34:48,009 [ERROR] LogOutputStream:75 - [STDERR_REDIRECT] [Fatal Error] :1:1: Premature end of file.
2025-03-23 10:34:48,009 [ERROR] LogOutputStream:75 - [STDERR_REDIRECT] 
2025-03-23 10:34:49,004 [ERROR] LogOutputStream:75 - [STDERR_REDIRECT] [Fatal Error] :1:1: Premature end of file.
2025-03-23 10:34:49,004 [ERROR] LogOutputStream:75 - [STDERR_REDIRECT] 
2025-03-23 10:34:50,001 [ERROR] LogOutputStream:75 - [STDERR_REDIRECT] [Fatal Error] :1:1: Premature end of file.
2025-03-23 10:34:50,001 [ERROR] LogOutputStream:75 - [STDERR_REDIRECT] 
2025-03-23 10:34:51,002 [ERROR] LogOutputStream:75 - [STDERR_REDIRECT] [Fatal Error] :1:1: Premature end of file.
2025-03-23 10:34:51,002 [ERROR] LogOutputStream:75 - [STDERR_REDIRECT] 
2025-03-23 10:34:52,006 [ERROR] LogOutputStream:75 - [STDERR_REDIRECT] [Fatal Error] :1:1: Premature end of file.
2025-03-23 10:34:52,008 [ERROR] LogOutputStream:75 - [STDERR_REDIRECT] 
2025-03-23 10:34:53,004 [ERROR] LogOutputStream:75 - [STDERR_REDIRECT] [Fatal Error] :1:1: Premature end of file.
2025-03-23 10:34:53,004 [ERROR] LogOutputStream:75 - [STDERR_REDIRECT] 
2025-03-23 10:34:53,999 [ERROR] LogOutputStream:75 - [STDERR_REDIRECT] [Fatal Error] :1:1: Premature end of file.
2025-03-23 10:34:53,999 [ERROR] LogOutputStream:75 - [STDERR_REDIRECT] 
2025-03-23 10:34:55,000 [ERROR] LogOutputStream:75 - [STDERR_REDIRECT] [Fatal Error] :1:1: Premature end of file.
2025-03-23 10:34:55,000 [ERROR] LogOutputStream:75 - [STDERR_REDIRECT] 
2025-03-23 10:34:56,004 [ERROR] LogOutputStream:75 - [STDERR_REDIRECT] [Fatal Error] :1:1: Premature end of file.
2025-03-23 10:34:56,004 [ERROR] LogOutputStream:75 - [STDERR_REDIRECT] 
2025-03-23 10:34:57,002 [ERROR] LogOutputStream:75 - [STDERR_REDIRECT] [Fatal Error] :1:1: Premature end of file.
2025-03-23 10:34:57,002 [ERROR] LogOutputStream:75 - [STDERR_REDIRECT] 
2025-03-23 10:35:00,766 [ERROR] LogOutputStream:75 - [STDERR_REDIRECT] [Fatal Error] :1:1: Premature end of file.
2025-03-23 10:35:00,768 [ERROR] LogOutputStream:75 - [STDERR_REDIRECT] 
2025-03-23 10:35:00,823 [ERROR] LogOutputStream:75 - [STDERR_REDIRECT] [Fatal Error] :1:1: Premature end of file.
2025-03-23 10:35:00,823 [ERROR] LogOutputStream:75 - [STDERR_REDIRECT] 
2025-03-23 10:35:00,874 [ERROR] LogOutputStream:75 - [STDERR_REDIRECT] [Fatal Error] :1:1: Premature end of file.
2025-03-23 10:35:00,874 [ERROR] LogOutputStream:75 - [STDERR_REDIRECT] 
2025-03-23 10:35:01,009 [ERROR] LogOutputStream:75 - [STDERR_REDIRECT] [Fatal Error] :1:1: Premature end of file.
2025-03-23 10:35:01,009 [ERROR] LogOutputStream:75 - [STDERR_REDIRECT] 
2025-03-23 10:35:01,995 [ERROR] LogOutputStream:75 - [STDERR_REDIRECT] [Fatal Error] :1:1: Premature end of file.
2025-03-23 10:35:01,995 [ERROR] LogOutputStream:75 - [STDERR_REDIRECT] 
2025-03-23 10:35:02,980 [ERROR] LogOutputStream:75 - [STDERR_REDIRECT] [Fatal Error] :1:1: Premature end of file.
2025-03-23 10:35:02,980 [ERROR] LogOutputStream:75 - [STDERR_REDIRECT] 
2025-03-23 10:35:03,994 [ERROR] LogOutputStream:75 - [STDERR_REDIRECT] [Fatal Error] :1:1: Premature end of file.
2025-03-23 10:35:03,994 [ERROR] LogOutputStream:75 - [STDERR_REDIRECT] 
2025-03-23 10:35:04,993 [ERROR] LogOutputStream:75 - [STDERR_REDIRECT] [Fatal Error] :1:1: Premature end of file.
2025-03-23 10:35:04,993 [ERROR] LogOutputStream:75 - [STDERR_REDIRECT] 
2025-03-23 10:35:06,005 [ERROR] LogOutputStream:75 - [STDERR_REDIRECT] [Fatal Error] :1:1: Premature end of file.
2025-03-23 10:35:06,005 [ERROR] LogOutputStream:75 - [STDERR_REDIRECT] 
2025-03-23 10:35:07,003 [ERROR] LogOutputStream:75 - [STDERR_REDIRECT] [Fatal Error] :1:1: Premature end of file.
2025-03-23 10:35:07,007 [ERROR] LogOutputStream:75 - [STDERR_REDIRECT] 
2025-03-23 10:35:08,213 [ERROR] LogOutputStream:75 - [STDERR_REDIRECT] [Fatal Error] :1:1: Premature end of file.
2025-03-23 10:35:08,213 [ERROR] LogOutputStream:75 - [STDERR_REDIRECT] 
2025-03-23 10:35:09,008 [ERROR] LogOutputStream:75 - [STDERR_REDIRECT] [Fatal Error] :1:1: Premature end of file.
2025-03-23 10:35:09,008 [ERROR] LogOutputStream:75 - [STDERR_REDIRECT] 
2025-03-23 10:35:10,003 [ERROR] LogOutputStream:75 - [STDERR_REDIRECT] [Fatal Error] :1:1: Premature end of file.
2025-03-23 10:35:10,003 [ERROR] LogOutputStream:75 - [STDERR_REDIRECT] 
2025-03-23 10:35:11,003 [ERROR] LogOutputStream:75 - [STDERR_REDIRECT] [Fatal Error] :1:1: Premature end of file.
2025-03-23 10:35:11,003 [ERROR] LogOutputStream:75 - [STDERR_REDIRECT] 
2025-03-23 10:35:12,005 [ERROR] LogOutputStream:75 - [STDERR_REDIRECT] [Fatal Error] :1:1: Premature end of file.
2025-03-23 10:35:12,005 [ERROR] LogOutputStream:75 - [STDERR_REDIRECT] 
2025-03-23 10:35:13,004 [ERROR] LogOutputStream:75 - [STDERR_REDIRECT] [Fatal Error] :1:1: Premature end of file.
2025-03-23 10:35:13,004 [ERROR] LogOutputStream:75 - [STDERR_REDIRECT] 
2025-03-23 10:35:14,009 [ERROR] LogOutputStream:75 - [STDERR_REDIRECT] [Fatal Error] :1:1: Premature end of file.
2025-03-23 10:35:14,009 [ERROR] LogOutputStream:75 - [STDERR_REDIRECT] 
2025-03-23 10:35:15,007 [ERROR] LogOutputStream:75 - [STDERR_REDIRECT] [Fatal Error] :1:1: Premature end of file.
2025-03-23 10:35:15,007 [ERROR] LogOutputStream:75 - [STDERR_REDIRECT] 
2025-03-23 10:35:16,002 [ERROR] LogOutputStream:75 - [STDERR_REDIRECT] [Fatal Error] :1:1: Premature end of file.
2025-03-23 10:35:16,002 [ERROR] LogOutputStream:75 - [STDERR_REDIRECT] 
2025-03-23 10:35:17,006 [ERROR] LogOutputStream:75 - [STDERR_REDIRECT] [Fatal Error] :1:1: Premature end of file.
2025-03-23 10:35:17,006 [ERROR] LogOutputStream:75 - [STDERR_REDIRECT] 
2025-03-23 10:35:18,003 [ERROR] LogOutputStream:75 - [STDERR_REDIRECT] [Fatal Error] :1:1: Premature end of file.
2025-03-23 10:35:18,003 [ERROR] LogOutputStream:75 - [STDERR_REDIRECT] 
2025-03-23 10:35:19,001 [ERROR] LogOutputStream:75 - [STDERR_REDIRECT] [Fatal Error] :1:1: Premature end of file.
2025-03-23 10:35:19,001 [ERROR] LogOutputStream:75 - [STDERR_REDIRECT] 
2025-03-23 10:35:20,007 [ERROR] LogOutputStream:75 - [STDERR_REDIRECT] [Fatal Error] :1:1: Premature end of file.
2025-03-23 10:35:20,007 [ERROR] LogOutputStream:75 - [STDERR_REDIRECT] 
2025-03-23 10:35:21,005 [ERROR] LogOutputStream:75 - [STDERR_REDIRECT] [Fatal Error] :1:1: Premature end of file.
2025-03-23 10:35:21,005 [ERROR] LogOutputStream:75 - [STDERR_REDIRECT] 
2025-03-23 10:35:22,003 [ERROR] LogOutputStream:75 - [STDERR_REDIRECT] [Fatal Error] :1:1: Premature end of file.
2025-03-23 10:35:22,003 [ERROR] LogOutputStream:75 - [STDERR_REDIRECT] 
2025-03-23 10:35:23,006 [ERROR] LogOutputStream:75 - [STDERR_REDIRECT] [Fatal Error] :1:1: Premature end of file.
2025-03-23 10:35:23,006 [ERROR] LogOutputStream:75 - [STDERR_REDIRECT] 
2025-03-23 10:35:24,005 [ERROR] LogOutputStream:75 - [STDERR_REDIRECT] [Fatal Error] :1:1: Premature end of file.
2025-03-23 10:35:24,005 [ERROR] LogOutputStream:75 - [STDERR_REDIRECT] 
2025-03-23 10:35:25,003 [ERROR] LogOutputStream:75 - [STDERR_REDIRECT] [Fatal Error] :1:1: Premature end of file.
2025-03-23 10:35:25,003 [ERROR] LogOutputStream:75 - [STDERR_REDIRECT] 
2025-03-23 10:35:26,001 [ERROR] LogOutputStream:75 - [STDERR_REDIRECT] [Fatal Error] :1:1: Premature end of file.
2025-03-23 10:35:26,001 [ERROR] LogOutputStream:75 - [STDERR_REDIRECT] 
2025-03-23 10:35:27,003 [ERROR] LogOutputStream:75 - [STDERR_REDIRECT] [Fatal Error] :1:1: Premature end of file.
2025-03-23 10:35:27,005 [ERROR] LogOutputStream:75 - [STDERR_REDIRECT] 
2025-03-23 10:35:28,002 [ERROR] LogOutputStream:75 - [STDERR_REDIRECT] [Fatal Error] :1:1: Premature end of file.
2025-03-23 10:35:28,002 [ERROR] LogOutputStream:75 - [STDERR_REDIRECT] 
2025-03-23 10:35:29,006 [ERROR] LogOutputStream:75 - [STDERR_REDIRECT] [Fatal Error] :1:1: Premature end of file.
2025-03-23 10:35:29,006 [ERROR] LogOutputStream:75 - [STDERR_REDIRECT] 
2025-03-23 10:35:30,005 [ERROR] LogOutputStream:75 - [STDERR_REDIRECT] [Fatal Error] :1:1: Premature end of file.
2025-03-23 10:35:30,005 [ERROR] LogOutputStream:75 - [STDERR_REDIRECT] 
2025-03-23 10:35:31,004 [ERROR] LogOutputStream:75 - [STDERR_REDIRECT] [Fatal Error] :1:1: Premature end of file.
2025-03-23 10:35:31,004 [ERROR] LogOutputStream:75 - [STDERR_REDIRECT] 
2025-03-23 10:35:32,005 [ERROR] LogOutputStream:75 - [STDERR_REDIRECT] [Fatal Error] :1:1: Premature end of file.
2025-03-23 10:35:32,005 [ERROR] LogOutputStream:75 - [STDERR_REDIRECT] 
2025-03-23 10:35:33,003 [ERROR] LogOutputStream:75 - [STDERR_REDIRECT] [Fatal Error] :1:1: Premature end of file.
2025-03-23 10:35:33,003 [ERROR] LogOutputStream:75 - [STDERR_REDIRECT] 
2025-03-23 10:35:34,012 [ERROR] LogOutputStream:75 - [STDERR_REDIRECT] [Fatal Error] :1:1: Premature end of file.
2025-03-23 10:35:34,012 [ERROR] LogOutputStream:75 - [STDERR_REDIRECT] 
2025-03-23 10:35:35,003 [ERROR] LogOutputStream:75 - [STDERR_REDIRECT] [Fatal Error] :1:1: Premature end of file.
2025-03-23 10:35:35,008 [ERROR] LogOutputStream:75 - [STDERR_REDIRECT] 
2025-03-23 10:35:36,002 [ERROR] LogOutputStream:75 - [STDERR_REDIRECT] [Fatal Error] :1:1: Premature end of file.
2025-03-23 10:35:36,002 [ERROR] LogOutputStream:75 - [STDERR_REDIRECT] 
2025-03-23 10:35:37,010 [ERROR] LogOutputStream:75 - [STDERR_REDIRECT] [Fatal Error] :1:1: Premature end of file.
2025-03-23 10:35:37,010 [ERROR] LogOutputStream:75 - [STDERR_REDIRECT] 
2025-03-23 10:35:38,006 [ERROR] LogOutputStream:75 - [STDERR_REDIRECT] [Fatal Error] :1:1: Premature end of file.
2025-03-23 10:35:38,006 [ERROR] LogOutputStream:75 - [STDERR_REDIRECT] 
2025-03-23 10:35:39,006 [ERROR] LogOutputStream:75 - [STDERR_REDIRECT] [Fatal Error] :1:1: Premature end of file.
2025-03-23 10:35:39,006 [ERROR] LogOutputStream:75 - [STDERR_REDIRECT] 
2025-03-23 10:35:40,006 [ERROR] LogOutputStream:75 - [STDERR_REDIRECT] [Fatal Error] :1:1: Premature end of file.
2025-03-23 10:35:40,006 [ERROR] LogOutputStream:75 - [STDERR_REDIRECT] 
2025-03-23 10:35:41,004 [ERROR] LogOutputStream:75 - [STDERR_REDIRECT] [Fatal Error] :1:1: Premature end of file.
2025-03-23 10:35:41,004 [ERROR] LogOutputStream:75 - [STDERR_REDIRECT] 
2025-03-23 10:35:42,001 [ERROR] LogOutputStream:75 - [STDERR_REDIRECT] [Fatal Error] :1:1: Premature end of file.
2025-03-23 10:35:42,001 [ERROR] LogOutputStream:75 - [STDERR_REDIRECT] 
2025-03-23 10:35:43,015 [ERROR] LogOutputStream:75 - [STDERR_REDIRECT] [Fatal Error] :1:1: Premature end of file.
2025-03-23 10:35:43,015 [ERROR] LogOutputStream:75 - [STDERR_REDIRECT] 
2025-03-23 10:35:44,005 [ERROR] LogOutputStream:75 - [STDERR_REDIRECT] [Fatal Error] :1:1: Premature end of file.
2025-03-23 10:35:44,005 [ERROR] LogOutputStream:75 - [STDERR_REDIRECT] 
2025-03-23 10:35:45,009 [ERROR] LogOutputStream:75 - [STDERR_REDIRECT] [Fatal Error] :1:1: Premature end of file.
2025-03-23 10:35:45,010 [ERROR] LogOutputStream:75 - [STDERR_REDIRECT] 
2025-03-23 10:35:46,002 [ERROR] LogOutputStream:75 - [STDERR_REDIRECT] [Fatal Error] :1:1: Premature end of file.
2025-03-23 10:35:46,002 [ERROR] LogOutputStream:75 - [STDERR_REDIRECT] 
2025-03-23 10:35:47,013 [ERROR] LogOutputStream:75 - [STDERR_REDIRECT] [Fatal Error] :1:1: Premature end of file.
2025-03-23 10:35:47,013 [ERROR] LogOutputStream:75 - [STDERR_REDIRECT] 
2025-03-23 10:35:48,005 [ERROR] LogOutputStream:75 - [STDERR_REDIRECT] [Fatal Error] :1:1: Premature end of file.
2025-03-23 10:35:48,005 [ERROR] LogOutputStream:75 - [STDERR_REDIRECT] 
2025-03-23 10:35:49,006 [ERROR] LogOutputStream:75 - [STDERR_REDIRECT] [Fatal Error] :1:1: Premature end of file.
2025-03-23 10:35:49,006 [ERROR] LogOutputStream:75 - [STDERR_REDIRECT] 
2025-03-23 10:35:50,004 [ERROR] LogOutputStream:75 - [STDERR_REDIRECT] [Fatal Error] :1:1: Premature end of file.
2025-03-23 10:35:50,004 [ERROR] LogOutputStream:75 - [STDERR_REDIRECT] 
2025-03-23 10:35:51,011 [ERROR] LogOutputStream:75 - [STDERR_REDIRECT] [Fatal Error] :1:1: Premature end of file.
2025-03-23 10:35:51,012 [ERROR] LogOutputStream:75 - [STDERR_REDIRECT] 
2025-03-23 10:35:52,006 [ERROR] LogOutputStream:75 - [STDERR_REDIRECT] [Fatal Error] :1:1: Premature end of file.
2025-03-23 10:35:52,006 [ERROR] LogOutputStream:75 - [STDERR_REDIRECT] 
2025-03-23 10:35:53,006 [ERROR] LogOutputStream:75 - [STDERR_REDIRECT] [Fatal Error] :1:1: Premature end of file.
2025-03-23 10:35:53,006 [ERROR] LogOutputStream:75 - [STDERR_REDIRECT] 
2025-03-23 10:35:54,006 [ERROR] LogOutputStream:75 - [STDERR_REDIRECT] [Fatal Error] :1:1: Premature end of file.
2025-03-23 10:35:54,006 [ERROR] LogOutputStream:75 - [STDERR_REDIRECT] 
2025-03-23 10:35:55,006 [ERROR] LogOutputStream:75 - [STDERR_REDIRECT] [Fatal Error] :1:1: Premature end of file.
2025-03-23 10:35:55,008 [ERROR] LogOutputStream:75 - [STDERR_REDIRECT] 
2025-03-23 10:35:56,005 [ERROR] LogOutputStream:75 - [STDERR_REDIRECT] [Fatal Error] :1:1: Premature end of file.
2025-03-23 10:35:56,005 [ERROR] LogOutputStream:75 - [STDERR_REDIRECT] 
2025-03-23 10:35:57,005 [ERROR] LogOutputStream:75 - [STDERR_REDIRECT] [Fatal Error] :1:1: Premature end of file.
2025-03-23 10:35:57,006 [ERROR] LogOutputStream:75 - [STDERR_REDIRECT] 
2025-03-23 10:35:58,006 [ERROR] LogOutputStream:75 - [STDERR_REDIRECT] [Fatal Error] :1:1: Premature end of file.
2025-03-23 10:35:58,006 [ERROR] LogOutputStream:75 - [STDERR_REDIRECT] 
2025-03-23 10:35:59,006 [ERROR] LogOutputStream:75 - [STDERR_REDIRECT] [Fatal Error] :1:1: Premature end of file.
2025-03-23 10:35:59,006 [ERROR] LogOutputStream:75 - [STDERR_REDIRECT] 
2025-03-23 10:36:00,004 [ERROR] LogOutputStream:75 - [STDERR_REDIRECT] [Fatal Error] :1:1: Premature end of file.
2025-03-23 10:36:00,004 [ERROR] LogOutputStream:75 - [STDERR_REDIRECT] 
2025-03-23 10:36:01,008 [ERROR] LogOutputStream:75 - [STDERR_REDIRECT] [Fatal Error] :1:1: Premature end of file.
2025-03-23 10:36:01,008 [ERROR] LogOutputStream:75 - [STDERR_REDIRECT] 
2025-03-23 10:36:02,004 [ERROR] LogOutputStream:75 - [STDERR_REDIRECT] [Fatal Error] :1:1: Premature end of file.
2025-03-23 10:36:02,005 [ERROR] LogOutputStream:75 - [STDERR_REDIRECT] 
2025-03-23 10:36:02,998 [ERROR] LogOutputStream:75 - [STDERR_REDIRECT] [Fatal Error] :1:1: Premature end of file.
2025-03-23 10:36:02,998 [ERROR] LogOutputStream:75 - [STDERR_REDIRECT] 
2025-03-23 10:36:04,005 [ERROR] LogOutputStream:75 - [STDERR_REDIRECT] [Fatal Error] :1:1: Premature end of file.
2025-03-23 10:36:04,005 [ERROR] LogOutputStream:75 - [STDERR_REDIRECT] 
2025-03-23 10:36:05,004 [ERROR] LogOutputStream:75 - [STDERR_REDIRECT] [Fatal Error] :1:1: Premature end of file.
2025-03-23 10:36:05,005 [ERROR] LogOutputStream:75 - [STDERR_REDIRECT] 
2025-03-23 10:36:06,006 [ERROR] LogOutputStream:75 - [STDERR_REDIRECT] [Fatal Error] :1:1: Premature end of file.
2025-03-23 10:36:06,006 [ERROR] LogOutputStream:75 - [STDERR_REDIRECT] 
2025-03-23 10:36:07,005 [ERROR] LogOutputStream:75 - [STDERR_REDIRECT] [Fatal Error] :1:1: Premature end of file.
2025-03-23 10:36:07,005 [ERROR] LogOutputStream:75 - [STDERR_REDIRECT] 
2025-03-23 10:36:08,005 [ERROR] LogOutputStream:75 - [STDERR_REDIRECT] [Fatal Error] :1:1: Premature end of file.
2025-03-23 10:36:08,005 [ERROR] LogOutputStream:75 - [STDERR_REDIRECT] 
2025-03-23 10:36:09,007 [ERROR] LogOutputStream:75 - [STDERR_REDIRECT] [Fatal Error] :1:1: Premature end of file.
2025-03-23 10:36:09,007 [ERROR] LogOutputStream:75 - [STDERR_REDIRECT] 
2025-03-23 10:36:10,005 [ERROR] LogOutputStream:75 - [STDERR_REDIRECT] [Fatal Error] :1:1: Premature end of file.
2025-03-23 10:36:10,006 [ERROR] LogOutputStream:75 - [STDERR_REDIRECT] 
2025-03-23 10:36:11,003 [ERROR] LogOutputStream:75 - [STDERR_REDIRECT] [Fatal Error] :1:1: Premature end of file.
2025-03-23 10:36:11,004 [ERROR] LogOutputStream:75 - [STDERR_REDIRECT] 
2025-03-23 10:36:11,999 [ERROR] LogOutputStream:75 - [STDERR_REDIRECT] [Fatal Error] :1:1: Premature end of file.
2025-03-23 10:36:11,999 [ERROR] LogOutputStream:75 - [STDERR_REDIRECT] 
2025-03-23 10:36:13,002 [ERROR] LogOutputStream:75 - [STDERR_REDIRECT] [Fatal Error] :1:1: Premature end of file.
2025-03-23 10:36:13,002 [ERROR] LogOutputStream:75 - [STDERR_REDIRECT] 
2025-03-23 10:36:14,000 [ERROR] LogOutputStream:75 - [STDERR_REDIRECT] [Fatal Error] :1:1: Premature end of file.
2025-03-23 10:36:14,000 [ERROR] LogOutputStream:75 - [STDERR_REDIRECT] 
2025-03-23 10:36:15,000 [ERROR] LogOutputStream:75 - [STDERR_REDIRECT] [Fatal Error] :1:1: Premature end of file.
2025-03-23 10:36:15,001 [ERROR] LogOutputStream:75 - [STDERR_REDIRECT] 
2025-03-23 10:36:16,001 [ERROR] LogOutputStream:75 - [STDERR_REDIRECT] [Fatal Error] :1:1: Premature end of file.
2025-03-23 10:36:16,001 [ERROR] LogOutputStream:75 - [STDERR_REDIRECT] 
2025-03-23 10:36:17,007 [ERROR] LogOutputStream:75 - [STDERR_REDIRECT] [Fatal Error] :1:1: Premature end of file.
2025-03-23 10:36:17,007 [ERROR] LogOutputStream:75 - [STDERR_REDIRECT] 
2025-03-23 10:36:17,998 [ERROR] LogOutputStream:75 - [STDERR_REDIRECT] [Fatal Error] :1:1: Premature end of file.
2025-03-23 10:36:17,998 [ERROR] LogOutputStream:75 - [STDERR_REDIRECT] 
2025-03-23 10:36:19,005 [ERROR] LogOutputStream:75 - [STDERR_REDIRECT] [Fatal Error] :1:1: Premature end of file.
2025-03-23 10:36:19,005 [ERROR] LogOutputStream:75 - [STDERR_REDIRECT] 
2025-03-23 10:36:19,997 [ERROR] LogOutputStream:75 - [STDERR_REDIRECT] [Fatal Error] :1:1: Premature end of file.
2025-03-23 10:36:19,997 [ERROR] LogOutputStream:75 - [STDERR_REDIRECT] 
2025-03-23 10:36:20,999 [ERROR] LogOutputStream:75 - [STDERR_REDIRECT] [Fatal Error] :1:1: Premature end of file.
2025-03-23 10:36:20,999 [ERROR] LogOutputStream:75 - [STDERR_REDIRECT] 
2025-03-23 10:36:21,998 [ERROR] LogOutputStream:75 - [STDERR_REDIRECT] [Fatal Error] :1:1: Premature end of file.
2025-03-23 10:36:21,998 [ERROR] LogOutputStream:75 - [STDERR_REDIRECT] 
2025-03-23 10:36:23,010 [ERROR] LogOutputStream:75 - [STDERR_REDIRECT] [Fatal Error] :1:1: Premature end of file.
2025-03-23 10:36:23,010 [ERROR] LogOutputStream:75 - [STDERR_REDIRECT] 
2025-03-23 10:36:24,004 [ERROR] LogOutputStream:75 - [STDERR_REDIRECT] [Fatal Error] :1:1: Premature end of file.
2025-03-23 10:36:24,005 [ERROR] LogOutputStream:75 - [STDERR_REDIRECT] 
2025-03-23 10:36:24,999 [ERROR] LogOutputStream:75 - [STDERR_REDIRECT] [Fatal Error] :1:1: Premature end of file.
2025-03-23 10:36:24,999 [ERROR] LogOutputStream:75 - [STDERR_REDIRECT] 
2025-03-23 10:36:26,004 [ERROR] LogOutputStream:75 - [STDERR_REDIRECT] [Fatal Error] :1:1: Premature end of file.
2025-03-23 10:36:26,004 [ERROR] LogOutputStream:75 - [STDERR_REDIRECT] 
2025-03-23 10:36:27,006 [ERROR] LogOutputStream:75 - [STDERR_REDIRECT] [Fatal Error] :1:1: Premature end of file.
2025-03-23 10:36:27,006 [ERROR] LogOutputStream:75 - [STDERR_REDIRECT] 
2025-03-23 10:36:28,005 [ERROR] LogOutputStream:75 - [STDERR_REDIRECT] [Fatal Error] :1:1: Premature end of file.
2025-03-23 10:36:28,006 [ERROR] LogOutputStream:75 - [STDERR_REDIRECT] 
2025-03-23 10:36:29,003 [ERROR] LogOutputStream:75 - [STDERR_REDIRECT] [Fatal Error] :1:1: Premature end of file.
2025-03-23 10:36:29,004 [ERROR] LogOutputStream:75 - [STDERR_REDIRECT] 
2025-03-23 10:36:30,007 [ERROR] LogOutputStream:75 - [STDERR_REDIRECT] [Fatal Error] :1:1: Premature end of file.
2025-03-23 10:36:30,009 [ERROR] LogOutputStream:75 - [STDERR_REDIRECT] 
2025-03-23 10:36:31,005 [ERROR] LogOutputStream:75 - [STDERR_REDIRECT] [Fatal Error] :1:1: Premature end of file.
2025-03-23 10:36:31,005 [ERROR] LogOutputStream:75 - [STDERR_REDIRECT] 
2025-03-23 10:36:32,006 [ERROR] LogOutputStream:75 - [STDERR_REDIRECT] [Fatal Error] :1:1: Premature end of file.
2025-03-23 10:36:32,006 [ERROR] LogOutputStream:75 - [STDERR_REDIRECT] 
2025-03-23 10:36:33,005 [ERROR] LogOutputStream:75 - [STDERR_REDIRECT] [Fatal Error] :1:1: Premature end of file.
2025-03-23 10:36:33,006 [ERROR] LogOutputStream:75 - [STDERR_REDIRECT] 
2025-03-23 10:36:34,006 [ERROR] LogOutputStream:75 - [STDERR_REDIRECT] [Fatal Error] :1:1: Premature end of file.
2025-03-23 10:36:34,007 [ERROR] LogOutputStream:75 - [STDERR_REDIRECT] 
2025-03-23 10:36:35,017 [ERROR] LogOutputStream:75 - [STDERR_REDIRECT] [Fatal Error] :1:1: Premature end of file.
2025-03-23 10:36:35,018 [ERROR] LogOutputStream:75 - [STDERR_REDIRECT] 
2025-03-23 10:36:35,998 [ERROR] LogOutputStream:75 - [STDERR_REDIRECT] [Fatal Error] :1:1: Premature end of file.
2025-03-23 10:36:35,998 [ERROR] LogOutputStream:75 - [STDERR_REDIRECT] 
2025-03-23 10:36:36,997 [ERROR] LogOutputStream:75 - [STDERR_REDIRECT] [Fatal Error] :1:1: Premature end of file.
2025-03-23 10:36:36,998 [ERROR] LogOutputStream:75 - [STDERR_REDIRECT] 
2025-03-23 10:36:37,999 [ERROR] LogOutputStream:75 - [STDERR_REDIRECT] [Fatal Error] :1:1: Premature end of file.
2025-03-23 10:36:37,999 [ERROR] LogOutputStream:75 - [STDERR_REDIRECT] 
2025-03-23 10:36:38,998 [ERROR] LogOutputStream:75 - [STDERR_REDIRECT] [Fatal Error] :1:1: Premature end of file.
2025-03-23 10:36:38,999 [ERROR] LogOutputStream:75 - [STDERR_REDIRECT] 
2025-03-23 10:36:39,999 [ERROR] LogOutputStream:75 - [STDERR_REDIRECT] [Fatal Error] :1:1: Premature end of file.
2025-03-23 10:36:39,999 [ERROR] LogOutputStream:75 - [STDERR_REDIRECT] 
2025-03-23 10:36:41,002 [ERROR] LogOutputStream:75 - [STDERR_REDIRECT] [Fatal Error] :1:1: Premature end of file.
2025-03-23 10:36:41,002 [ERROR] LogOutputStream:75 - [STDERR_REDIRECT] 
2025-03-23 10:36:42,004 [ERROR] LogOutputStream:75 - [STDERR_REDIRECT] [Fatal Error] :1:1: Premature end of file.
2025-03-23 10:36:42,004 [ERROR] LogOutputStream:75 - [STDERR_REDIRECT] 
2025-03-23 10:36:43,005 [ERROR] LogOutputStream:75 - [STDERR_REDIRECT] [Fatal Error] :1:1: Premature end of file.
2025-03-23 10:36:43,005 [ERROR] LogOutputStream:75 - [STDERR_REDIRECT] 
2025-03-23 10:36:44,003 [ERROR] LogOutputStream:75 - [STDERR_REDIRECT] [Fatal Error] :1:1: Premature end of file.
2025-03-23 10:36:44,003 [ERROR] LogOutputStream:75 - [STDERR_REDIRECT] 
2025-03-23 10:36:45,005 [ERROR] LogOutputStream:75 - [STDERR_REDIRECT] [Fatal Error] :1:1: Premature end of file.
2025-03-23 10:36:45,005 [ERROR] LogOutputStream:75 - [STDERR_REDIRECT] 
2025-03-23 10:36:46,007 [ERROR] LogOutputStream:75 - [STDERR_REDIRECT] [Fatal Error] :1:1: Premature end of file.
2025-03-23 10:36:46,007 [ERROR] LogOutputStream:75 - [STDERR_REDIRECT] 
2025-03-23 10:36:47,005 [ERROR] LogOutputStream:75 - [STDERR_REDIRECT] [Fatal Error] :1:1: Premature end of file.
2025-03-23 10:36:47,005 [ERROR] LogOutputStream:75 - [STDERR_REDIRECT] 
2025-03-23 10:36:48,004 [ERROR] LogOutputStream:75 - [STDERR_REDIRECT] [Fatal Error] :1:1: Premature end of file.
2025-03-23 10:36:48,005 [ERROR] LogOutputStream:75 - [STDERR_REDIRECT] 
2025-03-23 10:36:49,005 [ERROR] LogOutputStream:75 - [STDERR_REDIRECT] [Fatal Error] :1:1: Premature end of file.
2025-03-23 10:36:49,005 [ERROR] LogOutputStream:75 - [STDERR_REDIRECT] 
2025-03-23 10:36:50,006 [ERROR] LogOutputStream:75 - [STDERR_REDIRECT] [Fatal Error] :1:1: Premature end of file.
2025-03-23 10:36:50,006 [ERROR] LogOutputStream:75 - [STDERR_REDIRECT] 
2025-03-23 10:36:51,004 [ERROR] LogOutputStream:75 - [STDERR_REDIRECT] [Fatal Error] :1:1: Premature end of file.
2025-03-23 10:36:51,004 [ERROR] LogOutputStream:75 - [STDERR_REDIRECT] 
2025-03-23 10:36:52,003 [ERROR] LogOutputStream:75 - [STDERR_REDIRECT] [Fatal Error] :1:1: Premature end of file.
2025-03-23 10:36:52,003 [ERROR] LogOutputStream:75 - [STDERR_REDIRECT] 
2025-03-23 10:36:53,003 [ERROR] LogOutputStream:75 - [STDERR_REDIRECT] [Fatal Error] :1:1: Premature end of file.
2025-03-23 10:36:53,003 [ERROR] LogOutputStream:75 - [STDERR_REDIRECT] 
2025-03-23 10:36:54,003 [ERROR] LogOutputStream:75 - [STDERR_REDIRECT] [Fatal Error] :1:1: Premature end of file.
2025-03-23 10:36:54,003 [ERROR] LogOutputStream:75 - [STDERR_REDIRECT] 
2025-03-23 10:36:55,023 [ERROR] LogOutputStream:75 - [STDERR_REDIRECT] [Fatal Error] :1:1: Premature end of file.
2025-03-23 10:36:55,023 [ERROR] LogOutputStream:75 - [STDERR_REDIRECT] 
2025-03-23 10:36:55,994 [ERROR] LogOutputStream:75 - [STDERR_REDIRECT] [Fatal Error] :1:1: Premature end of file.
2025-03-23 10:36:55,994 [ERROR] LogOutputStream:75 - [STDERR_REDIRECT] 
2025-03-23 10:36:57,013 [ERROR] LogOutputStream:75 - [STDERR_REDIRECT] [Fatal Error] :1:1: Premature end of file.
2025-03-23 10:36:57,013 [ERROR] LogOutputStream:75 - [STDERR_REDIRECT] 
2025-03-23 10:36:58,005 [ERROR] LogOutputStream:75 - [STDERR_REDIRECT] [Fatal Error] :1:1: Premature end of file.
2025-03-23 10:36:58,005 [ERROR] LogOutputStream:75 - [STDERR_REDIRECT] 
2025-03-23 10:36:59,003 [ERROR] LogOutputStream:75 - [STDERR_REDIRECT] [Fatal Error] :1:1: Premature end of file.
2025-03-23 10:36:59,003 [ERROR] LogOutputStream:75 - [STDERR_REDIRECT] 
2025-03-23 10:37:00,006 [ERROR] LogOutputStream:75 - [STDERR_REDIRECT] [Fatal Error] :1:1: Premature end of file.
2025-03-23 10:37:00,006 [ERROR] LogOutputStream:75 - [STDERR_REDIRECT] 
2025-03-23 10:37:01,006 [ERROR] LogOutputStream:75 - [STDERR_REDIRECT] [Fatal Error] :1:1: Premature end of file.
2025-03-23 10:37:01,006 [ERROR] LogOutputStream:75 - [STDERR_REDIRECT] 
2025-03-23 10:37:02,005 [ERROR] LogOutputStream:75 - [STDERR_REDIRECT] [Fatal Error] :1:1: Premature end of file.
2025-03-23 10:37:02,005 [ERROR] LogOutputStream:75 - [STDERR_REDIRECT] 
2025-03-23 10:37:03,003 [ERROR] LogOutputStream:75 - [STDERR_REDIRECT] [Fatal Error] :1:1: Premature end of file.
2025-03-23 10:37:03,003 [ERROR] LogOutputStream:75 - [STDERR_REDIRECT] 
2025-03-23 10:37:04,007 [ERROR] LogOutputStream:75 - [STDERR_REDIRECT] [Fatal Error] :1:1: Premature end of file.
2025-03-23 10:37:04,007 [ERROR] LogOutputStream:75 - [STDERR_REDIRECT] 
2025-03-23 10:37:05,005 [ERROR] LogOutputStream:75 - [STDERR_REDIRECT] [Fatal Error] :1:1: Premature end of file.
2025-03-23 10:37:05,005 [ERROR] LogOutputStream:75 - [STDERR_REDIRECT] 
2025-03-23 10:37:06,003 [ERROR] LogOutputStream:75 - [STDERR_REDIRECT] [Fatal Error] :1:1: Premature end of file.
2025-03-23 10:37:06,003 [ERROR] LogOutputStream:75 - [STDERR_REDIRECT] 
2025-03-23 10:37:07,014 [ERROR] LogOutputStream:75 - [STDERR_REDIRECT] [Fatal Error] :1:1: Premature end of file.
2025-03-23 10:37:07,014 [ERROR] LogOutputStream:75 - [STDERR_REDIRECT] 
2025-03-23 10:37:07,993 [ERROR] LogOutputStream:75 - [STDERR_REDIRECT] [Fatal Error] :1:1: Premature end of file.
2025-03-23 10:37:07,993 [ERROR] LogOutputStream:75 - [STDERR_REDIRECT] 
2025-03-23 10:37:09,002 [ERROR] LogOutputStream:75 - [STDERR_REDIRECT] [Fatal Error] :1:1: Premature end of file.
2025-03-23 10:37:09,003 [ERROR] LogOutputStream:75 - [STDERR_REDIRECT] 
2025-03-23 10:37:10,002 [ERROR] LogOutputStream:75 - [STDERR_REDIRECT] [Fatal Error] :1:1: Premature end of file.
2025-03-23 10:37:10,002 [ERROR] LogOutputStream:75 - [STDERR_REDIRECT] 
2025-03-23 10:37:10,998 [ERROR] LogOutputStream:75 - [STDERR_REDIRECT] [Fatal Error] :1:1: Premature end of file.
2025-03-23 10:37:10,998 [ERROR] LogOutputStream:75 - [STDERR_REDIRECT] 
2025-03-23 10:37:12,002 [ERROR] LogOutputStream:75 - [STDERR_REDIRECT] [Fatal Error] :1:1: Premature end of file.
2025-03-23 10:37:12,002 [ERROR] LogOutputStream:75 - [STDERR_REDIRECT] 
2025-03-23 10:37:12,997 [ERROR] LogOutputStream:75 - [STDERR_REDIRECT] [Fatal Error] :1:1: Premature end of file.
2025-03-23 10:37:12,997 [ERROR] LogOutputStream:75 - [STDERR_REDIRECT] 
2025-03-23 10:37:14,002 [ERROR] LogOutputStream:75 - [STDERR_REDIRECT] [Fatal Error] :1:1: Premature end of file.
2025-03-23 10:37:14,002 [ERROR] LogOutputStream:75 - [STDERR_REDIRECT] 
2025-03-23 10:37:14,996 [ERROR] LogOutputStream:75 - [STDERR_REDIRECT] [Fatal Error] :1:1: Premature end of file.
2025-03-23 10:37:14,996 [ERROR] LogOutputStream:75 - [STDERR_REDIRECT] 
2025-03-23 10:37:16,002 [ERROR] LogOutputStream:75 - [STDERR_REDIRECT] [Fatal Error] :1:1: Premature end of file.
2025-03-23 10:37:16,002 [ERROR] LogOutputStream:75 - [STDERR_REDIRECT] 
2025-03-23 10:37:16,998 [ERROR] LogOutputStream:75 - [STDERR_REDIRECT] [Fatal Error] :1:1: Premature end of file.
2025-03-23 10:37:16,998 [ERROR] LogOutputStream:75 - [STDERR_REDIRECT] 
2025-03-23 10:37:18,003 [ERROR] LogOutputStream:75 - [STDERR_REDIRECT] [Fatal Error] :1:1: Premature end of file.
2025-03-23 10:37:18,003 [ERROR] LogOutputStream:75 - [STDERR_REDIRECT] 
2025-03-23 10:37:18,998 [ERROR] LogOutputStream:75 - [STDERR_REDIRECT] [Fatal Error] :1:1: Premature end of file.
2025-03-23 10:37:18,998 [ERROR] LogOutputStream:75 - [STDERR_REDIRECT] 
2025-03-23 10:37:19,997 [ERROR] LogOutputStream:75 - [STDERR_REDIRECT] [Fatal Error] :1:1: Premature end of file.
2025-03-23 10:37:19,997 [ERROR] LogOutputStream:75 - [STDERR_REDIRECT] 
2025-03-23 10:37:21,005 [ERROR] LogOutputStream:75 - [STDERR_REDIRECT] [Fatal Error] :1:1: Premature end of file.
2025-03-23 10:37:21,005 [ERROR] LogOutputStream:75 - [STDERR_REDIRECT] 
2025-03-23 10:37:21,998 [ERROR] LogOutputStream:75 - [STDERR_REDIRECT] [Fatal Error] :1:1: Premature end of file.
2025-03-23 10:37:21,998 [ERROR] LogOutputStream:75 - [STDERR_REDIRECT] 
2025-03-23 10:37:23,006 [ERROR] LogOutputStream:75 - [STDERR_REDIRECT] [Fatal Error] :1:1: Premature end of file.
2025-03-23 10:37:23,006 [ERROR] LogOutputStream:75 - [STDERR_REDIRECT] 
2025-03-23 10:37:23,995 [ERROR] LogOutputStream:75 - [STDERR_REDIRECT] [Fatal Error] :1:1: Premature end of file.
2025-03-23 10:37:23,995 [ERROR] LogOutputStream:75 - [STDERR_REDIRECT] 
2025-03-23 10:37:25,004 [ERROR] LogOutputStream:75 - [STDERR_REDIRECT] [Fatal Error] :1:1: Premature end of file.
2025-03-23 10:37:25,004 [ERROR] LogOutputStream:75 - [STDERR_REDIRECT] 
2025-03-23 10:37:26,004 [ERROR] LogOutputStream:75 - [STDERR_REDIRECT] [Fatal Error] :1:1: Premature end of file.
2025-03-23 10:37:26,004 [ERROR] LogOutputStream:75 - [STDERR_REDIRECT] 
2025-03-23 10:37:27,000 [ERROR] LogOutputStream:75 - [STDERR_REDIRECT] [Fatal Error] :1:1: Premature end of file.
2025-03-23 10:37:27,000 [ERROR] LogOutputStream:75 - [STDERR_REDIRECT] 
2025-03-23 10:37:28,002 [ERROR] LogOutputStream:75 - [STDERR_REDIRECT] [Fatal Error] :1:1: Premature end of file.
2025-03-23 10:37:28,002 [ERROR] LogOutputStream:75 - [STDERR_REDIRECT] 
2025-03-23 10:37:28,998 [ERROR] LogOutputStream:75 - [STDERR_REDIRECT] [Fatal Error] :1:1: Premature end of file.
2025-03-23 10:37:28,998 [ERROR] LogOutputStream:75 - [STDERR_REDIRECT] 
2025-03-23 10:37:30,005 [ERROR] LogOutputStream:75 - [STDERR_REDIRECT] [Fatal Error] :1:1: Premature end of file.
2025-03-23 10:37:30,005 [ERROR] LogOutputStream:75 - [STDERR_REDIRECT] 
2025-03-23 10:37:31,005 [ERROR] LogOutputStream:75 - [STDERR_REDIRECT] [Fatal Error] :1:1: Premature end of file.
2025-03-23 10:37:31,005 [ERROR] LogOutputStream:75 - [STDERR_REDIRECT] 
2025-03-23 10:37:32,006 [ERROR] LogOutputStream:75 - [STDERR_REDIRECT] [Fatal Error] :1:1: Premature end of file.
2025-03-23 10:37:32,006 [ERROR] LogOutputStream:75 - [STDERR_REDIRECT] 
2025-03-23 10:37:33,003 [ERROR] LogOutputStream:75 - [STDERR_REDIRECT] [Fatal Error] :1:1: Premature end of file.
2025-03-23 10:37:33,003 [ERROR] LogOutputStream:75 - [STDERR_REDIRECT] 
2025-03-23 10:37:33,996 [ERROR] LogOutputStream:75 - [STDERR_REDIRECT] [Fatal Error] :1:1: Premature end of file.
2025-03-23 10:37:33,996 [ERROR] LogOutputStream:75 - [STDERR_REDIRECT] 
2025-03-23 10:37:35,012 [ERROR] LogOutputStream:75 - [STDERR_REDIRECT] [Fatal Error] :1:1: Premature end of file.
2025-03-23 10:37:35,012 [ERROR] LogOutputStream:75 - [STDERR_REDIRECT] 
2025-03-23 10:37:36,004 [ERROR] LogOutputStream:75 - [STDERR_REDIRECT] [Fatal Error] :1:1: Premature end of file.
2025-03-23 10:37:36,004 [ERROR] LogOutputStream:75 - [STDERR_REDIRECT] 
2025-03-23 10:37:37,005 [ERROR] LogOutputStream:75 - [STDERR_REDIRECT] [Fatal Error] :1:1: Premature end of file.
2025-03-23 10:37:37,005 [ERROR] LogOutputStream:75 - [STDERR_REDIRECT] 
2025-03-23 10:37:38,008 [ERROR] LogOutputStream:75 - [STDERR_REDIRECT] [Fatal Error] :1:1: Premature end of file.
2025-03-23 10:37:38,008 [ERROR] LogOutputStream:75 - [STDERR_REDIRECT] 
2025-03-23 10:37:39,007 [ERROR] LogOutputStream:75 - [STDERR_REDIRECT] [Fatal Error] :1:1: Premature end of file.
2025-03-23 10:37:39,008 [ERROR] LogOutputStream:75 - [STDERR_REDIRECT] 
2025-03-23 10:37:40,002 [ERROR] LogOutputStream:75 - [STDERR_REDIRECT] [Fatal Error] :1:1: Premature end of file.
2025-03-23 10:37:40,002 [ERROR] LogOutputStream:75 - [STDERR_REDIRECT] 
2025-03-23 10:37:41,008 [ERROR] LogOutputStream:75 - [STDERR_REDIRECT] [Fatal Error] :1:1: Premature end of file.
2025-03-23 10:37:41,008 [ERROR] LogOutputStream:75 - [STDERR_REDIRECT] 
2025-03-23 10:37:42,003 [ERROR] LogOutputStream:75 - [STDERR_REDIRECT] [Fatal Error] :1:1: Premature end of file.
2025-03-23 10:37:42,003 [ERROR] LogOutputStream:75 - [STDERR_REDIRECT] 
2025-03-23 10:37:43,003 [ERROR] LogOutputStream:75 - [STDERR_REDIRECT] [Fatal Error] :1:1: Premature end of file.
2025-03-23 10:37:43,003 [ERROR] LogOutputStream:75 - [STDERR_REDIRECT] 
2025-03-23 10:37:43,997 [ERROR] LogOutputStream:75 - [STDERR_REDIRECT] [Fatal Error] :1:1: Premature end of file.
2025-03-23 10:37:43,997 [ERROR] LogOutputStream:75 - [STDERR_REDIRECT] 
2025-03-23 10:37:45,008 [ERROR] LogOutputStream:75 - [STDERR_REDIRECT] [Fatal Error] :1:1: Premature end of file.
2025-03-23 10:37:45,008 [ERROR] LogOutputStream:75 - [STDERR_REDIRECT] 
2025-03-23 10:37:46,001 [ERROR] LogOutputStream:75 - [STDERR_REDIRECT] [Fatal Error] :1:1: Premature end of file.
2025-03-23 10:37:46,001 [ERROR] LogOutputStream:75 - [STDERR_REDIRECT] 
2025-03-23 10:37:47,005 [ERROR] LogOutputStream:75 - [STDERR_REDIRECT] [Fatal Error] :1:1: Premature end of file.
2025-03-23 10:37:47,005 [ERROR] LogOutputStream:75 - [STDERR_REDIRECT] 
2025-03-23 10:37:47,999 [ERROR] LogOutputStream:75 - [STDERR_REDIRECT] [Fatal Error] :1:1: Premature end of file.
2025-03-23 10:37:47,999 [ERROR] LogOutputStream:75 - [STDERR_REDIRECT] 
2025-03-23 10:37:48,999 [ERROR] LogOutputStream:75 - [STDERR_REDIRECT] [Fatal Error] :1:1: Premature end of file.
2025-03-23 10:37:48,999 [ERROR] LogOutputStream:75 - [STDERR_REDIRECT] 
2025-03-23 10:37:50,004 [ERROR] LogOutputStream:75 - [STDERR_REDIRECT] [Fatal Error] :1:1: Premature end of file.
2025-03-23 10:37:50,004 [ERROR] LogOutputStream:75 - [STDERR_REDIRECT] 
2025-03-23 10:37:51,003 [ERROR] LogOutputStream:75 - [STDERR_REDIRECT] [Fatal Error] :1:1: Premature end of file.
2025-03-23 10:37:51,003 [ERROR] LogOutputStream:75 - [STDERR_REDIRECT] 
2025-03-23 10:37:52,000 [ERROR] LogOutputStream:75 - [STDERR_REDIRECT] [Fatal Error] :1:1: Premature end of file.
2025-03-23 10:37:52,000 [ERROR] LogOutputStream:75 - [STDERR_REDIRECT] 
2025-03-23 10:37:53,016 [ERROR] LogOutputStream:75 - [STDERR_REDIRECT] [Fatal Error] :1:1: Premature end of file.
2025-03-23 10:37:53,016 [ERROR] LogOutputStream:75 - [STDERR_REDIRECT] 
2025-03-23 10:37:54,002 [ERROR] LogOutputStream:75 - [STDERR_REDIRECT] [Fatal Error] :1:1: Premature end of file.
2025-03-23 10:37:54,002 [ERROR] LogOutputStream:75 - [STDERR_REDIRECT] 
2025-03-23 10:37:55,005 [ERROR] LogOutputStream:75 - [STDERR_REDIRECT] [Fatal Error] :1:1: Premature end of file.
2025-03-23 10:37:55,005 [ERROR] LogOutputStream:75 - [STDERR_REDIRECT] 
2025-03-23 10:37:56,000 [ERROR] LogOutputStream:75 - [STDERR_REDIRECT] [Fatal Error] :1:1: Premature end of file.
2025-03-23 10:37:56,000 [ERROR] LogOutputStream:75 - [STDERR_REDIRECT] 
2025-03-23 10:37:57,006 [ERROR] LogOutputStream:75 - [STDERR_REDIRECT] [Fatal Error] :1:1: Premature end of file.
2025-03-23 10:37:57,006 [ERROR] LogOutputStream:75 - [STDERR_REDIRECT] 
2025-03-23 10:37:58,003 [ERROR] LogOutputStream:75 - [STDERR_REDIRECT] [Fatal Error] :1:1: Premature end of file.
2025-03-23 10:37:58,003 [ERROR] LogOutputStream:75 - [STDERR_REDIRECT] 
2025-03-23 10:37:59,006 [ERROR] LogOutputStream:75 - [STDERR_REDIRECT] [Fatal Error] :1:1: Premature end of file.
2025-03-23 10:37:59,006 [ERROR] LogOutputStream:75 - [STDERR_REDIRECT] 
2025-03-23 10:38:00,006 [ERROR] LogOutputStream:75 - [STDERR_REDIRECT] [Fatal Error] :1:1: Premature end of file.
2025-03-23 10:38:00,006 [ERROR] LogOutputStream:75 - [STDERR_REDIRECT] 
2025-03-23 10:38:01,004 [ERROR] LogOutputStream:75 - [STDERR_REDIRECT] [Fatal Error] :1:1: Premature end of file.
2025-03-23 10:38:01,004 [ERROR] LogOutputStream:75 - [STDERR_REDIRECT] 
2025-03-23 10:38:02,013 [ERROR] LogOutputStream:75 - [STDERR_REDIRECT] [Fatal Error] :1:1: Premature end of file.
2025-03-23 10:38:02,013 [ERROR] LogOutputStream:75 - [STDERR_REDIRECT] 
2025-03-23 10:38:03,005 [ERROR] LogOutputStream:75 - [STDERR_REDIRECT] [Fatal Error] :1:1: Premature end of file.
2025-03-23 10:38:03,005 [ERROR] LogOutputStream:75 - [STDERR_REDIRECT] 
2025-03-23 10:38:03,998 [ERROR] LogOutputStream:75 - [STDERR_REDIRECT] [Fatal Error] :1:1: Premature end of file.
2025-03-23 10:38:03,998 [ERROR] LogOutputStream:75 - [STDERR_REDIRECT] 
2025-03-23 10:38:05,004 [ERROR] LogOutputStream:75 - [STDERR_REDIRECT] [Fatal Error] :1:1: Premature end of file.
2025-03-23 10:38:05,004 [ERROR] LogOutputStream:75 - [STDERR_REDIRECT] 
2025-03-23 10:38:06,001 [ERROR] LogOutputStream:75 - [STDERR_REDIRECT] [Fatal Error] :1:1: Premature end of file.
2025-03-23 10:38:06,001 [ERROR] LogOutputStream:75 - [STDERR_REDIRECT] 
2025-03-23 10:38:07,000 [ERROR] LogOutputStream:75 - [STDERR_REDIRECT] [Fatal Error] :1:1: Premature end of file.
2025-03-23 10:38:07,000 [ERROR] LogOutputStream:75 - [STDERR_REDIRECT] 
2025-03-23 10:38:08,014 [ERROR] LogOutputStream:75 - [STDERR_REDIRECT] [Fatal Error] :1:1: Premature end of file.
2025-03-23 10:38:08,014 [ERROR] LogOutputStream:75 - [STDERR_REDIRECT] 
2025-03-23 10:38:09,002 [ERROR] LogOutputStream:75 - [STDERR_REDIRECT] [Fatal Error] :1:1: Premature end of file.
2025-03-23 10:38:09,002 [ERROR] LogOutputStream:75 - [STDERR_REDIRECT] 
2025-03-23 10:38:09,993 [ERROR] LogOutputStream:75 - [STDERR_REDIRECT] [Fatal Error] :1:1: Premature end of file.
2025-03-23 10:38:09,993 [ERROR] LogOutputStream:75 - [STDERR_REDIRECT] 
2025-03-23 10:38:11,006 [ERROR] LogOutputStream:75 - [STDERR_REDIRECT] [Fatal Error] :1:1: Premature end of file.
2025-03-23 10:38:11,006 [ERROR] LogOutputStream:75 - [STDERR_REDIRECT] 
2025-03-23 10:38:12,007 [ERROR] LogOutputStream:75 - [STDERR_REDIRECT] [Fatal Error] :1:1: Premature end of file.
2025-03-23 10:38:12,007 [ERROR] LogOutputStream:75 - [STDERR_REDIRECT] 
2025-03-23 10:38:12,994 [ERROR] LogOutputStream:75 - [STDERR_REDIRECT] [Fatal Error] :1:1: Premature end of file.
2025-03-23 10:38:12,994 [ERROR] LogOutputStream:75 - [STDERR_REDIRECT] 
2025-03-23 10:38:14,004 [ERROR] LogOutputStream:75 - [STDERR_REDIRECT] [Fatal Error] :1:1: Premature end of file.
2025-03-23 10:38:14,004 [ERROR] LogOutputStream:75 - [STDERR_REDIRECT] 
2025-03-23 10:38:15,012 [ERROR] LogOutputStream:75 - [STDERR_REDIRECT] [Fatal Error] :1:1: Premature end of file.
2025-03-23 10:38:15,012 [ERROR] LogOutputStream:75 - [STDERR_REDIRECT] 
2025-03-23 10:38:16,002 [ERROR] LogOutputStream:75 - [STDERR_REDIRECT] [Fatal Error] :1:1: Premature end of file.
2025-03-23 10:38:16,002 [ERROR] LogOutputStream:75 - [STDERR_REDIRECT] 
2025-03-23 10:38:17,008 [ERROR] LogOutputStream:75 - [STDERR_REDIRECT] [Fatal Error] :1:1: Premature end of file.
2025-03-23 10:38:17,008 [ERROR] LogOutputStream:75 - [STDERR_REDIRECT] 
2025-03-23 10:38:18,002 [ERROR] LogOutputStream:75 - [STDERR_REDIRECT] [Fatal Error] :1:1: Premature end of file.
2025-03-23 10:38:18,002 [ERROR] LogOutputStream:75 - [STDERR_REDIRECT] 
2025-03-23 10:38:19,009 [ERROR] LogOutputStream:75 - [STDERR_REDIRECT] [Fatal Error] :1:1: Premature end of file.
2025-03-23 10:38:19,009 [ERROR] LogOutputStream:75 - [STDERR_REDIRECT] 
2025-03-23 10:38:20,000 [ERROR] LogOutputStream:75 - [STDERR_REDIRECT] [Fatal Error] :1:1: Premature end of file.
2025-03-23 10:38:20,000 [ERROR] LogOutputStream:75 - [STDERR_REDIRECT] 
2025-03-23 10:38:21,012 [ERROR] LogOutputStream:75 - [STDERR_REDIRECT] [Fatal Error] :1:1: Premature end of file.
2025-03-23 10:38:21,012 [ERROR] LogOutputStream:75 - [STDERR_REDIRECT] 
2025-03-23 10:38:22,011 [ERROR] LogOutputStream:75 - [STDERR_REDIRECT] [Fatal Error] :1:1: Premature end of file.
2025-03-23 10:38:22,012 [ERROR] LogOutputStream:75 - [STDERR_REDIRECT] 
2025-03-23 10:38:23,014 [ERROR] LogOutputStream:75 - [STDERR_REDIRECT] [Fatal Error] :1:1: Premature end of file.
2025-03-23 10:38:23,014 [ERROR] LogOutputStream:75 - [STDERR_REDIRECT] 
2025-03-23 10:38:24,013 [ERROR] LogOutputStream:75 - [STDERR_REDIRECT] [Fatal Error] :1:1: Premature end of file.
2025-03-23 10:38:24,013 [ERROR] LogOutputStream:75 - [STDERR_REDIRECT] 
2025-03-23 10:38:25,017 [ERROR] LogOutputStream:75 - [STDERR_REDIRECT] [Fatal Error] :1:1: Premature end of file.
2025-03-23 10:38:25,017 [ERROR] LogOutputStream:75 - [STDERR_REDIRECT] 
2025-03-23 10:38:26,013 [ERROR] LogOutputStream:75 - [STDERR_REDIRECT] [Fatal Error] :1:1: Premature end of file.
2025-03-23 10:38:26,013 [ERROR] LogOutputStream:75 - [STDERR_REDIRECT] 
2025-03-23 10:38:27,015 [ERROR] LogOutputStream:75 - [STDERR_REDIRECT] [Fatal Error] :1:1: Premature end of file.
2025-03-23 10:38:27,015 [ERROR] LogOutputStream:75 - [STDERR_REDIRECT] 
2025-03-23 10:38:28,008 [ERROR] LogOutputStream:75 - [STDERR_REDIRECT] [Fatal Error] :1:1: Premature end of file.
2025-03-23 10:38:28,008 [ERROR] LogOutputStream:75 - [STDERR_REDIRECT] 
2025-03-23 10:38:29,006 [ERROR] LogOutputStream:75 - [STDERR_REDIRECT] [Fatal Error] :1:1: Premature end of file.
2025-03-23 10:38:29,006 [ERROR] LogOutputStream:75 - [STDERR_REDIRECT] 
2025-03-23 10:38:30,003 [ERROR] LogOutputStream:75 - [STDERR_REDIRECT] [Fatal Error] :1:1: Premature end of file.
2025-03-23 10:38:30,003 [ERROR] LogOutputStream:75 - [STDERR_REDIRECT] 
2025-03-23 10:38:31,003 [ERROR] LogOutputStream:75 - [STDERR_REDIRECT] [Fatal Error] :1:1: Premature end of file.
2025-03-23 10:38:31,003 [ERROR] LogOutputStream:75 - [STDERR_REDIRECT] 
2025-03-23 10:38:32,016 [ERROR] LogOutputStream:75 - [STDERR_REDIRECT] [Fatal Error] :1:1: Premature end of file.
2025-03-23 10:38:32,016 [ERROR] LogOutputStream:75 - [STDERR_REDIRECT] 
2025-03-23 10:38:33,014 [ERROR] LogOutputStream:75 - [STDERR_REDIRECT] [Fatal Error] :1:1: Premature end of file.
2025-03-23 10:38:33,014 [ERROR] LogOutputStream:75 - [STDERR_REDIRECT] 
2025-03-23 10:38:34,010 [ERROR] LogOutputStream:75 - [STDERR_REDIRECT] [Fatal Error] :1:1: Premature end of file.
2025-03-23 10:38:34,010 [ERROR] LogOutputStream:75 - [STDERR_REDIRECT] 
2025-03-23 10:38:35,013 [ERROR] LogOutputStream:75 - [STDERR_REDIRECT] [Fatal Error] :1:1: Premature end of file.
2025-03-23 10:38:35,013 [ERROR] LogOutputStream:75 - [STDERR_REDIRECT] 
2025-03-23 10:38:36,004 [ERROR] LogOutputStream:75 - [STDERR_REDIRECT] [Fatal Error] :1:1: Premature end of file.
2025-03-23 10:38:36,004 [ERROR] LogOutputStream:75 - [STDERR_REDIRECT] 
2025-03-23 10:38:37,016 [ERROR] LogOutputStream:75 - [STDERR_REDIRECT] [Fatal Error] :1:1: Premature end of file.
2025-03-23 10:38:37,016 [ERROR] LogOutputStream:75 - [STDERR_REDIRECT] 
2025-03-23 10:38:38,020 [ERROR] LogOutputStream:75 - [STDERR_REDIRECT] [Fatal Error] :1:1: Premature end of file.
2025-03-23 10:38:38,020 [ERROR] LogOutputStream:75 - [STDERR_REDIRECT] 
2025-03-23 10:38:39,014 [ERROR] LogOutputStream:75 - [STDERR_REDIRECT] [Fatal Error] :1:1: Premature end of file.
2025-03-23 10:38:39,014 [ERROR] LogOutputStream:75 - [STDERR_REDIRECT] 
2025-03-23 10:38:40,022 [ERROR] LogOutputStream:75 - [STDERR_REDIRECT] [Fatal Error] :1:1: Premature end of file.
2025-03-23 10:38:40,022 [ERROR] LogOutputStream:75 - [STDERR_REDIRECT] 
2025-03-23 10:38:41,019 [ERROR] LogOutputStream:75 - [STDERR_REDIRECT] [Fatal Error] :1:1: Premature end of file.
2025-03-23 10:38:41,019 [ERROR] LogOutputStream:75 - [STDERR_REDIRECT] 
2025-03-23 10:38:42,013 [ERROR] LogOutputStream:75 - [STDERR_REDIRECT] [Fatal Error] :1:1: Premature end of file.
2025-03-23 10:38:42,013 [ERROR] LogOutputStream:75 - [STDERR_REDIRECT] 
2025-03-23 10:38:43,013 [ERROR] LogOutputStream:75 - [STDERR_REDIRECT] [Fatal Error] :1:1: Premature end of file.
2025-03-23 10:38:43,020 [ERROR] LogOutputStream:75 - [STDERR_REDIRECT] 
2025-03-23 10:38:44,012 [ERROR] LogOutputStream:75 - [STDERR_REDIRECT] [Fatal Error] :1:1: Premature end of file.
2025-03-23 10:38:44,012 [ERROR] LogOutputStream:75 - [STDERR_REDIRECT] 
2025-03-23 10:38:45,012 [ERROR] LogOutputStream:75 - [STDERR_REDIRECT] [Fatal Error] :1:1: Premature end of file.
2025-03-23 10:38:45,012 [ERROR] LogOutputStream:75 - [STDERR_REDIRECT] 
2025-03-23 10:38:46,015 [ERROR] LogOutputStream:75 - [STDERR_REDIRECT] [Fatal Error] :1:1: Premature end of file.
2025-03-23 10:38:46,015 [ERROR] LogOutputStream:75 - [STDERR_REDIRECT] 
2025-03-23 10:38:47,015 [ERROR] LogOutputStream:75 - [STDERR_REDIRECT] [Fatal Error] :1:1: Premature end of file.
2025-03-23 10:38:47,015 [ERROR] LogOutputStream:75 - [STDERR_REDIRECT] 
2025-03-23 10:38:48,012 [ERROR] LogOutputStream:75 - [STDERR_REDIRECT] [Fatal Error] :1:1: Premature end of file.
2025-03-23 10:38:48,012 [ERROR] LogOutputStream:75 - [STDERR_REDIRECT] 
2025-03-23 10:38:49,011 [ERROR] LogOutputStream:75 - [STDERR_REDIRECT] [Fatal Error] :1:1: Premature end of file.
2025-03-23 10:38:49,011 [ERROR] LogOutputStream:75 - [STDERR_REDIRECT] 
2025-03-23 10:38:50,008 [ERROR] LogOutputStream:75 - [STDERR_REDIRECT] [Fatal Error] :1:1: Premature end of file.
2025-03-23 10:38:50,008 [ERROR] LogOutputStream:75 - [STDERR_REDIRECT] 
2025-03-23 10:38:51,007 [ERROR] LogOutputStream:75 - [STDERR_REDIRECT] [Fatal Error] :1:1: Premature end of file.
2025-03-23 10:38:51,007 [ERROR] LogOutputStream:75 - [STDERR_REDIRECT] 
2025-03-23 10:38:52,015 [ERROR] LogOutputStream:75 - [STDERR_REDIRECT] [Fatal Error] :1:1: Premature end of file.
2025-03-23 10:38:52,015 [ERROR] LogOutputStream:75 - [STDERR_REDIRECT] 
2025-03-23 10:38:53,012 [ERROR] LogOutputStream:75 - [STDERR_REDIRECT] [Fatal Error] :1:1: Premature end of file.
2025-03-23 10:38:53,012 [ERROR] LogOutputStream:75 - [STDERR_REDIRECT] 
2025-03-23 10:38:54,003 [ERROR] LogOutputStream:75 - [STDERR_REDIRECT] [Fatal Error] :1:1: Premature end of file.
2025-03-23 10:38:54,003 [ERROR] LogOutputStream:75 - [STDERR_REDIRECT] 
2025-03-23 10:38:55,005 [ERROR] LogOutputStream:75 - [STDERR_REDIRECT] [Fatal Error] :1:1: Premature end of file.
2025-03-23 10:38:55,005 [ERROR] LogOutputStream:75 - [STDERR_REDIRECT] 
2025-03-23 10:38:56,018 [ERROR] LogOutputStream:75 - [STDERR_REDIRECT] [Fatal Error] :1:1: Premature end of file.
2025-03-23 10:38:56,018 [ERROR] LogOutputStream:75 - [STDERR_REDIRECT] 
2025-03-23 10:38:57,018 [ERROR] LogOutputStream:75 - [STDERR_REDIRECT] [Fatal Error] :1:1: Premature end of file.
2025-03-23 10:38:57,018 [ERROR] LogOutputStream:75 - [STDERR_REDIRECT] 
2025-03-23 10:38:58,018 [ERROR] LogOutputStream:75 - [STDERR_REDIRECT] [Fatal Error] :1:1: Premature end of file.
2025-03-23 10:38:58,018 [ERROR] LogOutputStream:75 - [STDERR_REDIRECT] 
2025-03-23 10:38:59,015 [ERROR] LogOutputStream:75 - [STDERR_REDIRECT] [Fatal Error] :1:1: Premature end of file.
2025-03-23 10:38:59,015 [ERROR] LogOutputStream:75 - [STDERR_REDIRECT] 
2025-03-23 10:39:00,020 [ERROR] LogOutputStream:75 - [STDERR_REDIRECT] [Fatal Error] :1:1: Premature end of file.
2025-03-23 10:39:00,020 [ERROR] LogOutputStream:75 - [STDERR_REDIRECT] 
2025-03-23 10:39:01,012 [ERROR] LogOutputStream:75 - [STDERR_REDIRECT] [Fatal Error] :1:1: Premature end of file.
2025-03-23 10:39:01,014 [ERROR] LogOutputStream:75 - [STDERR_REDIRECT] 
2025-03-23 10:39:02,007 [ERROR] LogOutputStream:75 - [STDERR_REDIRECT] [Fatal Error] :1:1: Premature end of file.
2025-03-23 10:39:02,007 [ERROR] LogOutputStream:75 - [STDERR_REDIRECT] 
2025-03-23 10:39:03,006 [ERROR] LogOutputStream:75 - [STDERR_REDIRECT] [Fatal Error] :1:1: Premature end of file.
2025-03-23 10:39:03,006 [ERROR] LogOutputStream:75 - [STDERR_REDIRECT] 
2025-03-23 10:39:04,003 [ERROR] LogOutputStream:75 - [STDERR_REDIRECT] [Fatal Error] :1:1: Premature end of file.
2025-03-23 10:39:04,003 [ERROR] LogOutputStream:75 - [STDERR_REDIRECT] 
2025-03-23 10:39:05,008 [ERROR] LogOutputStream:75 - [STDERR_REDIRECT] [Fatal Error] :1:1: Premature end of file.
2025-03-23 10:39:05,008 [ERROR] LogOutputStream:75 - [STDERR_REDIRECT] 
2025-03-23 10:39:06,019 [ERROR] LogOutputStream:75 - [STDERR_REDIRECT] [Fatal Error] :1:1: Premature end of file.
2025-03-23 10:39:06,019 [ERROR] LogOutputStream:75 - [STDERR_REDIRECT] 
2025-03-23 10:39:07,013 [ERROR] LogOutputStream:75 - [STDERR_REDIRECT] [Fatal Error] :1:1: Premature end of file.
2025-03-23 10:39:07,013 [ERROR] LogOutputStream:75 - [STDERR_REDIRECT] 
2025-03-23 10:39:08,016 [ERROR] LogOutputStream:75 - [STDERR_REDIRECT] [Fatal Error] :1:1: Premature end of file.
2025-03-23 10:39:08,016 [ERROR] LogOutputStream:75 - [STDERR_REDIRECT] 
2025-03-23 10:39:09,016 [ERROR] LogOutputStream:75 - [STDERR_REDIRECT] [Fatal Error] :1:1: Premature end of file.
2025-03-23 10:39:09,016 [ERROR] LogOutputStream:75 - [STDERR_REDIRECT] 
2025-03-23 10:39:10,008 [ERROR] LogOutputStream:75 - [STDERR_REDIRECT] [Fatal Error] :1:1: Premature end of file.
2025-03-23 10:39:10,008 [ERROR] LogOutputStream:75 - [STDERR_REDIRECT] 
2025-03-23 10:39:11,011 [ERROR] LogOutputStream:75 - [STDERR_REDIRECT] [Fatal Error] :1:1: Premature end of file.
2025-03-23 10:39:11,011 [ERROR] LogOutputStream:75 - [STDERR_REDIRECT] 
2025-03-23 10:39:12,007 [ERROR] LogOutputStream:75 - [STDERR_REDIRECT] [Fatal Error] :1:1: Premature end of file.
2025-03-23 10:39:12,007 [ERROR] LogOutputStream:75 - [STDERR_REDIRECT] 
2025-03-23 10:39:13,008 [ERROR] LogOutputStream:75 - [STDERR_REDIRECT] [Fatal Error] :1:1: Premature end of file.
2025-03-23 10:39:13,008 [ERROR] LogOutputStream:75 - [STDERR_REDIRECT] 
2025-03-23 10:39:14,019 [ERROR] LogOutputStream:75 - [STDERR_REDIRECT] [Fatal Error] :1:1: Premature end of file.
2025-03-23 10:39:14,019 [ERROR] LogOutputStream:75 - [STDERR_REDIRECT] 
2025-03-23 10:39:15,002 [ERROR] LogOutputStream:75 - [STDERR_REDIRECT] [Fatal Error] :1:1: Premature end of file.
2025-03-23 10:39:15,002 [ERROR] LogOutputStream:75 - [STDERR_REDIRECT] 
2025-03-23 10:39:16,011 [ERROR] LogOutputStream:75 - [STDERR_REDIRECT] [Fatal Error] :1:1: Premature end of file.
2025-03-23 10:39:16,011 [ERROR] LogOutputStream:75 - [STDERR_REDIRECT] 
2025-03-23 10:39:17,009 [ERROR] LogOutputStream:75 - [STDERR_REDIRECT] [Fatal Error] :1:1: Premature end of file.
2025-03-23 10:39:17,009 [ERROR] LogOutputStream:75 - [STDERR_REDIRECT] 
2025-03-23 10:39:18,013 [ERROR] LogOutputStream:75 - [STDERR_REDIRECT] [Fatal Error] :1:1: Premature end of file.
2025-03-23 10:39:18,013 [ERROR] LogOutputStream:75 - [STDERR_REDIRECT] 
2025-03-23 10:39:19,018 [ERROR] LogOutputStream:75 - [STDERR_REDIRECT] [Fatal Error] :1:1: Premature end of file.
2025-03-23 10:39:19,018 [ERROR] LogOutputStream:75 - [STDERR_REDIRECT] 
2025-03-23 10:39:20,016 [ERROR] LogOutputStream:75 - [STDERR_REDIRECT] [Fatal Error] :1:1: Premature end of file.
2025-03-23 10:39:20,016 [ERROR] LogOutputStream:75 - [STDERR_REDIRECT] 
2025-03-23 10:39:21,008 [ERROR] LogOutputStream:75 - [STDERR_REDIRECT] [Fatal Error] :1:1: Premature end of file.
2025-03-23 10:39:21,008 [ERROR] LogOutputStream:75 - [STDERR_REDIRECT] 
2025-03-23 10:39:22,002 [ERROR] LogOutputStream:75 - [STDERR_REDIRECT] [Fatal Error] :1:1: Premature end of file.
2025-03-23 10:39:22,002 [ERROR] LogOutputStream:75 - [STDERR_REDIRECT] 
2025-03-23 10:39:23,005 [ERROR] LogOutputStream:75 - [STDERR_REDIRECT] [Fatal Error] :1:1: Premature end of file.
2025-03-23 10:39:23,005 [ERROR] LogOutputStream:75 - [STDERR_REDIRECT] 
2025-03-23 10:39:24,024 [ERROR] LogOutputStream:75 - [STDERR_REDIRECT] [Fatal Error] :1:1: Premature end of file.
2025-03-23 10:39:24,024 [ERROR] LogOutputStream:75 - [STDERR_REDIRECT] 
2025-03-23 10:39:25,012 [ERROR] LogOutputStream:75 - [STDERR_REDIRECT] [Fatal Error] :1:1: Premature end of file.
2025-03-23 10:39:25,012 [ERROR] LogOutputStream:75 - [STDERR_REDIRECT] 
2025-03-23 10:39:26,016 [ERROR] LogOutputStream:75 - [STDERR_REDIRECT] [Fatal Error] :1:1: Premature end of file.
2025-03-23 10:39:26,016 [ERROR] LogOutputStream:75 - [STDERR_REDIRECT] 
2025-03-23 10:39:27,005 [ERROR] LogOutputStream:75 - [STDERR_REDIRECT] [Fatal Error] :1:1: Premature end of file.
2025-03-23 10:39:27,005 [ERROR] LogOutputStream:75 - [STDERR_REDIRECT] 
2025-03-23 10:39:28,002 [ERROR] LogOutputStream:75 - [STDERR_REDIRECT] [Fatal Error] :1:1: Premature end of file.
2025-03-23 10:39:28,002 [ERROR] LogOutputStream:75 - [STDERR_REDIRECT] 
2025-03-23 10:39:29,019 [ERROR] LogOutputStream:75 - [STDERR_REDIRECT] [Fatal Error] :1:1: Premature end of file.
2025-03-23 10:39:29,019 [ERROR] LogOutputStream:75 - [STDERR_REDIRECT] 
2025-03-23 10:39:30,013 [ERROR] LogOutputStream:75 - [STDERR_REDIRECT] [Fatal Error] :1:1: Premature end of file.
2025-03-23 10:39:30,013 [ERROR] LogOutputStream:75 - [STDERR_REDIRECT] 
2025-03-23 10:39:31,012 [ERROR] LogOutputStream:75 - [STDERR_REDIRECT] [Fatal Error] :1:1: Premature end of file.
2025-03-23 10:39:31,012 [ERROR] LogOutputStream:75 - [STDERR_REDIRECT] 
2025-03-23 10:39:32,008 [ERROR] LogOutputStream:75 - [STDERR_REDIRECT] [Fatal Error] :1:1: Premature end of file.
2025-03-23 10:39:32,008 [ERROR] LogOutputStream:75 - [STDERR_REDIRECT] 
2025-03-23 10:39:33,005 [ERROR] LogOutputStream:75 - [STDERR_REDIRECT] [Fatal Error] :1:1: Premature end of file.
2025-03-23 10:39:33,005 [ERROR] LogOutputStream:75 - [STDERR_REDIRECT] 
2025-03-23 10:39:34,019 [ERROR] LogOutputStream:75 - [STDERR_REDIRECT] [Fatal Error] :1:1: Premature end of file.
2025-03-23 10:39:34,019 [ERROR] LogOutputStream:75 - [STDERR_REDIRECT] 
2025-03-23 10:39:35,020 [ERROR] LogOutputStream:75 - [STDERR_REDIRECT] [Fatal Error] :1:1: Premature end of file.
2025-03-23 10:39:35,021 [ERROR] LogOutputStream:75 - [STDERR_REDIRECT] 
2025-03-23 10:39:36,009 [ERROR] LogOutputStream:75 - [STDERR_REDIRECT] [Fatal Error] :1:1: Premature end of file.
2025-03-23 10:39:36,009 [ERROR] LogOutputStream:75 - [STDERR_REDIRECT] 
2025-03-23 10:39:37,004 [ERROR] LogOutputStream:75 - [STDERR_REDIRECT] [Fatal Error] :1:1: Premature end of file.
2025-03-23 10:39:37,004 [ERROR] LogOutputStream:75 - [STDERR_REDIRECT] 
2025-03-23 10:39:38,015 [ERROR] LogOutputStream:75 - [STDERR_REDIRECT] [Fatal Error] :1:1: Premature end of file.
2025-03-23 10:39:38,015 [ERROR] LogOutputStream:75 - [STDERR_REDIRECT] 
2025-03-23 10:39:39,013 [ERROR] LogOutputStream:75 - [STDERR_REDIRECT] [Fatal Error] :1:1: Premature end of file.
2025-03-23 10:39:39,013 [ERROR] LogOutputStream:75 - [STDERR_REDIRECT] 
2025-03-23 10:39:40,009 [ERROR] LogOutputStream:75 - [STDERR_REDIRECT] [Fatal Error] :1:1: Premature end of file.
2025-03-23 10:39:40,009 [ERROR] LogOutputStream:75 - [STDERR_REDIRECT] 
2025-03-23 10:39:41,012 [ERROR] LogOutputStream:75 - [STDERR_REDIRECT] [Fatal Error] :1:1: Premature end of file.
2025-03-23 10:39:41,012 [ERROR] LogOutputStream:75 - [STDERR_REDIRECT] 
2025-03-23 10:39:42,011 [ERROR] LogOutputStream:75 - [STDERR_REDIRECT] [Fatal Error] :1:1: Premature end of file.
2025-03-23 10:39:42,011 [ERROR] LogOutputStream:75 - [STDERR_REDIRECT] 
2025-03-23 10:39:43,032 [ERROR] LogOutputStream:75 - [STDERR_REDIRECT] [Fatal Error] :1:1: Premature end of file.
2025-03-23 10:39:43,032 [ERROR] LogOutputStream:75 - [STDERR_REDIRECT] 
2025-03-23 10:39:44,004 [ERROR] LogOutputStream:75 - [STDERR_REDIRECT] [Fatal Error] :1:1: Premature end of file.
2025-03-23 10:39:44,004 [ERROR] LogOutputStream:75 - [STDERR_REDIRECT] 
2025-03-23 10:39:45,012 [ERROR] LogOutputStream:75 - [STDERR_REDIRECT] [Fatal Error] :1:1: Premature end of file.
2025-03-23 10:39:45,014 [ERROR] LogOutputStream:75 - [STDERR_REDIRECT] 
2025-03-23 10:39:46,018 [ERROR] LogOutputStream:75 - [STDERR_REDIRECT] [Fatal Error] :1:1: Premature end of file.
2025-03-23 10:39:46,018 [ERROR] LogOutputStream:75 - [STDERR_REDIRECT] 
2025-03-23 10:39:47,012 [ERROR] LogOutputStream:75 - [STDERR_REDIRECT] [Fatal Error] :1:1: Premature end of file.
2025-03-23 10:39:47,012 [ERROR] LogOutputStream:75 - [STDERR_REDIRECT] 
2025-03-23 10:39:48,013 [ERROR] LogOutputStream:75 - [STDERR_REDIRECT] [Fatal Error] :1:1: Premature end of file.
2025-03-23 10:39:48,013 [ERROR] LogOutputStream:75 - [STDERR_REDIRECT] 
2025-03-23 10:39:49,016 [ERROR] LogOutputStream:75 - [STDERR_REDIRECT] [Fatal Error] :1:1: Premature end of file.
2025-03-23 10:39:49,016 [ERROR] LogOutputStream:75 - [STDERR_REDIRECT] 
2025-03-23 10:39:50,014 [ERROR] LogOutputStream:75 - [STDERR_REDIRECT] [Fatal Error] :1:1: Premature end of file.
2025-03-23 10:39:50,014 [ERROR] LogOutputStream:75 - [STDERR_REDIRECT] 
2025-03-23 10:39:51,016 [ERROR] LogOutputStream:75 - [STDERR_REDIRECT] [Fatal Error] :1:1: Premature end of file.
2025-03-23 10:39:51,016 [ERROR] LogOutputStream:75 - [STDERR_REDIRECT] 
2025-03-23 10:39:52,004 [ERROR] LogOutputStream:75 - [STDERR_REDIRECT] [Fatal Error] :1:1: Premature end of file.
2025-03-23 10:39:52,004 [ERROR] LogOutputStream:75 - [STDERR_REDIRECT] 
2025-03-23 10:39:53,008 [ERROR] LogOutputStream:75 - [STDERR_REDIRECT] [Fatal Error] :1:1: Premature end of file.
2025-03-23 10:39:53,008 [ERROR] LogOutputStream:75 - [STDERR_REDIRECT] 
2025-03-23 10:39:54,003 [ERROR] LogOutputStream:75 - [STDERR_REDIRECT] [Fatal Error] :1:1: Premature end of file.
2025-03-23 10:39:54,003 [ERROR] LogOutputStream:75 - [STDERR_REDIRECT] 
2025-03-23 10:39:55,023 [ERROR] LogOutputStream:75 - [STDERR_REDIRECT] [Fatal Error] :1:1: Premature end of file.
2025-03-23 10:39:55,023 [ERROR] LogOutputStream:75 - [STDERR_REDIRECT] 
2025-03-23 10:39:55,995 [ERROR] LogOutputStream:75 - [STDERR_REDIRECT] [Fatal Error] :1:1: Premature end of file.
2025-03-23 10:39:55,995 [ERROR] LogOutputStream:75 - [STDERR_REDIRECT] 
2025-03-23 10:39:56,998 [ERROR] LogOutputStream:75 - [STDERR_REDIRECT] [Fatal Error] :1:1: Premature end of file.
2025-03-23 10:39:56,998 [ERROR] LogOutputStream:75 - [STDERR_REDIRECT] 
2025-03-23 10:39:58,005 [ERROR] LogOutputStream:75 - [STDERR_REDIRECT] [Fatal Error] :1:1: Premature end of file.
2025-03-23 10:39:58,005 [ERROR] LogOutputStream:75 - [STDERR_REDIRECT] 
2025-03-23 10:39:58,997 [ERROR] LogOutputStream:75 - [STDERR_REDIRECT] [Fatal Error] :1:1: Premature end of file.
2025-03-23 10:39:58,997 [ERROR] LogOutputStream:75 - [STDERR_REDIRECT] 
2025-03-23 10:40:00,004 [ERROR] LogOutputStream:75 - [STDERR_REDIRECT] [Fatal Error] :1:1: Premature end of file.
2025-03-23 10:40:00,005 [ERROR] LogOutputStream:75 - [STDERR_REDIRECT] 
2025-03-23 10:40:00,993 [ERROR] LogOutputStream:75 - [STDERR_REDIRECT] [Fatal Error] :1:1: Premature end of file.
2025-03-23 10:40:00,993 [ERROR] LogOutputStream:75 - [STDERR_REDIRECT] 
2025-03-23 10:40:02,006 [ERROR] LogOutputStream:75 - [STDERR_REDIRECT] [Fatal Error] :1:1: Premature end of file.
2025-03-23 10:40:02,006 [ERROR] LogOutputStream:75 - [STDERR_REDIRECT] 
2025-03-23 10:40:03,003 [ERROR] LogOutputStream:75 - [STDERR_REDIRECT] [Fatal Error] :1:1: Premature end of file.
2025-03-23 10:40:03,003 [ERROR] LogOutputStream:75 - [STDERR_REDIRECT] 
2025-03-23 10:40:04,004 [ERROR] LogOutputStream:75 - [STDERR_REDIRECT] [Fatal Error] :1:1: Premature end of file.
2025-03-23 10:40:04,004 [ERROR] LogOutputStream:75 - [STDERR_REDIRECT] 
2025-03-23 10:40:04,999 [ERROR] LogOutputStream:75 - [STDERR_REDIRECT] [Fatal Error] :1:1: Premature end of file.
2025-03-23 10:40:05,002 [ERROR] LogOutputStream:75 - [STDERR_REDIRECT] 
2025-03-23 10:40:06,000 [ERROR] LogOutputStream:75 - [STDERR_REDIRECT] [Fatal Error] :1:1: Premature end of file.
2025-03-23 10:40:06,000 [ERROR] LogOutputStream:75 - [STDERR_REDIRECT] 
2025-03-23 10:40:07,006 [ERROR] LogOutputStream:75 - [STDERR_REDIRECT] [Fatal Error] :1:1: Premature end of file.
2025-03-23 10:40:07,006 [ERROR] LogOutputStream:75 - [STDERR_REDIRECT] 
2025-03-23 10:40:08,004 [ERROR] LogOutputStream:75 - [STDERR_REDIRECT] [Fatal Error] :1:1: Premature end of file.
2025-03-23 10:40:08,005 [ERROR] LogOutputStream:75 - [STDERR_REDIRECT] 
2025-03-23 10:40:09,003 [ERROR] LogOutputStream:75 - [STDERR_REDIRECT] [Fatal Error] :1:1: Premature end of file.
2025-03-23 10:40:09,003 [ERROR] LogOutputStream:75 - [STDERR_REDIRECT] 
2025-03-23 10:40:09,994 [ERROR] LogOutputStream:75 - [STDERR_REDIRECT] [Fatal Error] :1:1: Premature end of file.
2025-03-23 10:40:09,994 [ERROR] LogOutputStream:75 - [STDERR_REDIRECT] 
2025-03-23 10:40:11,006 [ERROR] LogOutputStream:75 - [STDERR_REDIRECT] [Fatal Error] :1:1: Premature end of file.
2025-03-23 10:40:11,007 [ERROR] LogOutputStream:75 - [STDERR_REDIRECT] 
2025-03-23 10:40:12,005 [ERROR] LogOutputStream:75 - [STDERR_REDIRECT] [Fatal Error] :1:1: Premature end of file.
2025-03-23 10:40:12,006 [ERROR] LogOutputStream:75 - [STDERR_REDIRECT] 
2025-03-23 10:40:13,001 [ERROR] LogOutputStream:75 - [STDERR_REDIRECT] [Fatal Error] :1:1: Premature end of file.
2025-03-23 10:40:13,001 [ERROR] LogOutputStream:75 - [STDERR_REDIRECT] 
2025-03-23 10:40:14,002 [ERROR] LogOutputStream:75 - [STDERR_REDIRECT] [Fatal Error] :1:1: Premature end of file.
2025-03-23 10:40:14,002 [ERROR] LogOutputStream:75 - [STDERR_REDIRECT] 
2025-03-23 10:40:15,004 [ERROR] LogOutputStream:75 - [STDERR_REDIRECT] [Fatal Error] :1:1: Premature end of file.
2025-03-23 10:40:15,004 [ERROR] LogOutputStream:75 - [STDERR_REDIRECT] 
2025-03-23 10:40:16,003 [ERROR] LogOutputStream:75 - [STDERR_REDIRECT] [Fatal Error] :1:1: Premature end of file.
2025-03-23 10:40:16,003 [ERROR] LogOutputStream:75 - [STDERR_REDIRECT] 
2025-03-23 10:40:17,006 [ERROR] LogOutputStream:75 - [STDERR_REDIRECT] [Fatal Error] :1:1: Premature end of file.
2025-03-23 10:40:17,006 [ERROR] LogOutputStream:75 - [STDERR_REDIRECT] 
2025-03-23 10:40:18,004 [ERROR] LogOutputStream:75 - [STDERR_REDIRECT] [Fatal Error] :1:1: Premature end of file.
2025-03-23 10:40:18,004 [ERROR] LogOutputStream:75 - [STDERR_REDIRECT] 
2025-03-23 10:40:18,999 [ERROR] LogOutputStream:75 - [STDERR_REDIRECT] [Fatal Error] :1:1: Premature end of file.
2025-03-23 10:40:18,999 [ERROR] LogOutputStream:75 - [STDERR_REDIRECT] 
2025-03-23 10:40:20,013 [ERROR] LogOutputStream:75 - [STDERR_REDIRECT] [Fatal Error] :1:1: Premature end of file.
2025-03-23 10:40:20,013 [ERROR] LogOutputStream:75 - [STDERR_REDIRECT] 
2025-03-23 10:40:21,003 [ERROR] LogOutputStream:75 - [STDERR_REDIRECT] [Fatal Error] :1:1: Premature end of file.
2025-03-23 10:40:21,003 [ERROR] LogOutputStream:75 - [STDERR_REDIRECT] 
2025-03-23 10:40:22,000 [ERROR] LogOutputStream:75 - [STDERR_REDIRECT] [Fatal Error] :1:1: Premature end of file.
2025-03-23 10:40:22,000 [ERROR] LogOutputStream:75 - [STDERR_REDIRECT] 
2025-03-23 10:40:23,001 [ERROR] LogOutputStream:75 - [STDERR_REDIRECT] [Fatal Error] :1:1: Premature end of file.
2025-03-23 10:40:23,001 [ERROR] LogOutputStream:75 - [STDERR_REDIRECT] 
2025-03-23 10:40:23,994 [ERROR] LogOutputStream:75 - [STDERR_REDIRECT] [Fatal Error] :1:1: Premature end of file.
2025-03-23 10:40:24,003 [ERROR] LogOutputStream:75 - [STDERR_REDIRECT] 
2025-03-23 10:40:25,002 [ERROR] LogOutputStream:75 - [STDERR_REDIRECT] [Fatal Error] :1:1: Premature end of file.
2025-03-23 10:40:25,002 [ERROR] LogOutputStream:75 - [STDERR_REDIRECT] 
2025-03-23 10:40:26,003 [ERROR] LogOutputStream:75 - [STDERR_REDIRECT] [Fatal Error] :1:1: Premature end of file.
2025-03-23 10:40:26,005 [ERROR] LogOutputStream:75 - [STDERR_REDIRECT] 
2025-03-23 10:40:27,043 [ERROR] LogOutputStream:75 - [STDERR_REDIRECT] [Fatal Error] :1:1: Premature end of file.
2025-03-23 10:40:27,043 [ERROR] LogOutputStream:75 - [STDERR_REDIRECT] 
2025-03-23 10:40:28,003 [ERROR] LogOutputStream:75 - [STDERR_REDIRECT] [Fatal Error] :1:1: Premature end of file.
2025-03-23 10:40:28,003 [ERROR] LogOutputStream:75 - [STDERR_REDIRECT] 
2025-03-23 10:40:29,003 [ERROR] LogOutputStream:75 - [STDERR_REDIRECT] [Fatal Error] :1:1: Premature end of file.
2025-03-23 10:40:29,003 [ERROR] LogOutputStream:75 - [STDERR_REDIRECT] 
2025-03-23 10:40:30,005 [ERROR] LogOutputStream:75 - [STDERR_REDIRECT] [Fatal Error] :1:1: Premature end of file.
2025-03-23 10:40:30,005 [ERROR] LogOutputStream:75 - [STDERR_REDIRECT] 
2025-03-23 10:40:31,018 [ERROR] LogOutputStream:75 - [STDERR_REDIRECT] [Fatal Error] :1:1: Premature end of file.
2025-03-23 10:40:31,018 [ERROR] LogOutputStream:75 - [STDERR_REDIRECT] 
2025-03-23 10:40:32,005 [ERROR] LogOutputStream:75 - [STDERR_REDIRECT] [Fatal Error] :1:1: Premature end of file.
2025-03-23 10:40:32,005 [ERROR] LogOutputStream:75 - [STDERR_REDIRECT] 
2025-03-23 10:40:33,003 [ERROR] LogOutputStream:75 - [STDERR_REDIRECT] [Fatal Error] :1:1: Premature end of file.
2025-03-23 10:40:33,003 [ERROR] LogOutputStream:75 - [STDERR_REDIRECT] 
2025-03-23 10:40:34,004 [ERROR] LogOutputStream:75 - [STDERR_REDIRECT] [Fatal Error] :1:1: Premature end of file.
2025-03-23 10:40:34,004 [ERROR] LogOutputStream:75 - [STDERR_REDIRECT] 
2025-03-23 10:40:35,003 [ERROR] LogOutputStream:75 - [STDERR_REDIRECT] [Fatal Error] :1:1: Premature end of file.
2025-03-23 10:40:35,003 [ERROR] LogOutputStream:75 - [STDERR_REDIRECT] 
2025-03-23 10:40:36,008 [ERROR] LogOutputStream:75 - [STDERR_REDIRECT] [Fatal Error] :1:1: Premature end of file.
2025-03-23 10:40:36,010 [ERROR] LogOutputStream:75 - [STDERR_REDIRECT] 
2025-03-23 10:40:37,001 [ERROR] LogOutputStream:75 - [STDERR_REDIRECT] [Fatal Error] :1:1: Premature end of file.
2025-03-23 10:40:37,001 [ERROR] LogOutputStream:75 - [STDERR_REDIRECT] 
2025-03-23 10:40:38,018 [ERROR] LogOutputStream:75 - [STDERR_REDIRECT] [Fatal Error] :1:1: Premature end of file.
2025-03-23 10:40:38,018 [ERROR] LogOutputStream:75 - [STDERR_REDIRECT] 
2025-03-23 10:40:39,004 [ERROR] LogOutputStream:75 - [STDERR_REDIRECT] [Fatal Error] :1:1: Premature end of file.
2025-03-23 10:40:39,004 [ERROR] LogOutputStream:75 - [STDERR_REDIRECT] 
2025-03-23 10:40:40,014 [ERROR] LogOutputStream:75 - [STDERR_REDIRECT] [Fatal Error] :1:1: Premature end of file.
2025-03-23 10:40:40,014 [ERROR] LogOutputStream:75 - [STDERR_REDIRECT] 
2025-03-23 10:40:41,000 [ERROR] LogOutputStream:75 - [STDERR_REDIRECT] [Fatal Error] :1:1: Premature end of file.
2025-03-23 10:40:41,000 [ERROR] LogOutputStream:75 - [STDERR_REDIRECT] 
2025-03-23 10:40:42,006 [ERROR] LogOutputStream:75 - [STDERR_REDIRECT] [Fatal Error] :1:1: Premature end of file.
2025-03-23 10:40:42,006 [ERROR] LogOutputStream:75 - [STDERR_REDIRECT] 
2025-03-23 10:40:43,002 [ERROR] LogOutputStream:75 - [STDERR_REDIRECT] [Fatal Error] :1:1: Premature end of file.
2025-03-23 10:40:43,002 [ERROR] LogOutputStream:75 - [STDERR_REDIRECT] 
2025-03-23 10:40:43,993 [ERROR] LogOutputStream:75 - [STDERR_REDIRECT] [Fatal Error] :1:1: Premature end of file.
2025-03-23 10:40:43,993 [ERROR] LogOutputStream:75 - [STDERR_REDIRECT] 
2025-03-23 10:40:45,002 [ERROR] LogOutputStream:75 - [STDERR_REDIRECT] [Fatal Error] :1:1: Premature end of file.
2025-03-23 10:40:45,002 [ERROR] LogOutputStream:75 - [STDERR_REDIRECT] 
2025-03-23 10:40:46,000 [ERROR] LogOutputStream:75 - [STDERR_REDIRECT] [Fatal Error] :1:1: Premature end of file.
2025-03-23 10:40:46,000 [ERROR] LogOutputStream:75 - [STDERR_REDIRECT] 
2025-03-23 10:40:47,043 [ERROR] LogOutputStream:75 - [STDERR_REDIRECT] [Fatal Error] :1:1: Premature end of file.
2025-03-23 10:40:47,043 [ERROR] LogOutputStream:75 - [STDERR_REDIRECT] 
2025-03-23 10:40:47,995 [ERROR] LogOutputStream:75 - [STDERR_REDIRECT] [Fatal Error] :1:1: Premature end of file.
2025-03-23 10:40:47,995 [ERROR] LogOutputStream:75 - [STDERR_REDIRECT] 
2025-03-23 10:40:49,016 [ERROR] LogOutputStream:75 - [STDERR_REDIRECT] [Fatal Error] :1:1: Premature end of file.
2025-03-23 10:40:49,017 [ERROR] LogOutputStream:75 - [STDERR_REDIRECT] 
2025-03-23 10:40:50,004 [ERROR] LogOutputStream:75 - [STDERR_REDIRECT] [Fatal Error] :1:1: Premature end of file.
2025-03-23 10:40:50,004 [ERROR] LogOutputStream:75 - [STDERR_REDIRECT] 
2025-03-23 10:40:51,006 [ERROR] LogOutputStream:75 - [STDERR_REDIRECT] [Fatal Error] :1:1: Premature end of file.
2025-03-23 10:40:51,006 [ERROR] LogOutputStream:75 - [STDERR_REDIRECT] 
2025-03-23 10:40:52,015 [ERROR] LogOutputStream:75 - [STDERR_REDIRECT] [Fatal Error] :1:1: Premature end of file.
2025-03-23 10:40:52,015 [ERROR] LogOutputStream:75 - [STDERR_REDIRECT] 
2025-03-23 10:40:53,016 [ERROR] LogOutputStream:75 - [STDERR_REDIRECT] [Fatal Error] :1:1: Premature end of file.
2025-03-23 10:40:53,016 [ERROR] LogOutputStream:75 - [STDERR_REDIRECT] 
2025-03-23 10:40:54,016 [ERROR] LogOutputStream:75 - [STDERR_REDIRECT] [Fatal Error] :1:1: Premature end of file.
2025-03-23 10:40:54,016 [ERROR] LogOutputStream:75 - [STDERR_REDIRECT] 
2025-03-23 10:40:55,015 [ERROR] LogOutputStream:75 - [STDERR_REDIRECT] [Fatal Error] :1:1: Premature end of file.
2025-03-23 10:40:55,015 [ERROR] LogOutputStream:75 - [STDERR_REDIRECT] 
2025-03-23 10:40:56,015 [ERROR] LogOutputStream:75 - [STDERR_REDIRECT] [Fatal Error] :1:1: Premature end of file.
2025-03-23 10:40:56,015 [ERROR] LogOutputStream:75 - [STDERR_REDIRECT] 
2025-03-23 10:40:57,015 [ERROR] LogOutputStream:75 - [STDERR_REDIRECT] [Fatal Error] :1:1: Premature end of file.
2025-03-23 10:40:57,015 [ERROR] LogOutputStream:75 - [STDERR_REDIRECT] 
2025-03-23 10:40:58,015 [ERROR] LogOutputStream:75 - [STDERR_REDIRECT] [Fatal Error] :1:1: Premature end of file.
2025-03-23 10:40:58,015 [ERROR] LogOutputStream:75 - [STDERR_REDIRECT] 
2025-03-23 10:40:59,015 [ERROR] LogOutputStream:75 - [STDERR_REDIRECT] [Fatal Error] :1:1: Premature end of file.
2025-03-23 10:40:59,015 [ERROR] LogOutputStream:75 - [STDERR_REDIRECT] 
2025-03-23 10:41:00,015 [ERROR] LogOutputStream:75 - [STDERR_REDIRECT] [Fatal Error] :1:1: Premature end of file.
2025-03-23 10:41:00,015 [ERROR] LogOutputStream:75 - [STDERR_REDIRECT] 
2025-03-23 10:41:01,020 [ERROR] LogOutputStream:75 - [STDERR_REDIRECT] [Fatal Error] :1:1: Premature end of file.
2025-03-23 10:41:01,023 [ERROR] LogOutputStream:75 - [STDERR_REDIRECT] 
2025-03-23 10:41:02,016 [ERROR] LogOutputStream:75 - [STDERR_REDIRECT] [Fatal Error] :1:1: Premature end of file.
2025-03-23 10:41:02,016 [ERROR] LogOutputStream:75 - [STDERR_REDIRECT] 
2025-03-23 10:41:02,998 [ERROR] LogOutputStream:75 - [STDERR_REDIRECT] [Fatal Error] :1:1: Premature end of file.
2025-03-23 10:41:02,999 [ERROR] LogOutputStream:75 - [STDERR_REDIRECT] 
2025-03-23 10:41:04,010 [ERROR] LogOutputStream:75 - [STDERR_REDIRECT] [Fatal Error] :1:1: Premature end of file.
2025-03-23 10:41:04,010 [ERROR] LogOutputStream:75 - [STDERR_REDIRECT] 
2025-03-23 10:41:05,024 [ERROR] LogOutputStream:75 - [STDERR_REDIRECT] [Fatal Error] :1:1: Premature end of file.
2025-03-23 10:41:05,025 [ERROR] LogOutputStream:75 - [STDERR_REDIRECT] 
2025-03-23 10:41:06,001 [ERROR] LogOutputStream:75 - [STDERR_REDIRECT] [Fatal Error] :1:1: Premature end of file.
2025-03-23 10:41:06,001 [ERROR] LogOutputStream:75 - [STDERR_REDIRECT] 
2025-03-23 10:41:07,003 [ERROR] LogOutputStream:75 - [STDERR_REDIRECT] [Fatal Error] :1:1: Premature end of file.
2025-03-23 10:41:07,004 [ERROR] LogOutputStream:75 - [STDERR_REDIRECT] 
2025-03-23 10:41:07,999 [ERROR] LogOutputStream:75 - [STDERR_REDIRECT] [Fatal Error] :1:1: Premature end of file.
2025-03-23 10:41:07,999 [ERROR] LogOutputStream:75 - [STDERR_REDIRECT] 
2025-03-23 10:41:09,009 [ERROR] LogOutputStream:75 - [STDERR_REDIRECT] [Fatal Error] :1:1: Premature end of file.
2025-03-23 10:41:09,009 [ERROR] LogOutputStream:75 - [STDERR_REDIRECT] 
2025-03-23 10:41:10,004 [ERROR] LogOutputStream:75 - [STDERR_REDIRECT] [Fatal Error] :1:1: Premature end of file.
2025-03-23 10:41:10,004 [ERROR] LogOutputStream:75 - [STDERR_REDIRECT] 
2025-03-23 10:41:10,998 [ERROR] LogOutputStream:75 - [STDERR_REDIRECT] [Fatal Error] :1:1: Premature end of file.
2025-03-23 10:41:10,999 [ERROR] LogOutputStream:75 - [STDERR_REDIRECT] 
2025-03-23 10:41:12,012 [ERROR] LogOutputStream:75 - [STDERR_REDIRECT] [Fatal Error] :1:1: Premature end of file.
2025-03-23 10:41:12,012 [ERROR] LogOutputStream:75 - [STDERR_REDIRECT] 
2025-03-23 10:41:12,998 [ERROR] LogOutputStream:75 - [STDERR_REDIRECT] [Fatal Error] :1:1: Premature end of file.
2025-03-23 10:41:12,999 [ERROR] LogOutputStream:75 - [STDERR_REDIRECT] 
2025-03-23 10:41:13,999 [ERROR] LogOutputStream:75 - [STDERR_REDIRECT] [Fatal Error] :1:1: Premature end of file.
2025-03-23 10:41:13,999 [ERROR] LogOutputStream:75 - [STDERR_REDIRECT] 
2025-03-23 10:41:14,999 [ERROR] LogOutputStream:75 - [STDERR_REDIRECT] [Fatal Error] :1:1: Premature end of file.
2025-03-23 10:41:14,999 [ERROR] LogOutputStream:75 - [STDERR_REDIRECT] 
2025-03-23 10:41:15,999 [ERROR] LogOutputStream:75 - [STDERR_REDIRECT] [Fatal Error] :1:1: Premature end of file.
2025-03-23 10:41:15,999 [ERROR] LogOutputStream:75 - [STDERR_REDIRECT] 
2025-03-23 10:41:16,997 [ERROR] LogOutputStream:75 - [STDERR_REDIRECT] [Fatal Error] :1:1: Premature end of file.
2025-03-23 10:41:16,997 [ERROR] LogOutputStream:75 - [STDERR_REDIRECT] 
2025-03-23 10:41:17,997 [ERROR] LogOutputStream:75 - [STDERR_REDIRECT] [Fatal Error] :1:1: Premature end of file.
2025-03-23 10:41:17,997 [ERROR] LogOutputStream:75 - [STDERR_REDIRECT] 
2025-03-23 10:41:19,000 [ERROR] LogOutputStream:75 - [STDERR_REDIRECT] [Fatal Error] :1:1: Premature end of file.
2025-03-23 10:41:19,000 [ERROR] LogOutputStream:75 - [STDERR_REDIRECT] 
2025-03-23 10:41:19,998 [ERROR] LogOutputStream:75 - [STDERR_REDIRECT] [Fatal Error] :1:1: Premature end of file.
2025-03-23 10:41:19,999 [ERROR] LogOutputStream:75 - [STDERR_REDIRECT] 
2025-03-23 10:41:21,002 [ERROR] LogOutputStream:75 - [STDERR_REDIRECT] [Fatal Error] :1:1: Premature end of file.
2025-03-23 10:41:21,002 [ERROR] LogOutputStream:75 - [STDERR_REDIRECT] 
2025-03-23 10:41:21,998 [ERROR] LogOutputStream:75 - [STDERR_REDIRECT] [Fatal Error] :1:1: Premature end of file.
2025-03-23 10:41:21,998 [ERROR] LogOutputStream:75 - [STDERR_REDIRECT] 
2025-03-23 10:41:22,996 [ERROR] LogOutputStream:75 - [STDERR_REDIRECT] [Fatal Error] :1:1: Premature end of file.
2025-03-23 10:41:22,996 [ERROR] LogOutputStream:75 - [STDERR_REDIRECT] 
2025-03-23 10:41:24,000 [ERROR] LogOutputStream:75 - [STDERR_REDIRECT] [Fatal Error] :1:1: Premature end of file.
2025-03-23 10:41:24,000 [ERROR] LogOutputStream:75 - [STDERR_REDIRECT] 
2025-03-23 10:41:25,004 [ERROR] LogOutputStream:75 - [STDERR_REDIRECT] [Fatal Error] :1:1: Premature end of file.
2025-03-23 10:41:25,004 [ERROR] LogOutputStream:75 - [STDERR_REDIRECT] 
2025-03-23 10:41:26,001 [ERROR] LogOutputStream:75 - [STDERR_REDIRECT] [Fatal Error] :1:1: Premature end of file.
2025-03-23 10:41:26,002 [ERROR] LogOutputStream:75 - [STDERR_REDIRECT] 
2025-03-23 10:41:27,008 [ERROR] LogOutputStream:75 - [STDERR_REDIRECT] [Fatal Error] :1:1: Premature end of file.
2025-03-23 10:41:27,008 [ERROR] LogOutputStream:75 - [STDERR_REDIRECT] 
2025-03-23 10:41:28,003 [ERROR] LogOutputStream:75 - [STDERR_REDIRECT] [Fatal Error] :1:1: Premature end of file.
2025-03-23 10:41:28,003 [ERROR] LogOutputStream:75 - [STDERR_REDIRECT] 
2025-03-23 10:41:29,005 [ERROR] LogOutputStream:75 - [STDERR_REDIRECT] [Fatal Error] :1:1: Premature end of file.
2025-03-23 10:41:29,005 [ERROR] LogOutputStream:75 - [STDERR_REDIRECT] 
2025-03-23 10:41:30,005 [ERROR] LogOutputStream:75 - [STDERR_REDIRECT] [Fatal Error] :1:1: Premature end of file.
2025-03-23 10:41:30,005 [ERROR] LogOutputStream:75 - [STDERR_REDIRECT] 
2025-03-23 10:41:31,014 [ERROR] LogOutputStream:75 - [STDERR_REDIRECT] [Fatal Error] :1:1: Premature end of file.
2025-03-23 10:41:31,014 [ERROR] LogOutputStream:75 - [STDERR_REDIRECT] 
2025-03-23 10:41:32,014 [ERROR] LogOutputStream:75 - [STDERR_REDIRECT] [Fatal Error] :1:1: Premature end of file.
2025-03-23 10:41:32,014 [ERROR] LogOutputStream:75 - [STDERR_REDIRECT] 
2025-03-23 10:41:33,005 [ERROR] LogOutputStream:75 - [STDERR_REDIRECT] [Fatal Error] :1:1: Premature end of file.
2025-03-23 10:41:33,006 [ERROR] LogOutputStream:75 - [STDERR_REDIRECT] 
2025-03-23 10:41:34,006 [ERROR] LogOutputStream:75 - [STDERR_REDIRECT] [Fatal Error] :1:1: Premature end of file.
2025-03-23 10:41:34,006 [ERROR] LogOutputStream:75 - [STDERR_REDIRECT] 
2025-03-23 10:41:35,000 [ERROR] LogOutputStream:75 - [STDERR_REDIRECT] [Fatal Error] :1:1: Premature end of file.
2025-03-23 10:41:35,000 [ERROR] LogOutputStream:75 - [STDERR_REDIRECT] 
2025-03-23 10:41:36,008 [ERROR] LogOutputStream:75 - [STDERR_REDIRECT] [Fatal Error] :1:1: Premature end of file.
2025-03-23 10:41:36,008 [ERROR] LogOutputStream:75 - [STDERR_REDIRECT] 
2025-03-23 10:41:36,998 [ERROR] LogOutputStream:75 - [STDERR_REDIRECT] [Fatal Error] :1:1: Premature end of file.
2025-03-23 10:41:36,998 [ERROR] LogOutputStream:75 - [STDERR_REDIRECT] 
2025-03-23 10:41:38,005 [ERROR] LogOutputStream:75 - [STDERR_REDIRECT] [Fatal Error] :1:1: Premature end of file.
2025-03-23 10:41:38,005 [ERROR] LogOutputStream:75 - [STDERR_REDIRECT] 
2025-03-23 10:41:39,010 [ERROR] LogOutputStream:75 - [STDERR_REDIRECT] [Fatal Error] :1:1: Premature end of file.
2025-03-23 10:41:39,010 [ERROR] LogOutputStream:75 - [STDERR_REDIRECT] 
2025-03-23 10:41:39,997 [ERROR] LogOutputStream:75 - [STDERR_REDIRECT] [Fatal Error] :1:1: Premature end of file.
2025-03-23 10:41:39,997 [ERROR] LogOutputStream:75 - [STDERR_REDIRECT] 
2025-03-23 10:41:40,998 [ERROR] LogOutputStream:75 - [STDERR_REDIRECT] [Fatal Error] :1:1: Premature end of file.
2025-03-23 10:41:40,999 [ERROR] LogOutputStream:75 - [STDERR_REDIRECT] 
2025-03-23 10:41:42,002 [ERROR] LogOutputStream:75 - [STDERR_REDIRECT] [Fatal Error] :1:1: Premature end of file.
2025-03-23 10:41:42,003 [ERROR] LogOutputStream:75 - [STDERR_REDIRECT] 
2025-03-23 10:41:43,007 [ERROR] LogOutputStream:75 - [STDERR_REDIRECT] [Fatal Error] :1:1: Premature end of file.
2025-03-23 10:41:43,007 [ERROR] LogOutputStream:75 - [STDERR_REDIRECT] 
2025-03-23 10:41:43,997 [ERROR] LogOutputStream:75 - [STDERR_REDIRECT] [Fatal Error] :1:1: Premature end of file.
2025-03-23 10:41:43,997 [ERROR] LogOutputStream:75 - [STDERR_REDIRECT] 
2025-03-23 10:41:45,003 [ERROR] LogOutputStream:75 - [STDERR_REDIRECT] [Fatal Error] :1:1: Premature end of file.
2025-03-23 10:41:45,003 [ERROR] LogOutputStream:75 - [STDERR_REDIRECT] 
2025-03-23 10:41:45,997 [ERROR] LogOutputStream:75 - [STDERR_REDIRECT] [Fatal Error] :1:1: Premature end of file.
2025-03-23 10:41:45,997 [ERROR] LogOutputStream:75 - [STDERR_REDIRECT] 
2025-03-23 10:41:47,006 [ERROR] LogOutputStream:75 - [STDERR_REDIRECT] [Fatal Error] :1:1: Premature end of file.
2025-03-23 10:41:47,006 [ERROR] LogOutputStream:75 - [STDERR_REDIRECT] 
2025-03-23 10:41:48,005 [ERROR] LogOutputStream:75 - [STDERR_REDIRECT] [Fatal Error] :1:1: Premature end of file.
2025-03-23 10:41:48,007 [ERROR] LogOutputStream:75 - [STDERR_REDIRECT] 
2025-03-23 10:41:49,008 [ERROR] LogOutputStream:75 - [STDERR_REDIRECT] [Fatal Error] :1:1: Premature end of file.
2025-03-23 10:41:49,009 [ERROR] LogOutputStream:75 - [STDERR_REDIRECT] 
2025-03-23 10:41:50,004 [ERROR] LogOutputStream:75 - [STDERR_REDIRECT] [Fatal Error] :1:1: Premature end of file.
2025-03-23 10:41:50,004 [ERROR] LogOutputStream:75 - [STDERR_REDIRECT] 
2025-03-23 10:41:50,998 [ERROR] LogOutputStream:75 - [STDERR_REDIRECT] [Fatal Error] :1:1: Premature end of file.
2025-03-23 10:41:50,998 [ERROR] LogOutputStream:75 - [STDERR_REDIRECT] 
2025-03-23 10:41:52,000 [ERROR] LogOutputStream:75 - [STDERR_REDIRECT] [Fatal Error] :1:1: Premature end of file.
2025-03-23 10:41:52,000 [ERROR] LogOutputStream:75 - [STDERR_REDIRECT] 
2025-03-23 10:41:53,011 [ERROR] LogOutputStream:75 - [STDERR_REDIRECT] [Fatal Error] :1:1: Premature end of file.
2025-03-23 10:41:53,011 [ERROR] LogOutputStream:75 - [STDERR_REDIRECT] 
2025-03-23 10:41:53,998 [ERROR] LogOutputStream:75 - [STDERR_REDIRECT] [Fatal Error] :1:1: Premature end of file.
2025-03-23 10:41:53,998 [ERROR] LogOutputStream:75 - [STDERR_REDIRECT] 
2025-03-23 10:41:55,002 [ERROR] LogOutputStream:75 - [STDERR_REDIRECT] [Fatal Error] :1:1: Premature end of file.
2025-03-23 10:41:55,002 [ERROR] LogOutputStream:75 - [STDERR_REDIRECT] 
2025-03-23 10:41:55,999 [ERROR] LogOutputStream:75 - [STDERR_REDIRECT] [Fatal Error] :1:1: Premature end of file.
2025-03-23 10:41:55,999 [ERROR] LogOutputStream:75 - [STDERR_REDIRECT] 
2025-03-23 10:41:56,998 [ERROR] LogOutputStream:75 - [STDERR_REDIRECT] [Fatal Error] :1:1: Premature end of file.
2025-03-23 10:41:56,998 [ERROR] LogOutputStream:75 - [STDERR_REDIRECT] 
2025-03-23 10:41:58,004 [ERROR] LogOutputStream:75 - [STDERR_REDIRECT] [Fatal Error] :1:1: Premature end of file.
2025-03-23 10:41:58,004 [ERROR] LogOutputStream:75 - [STDERR_REDIRECT] 
2025-03-23 10:41:58,999 [ERROR] LogOutputStream:75 - [STDERR_REDIRECT] [Fatal Error] :1:1: Premature end of file.
2025-03-23 10:41:58,999 [ERROR] LogOutputStream:75 - [STDERR_REDIRECT] 
2025-03-23 10:41:59,999 [ERROR] LogOutputStream:75 - [STDERR_REDIRECT] [Fatal Error] :1:1: Premature end of file.
2025-03-23 10:41:59,999 [ERROR] LogOutputStream:75 - [STDERR_REDIRECT] 
2025-03-23 10:42:01,000 [ERROR] LogOutputStream:75 - [STDERR_REDIRECT] [Fatal Error] :1:1: Premature end of file.
2025-03-23 10:42:01,000 [ERROR] LogOutputStream:75 - [STDERR_REDIRECT] 
2025-03-23 10:42:02,008 [ERROR] LogOutputStream:75 - [STDERR_REDIRECT] [Fatal Error] :1:1: Premature end of file.
2025-03-23 10:42:02,008 [ERROR] LogOutputStream:75 - [STDERR_REDIRECT] 
2025-03-23 10:42:02,999 [ERROR] LogOutputStream:75 - [STDERR_REDIRECT] [Fatal Error] :1:1: Premature end of file.
2025-03-23 10:42:02,999 [ERROR] LogOutputStream:75 - [STDERR_REDIRECT] 
2025-03-23 10:42:04,000 [ERROR] LogOutputStream:75 - [STDERR_REDIRECT] [Fatal Error] :1:1: Premature end of file.
2025-03-23 10:42:04,000 [ERROR] LogOutputStream:75 - [STDERR_REDIRECT] 
2025-03-23 10:42:05,003 [ERROR] LogOutputStream:75 - [STDERR_REDIRECT] [Fatal Error] :1:1: Premature end of file.
2025-03-23 10:42:05,003 [ERROR] LogOutputStream:75 - [STDERR_REDIRECT] 
2025-03-23 10:42:05,999 [ERROR] LogOutputStream:75 - [STDERR_REDIRECT] [Fatal Error] :1:1: Premature end of file.
2025-03-23 10:42:05,999 [ERROR] LogOutputStream:75 - [STDERR_REDIRECT] 
2025-03-23 10:42:06,999 [ERROR] LogOutputStream:75 - [STDERR_REDIRECT] [Fatal Error] :1:1: Premature end of file.
2025-03-23 10:42:07,000 [ERROR] LogOutputStream:75 - [STDERR_REDIRECT] 
2025-03-23 10:42:08,000 [ERROR] LogOutputStream:75 - [STDERR_REDIRECT] [Fatal Error] :1:1: Premature end of file.
2025-03-23 10:42:08,000 [ERROR] LogOutputStream:75 - [STDERR_REDIRECT] 
2025-03-23 10:42:09,012 [ERROR] LogOutputStream:75 - [STDERR_REDIRECT] [Fatal Error] :1:1: Premature end of file.
2025-03-23 10:42:09,012 [ERROR] LogOutputStream:75 - [STDERR_REDIRECT] 
2025-03-23 10:42:10,002 [ERROR] LogOutputStream:75 - [STDERR_REDIRECT] [Fatal Error] :1:1: Premature end of file.
2025-03-23 10:42:10,002 [ERROR] LogOutputStream:75 - [STDERR_REDIRECT] 
2025-03-23 10:42:10,999 [ERROR] LogOutputStream:75 - [STDERR_REDIRECT] [Fatal Error] :1:1: Premature end of file.
2025-03-23 10:42:11,008 [ERROR] LogOutputStream:75 - [STDERR_REDIRECT] 
2025-03-23 10:42:12,006 [ERROR] LogOutputStream:75 - [STDERR_REDIRECT] [Fatal Error] :1:1: Premature end of file.
2025-03-23 10:42:12,006 [ERROR] LogOutputStream:75 - [STDERR_REDIRECT] 
2025-03-23 10:42:13,007 [ERROR] LogOutputStream:75 - [STDERR_REDIRECT] [Fatal Error] :1:1: Premature end of file.
2025-03-23 10:42:13,007 [ERROR] LogOutputStream:75 - [STDERR_REDIRECT] 
2025-03-23 10:42:14,005 [ERROR] LogOutputStream:75 - [STDERR_REDIRECT] [Fatal Error] :1:1: Premature end of file.
2025-03-23 10:42:14,005 [ERROR] LogOutputStream:75 - [STDERR_REDIRECT] 
2025-03-23 10:42:15,006 [ERROR] LogOutputStream:75 - [STDERR_REDIRECT] [Fatal Error] :1:1: Premature end of file.
2025-03-23 10:42:15,006 [ERROR] LogOutputStream:75 - [STDERR_REDIRECT] 
2025-03-23 10:42:16,006 [ERROR] LogOutputStream:75 - [STDERR_REDIRECT] [Fatal Error] :1:1: Premature end of file.
2025-03-23 10:42:16,006 [ERROR] LogOutputStream:75 - [STDERR_REDIRECT] 
2025-03-23 10:42:16,998 [ERROR] LogOutputStream:75 - [STDERR_REDIRECT] [Fatal Error] :1:1: Premature end of file.
2025-03-23 10:42:16,998 [ERROR] LogOutputStream:75 - [STDERR_REDIRECT] 
2025-03-23 10:42:18,002 [ERROR] LogOutputStream:75 - [STDERR_REDIRECT] [Fatal Error] :1:1: Premature end of file.
2025-03-23 10:42:18,002 [ERROR] LogOutputStream:75 - [STDERR_REDIRECT] 
2025-03-23 10:42:19,000 [ERROR] LogOutputStream:75 - [STDERR_REDIRECT] [Fatal Error] :1:1: Premature end of file.
2025-03-23 10:42:19,000 [ERROR] LogOutputStream:75 - [STDERR_REDIRECT] 
2025-03-23 10:42:20,008 [ERROR] LogOutputStream:75 - [STDERR_REDIRECT] [Fatal Error] :1:1: Premature end of file.
2025-03-23 10:42:20,008 [ERROR] LogOutputStream:75 - [STDERR_REDIRECT] 
2025-03-23 10:42:21,005 [ERROR] LogOutputStream:75 - [STDERR_REDIRECT] [Fatal Error] :1:1: Premature end of file.
2025-03-23 10:42:21,005 [ERROR] LogOutputStream:75 - [STDERR_REDIRECT] 
2025-03-23 10:42:22,009 [ERROR] LogOutputStream:75 - [STDERR_REDIRECT] [Fatal Error] :1:1: Premature end of file.
2025-03-23 10:42:22,009 [ERROR] LogOutputStream:75 - [STDERR_REDIRECT] 
2025-03-23 10:42:22,999 [ERROR] LogOutputStream:75 - [STDERR_REDIRECT] [Fatal Error] :1:1: Premature end of file.
2025-03-23 10:42:22,999 [ERROR] LogOutputStream:75 - [STDERR_REDIRECT] 
2025-03-23 10:42:23,999 [ERROR] LogOutputStream:75 - [STDERR_REDIRECT] [Fatal Error] :1:1: Premature end of file.
2025-03-23 10:42:23,999 [ERROR] LogOutputStream:75 - [STDERR_REDIRECT] 
2025-03-23 10:42:25,005 [ERROR] LogOutputStream:75 - [STDERR_REDIRECT] [Fatal Error] :1:1: Premature end of file.
2025-03-23 10:42:25,005 [ERROR] LogOutputStream:75 - [STDERR_REDIRECT] 
2025-03-23 10:42:25,999 [ERROR] LogOutputStream:75 - [STDERR_REDIRECT] [Fatal Error] :1:1: Premature end of file.
2025-03-23 10:42:25,999 [ERROR] LogOutputStream:75 - [STDERR_REDIRECT] 
2025-03-23 10:42:27,008 [ERROR] LogOutputStream:75 - [STDERR_REDIRECT] [Fatal Error] :1:1: Premature end of file.
2025-03-23 10:42:27,008 [ERROR] LogOutputStream:75 - [STDERR_REDIRECT] 
2025-03-23 10:42:28,006 [ERROR] LogOutputStream:75 - [STDERR_REDIRECT] [Fatal Error] :1:1: Premature end of file.
2025-03-23 10:42:28,006 [ERROR] LogOutputStream:75 - [STDERR_REDIRECT] 
2025-03-23 10:42:28,999 [ERROR] LogOutputStream:75 - [STDERR_REDIRECT] [Fatal Error] :1:1: Premature end of file.
2025-03-23 10:42:28,999 [ERROR] LogOutputStream:75 - [STDERR_REDIRECT] 
2025-03-23 10:42:30,005 [ERROR] LogOutputStream:75 - [STDERR_REDIRECT] [Fatal Error] :1:1: Premature end of file.
2025-03-23 10:42:30,005 [ERROR] LogOutputStream:75 - [STDERR_REDIRECT] 
2025-03-23 10:42:31,000 [ERROR] LogOutputStream:75 - [STDERR_REDIRECT] [Fatal Error] :1:1: Premature end of file.
2025-03-23 10:42:31,000 [ERROR] LogOutputStream:75 - [STDERR_REDIRECT] 
2025-03-23 10:42:32,000 [ERROR] LogOutputStream:75 - [STDERR_REDIRECT] [Fatal Error] :1:1: Premature end of file.
2025-03-23 10:42:32,000 [ERROR] LogOutputStream:75 - [STDERR_REDIRECT] 
2025-03-23 10:42:33,007 [ERROR] LogOutputStream:75 - [STDERR_REDIRECT] [Fatal Error] :1:1: Premature end of file.
2025-03-23 10:42:33,007 [ERROR] LogOutputStream:75 - [STDERR_REDIRECT] 
2025-03-23 10:42:33,998 [ERROR] LogOutputStream:75 - [STDERR_REDIRECT] [Fatal Error] :1:1: Premature end of file.
2025-03-23 10:42:33,998 [ERROR] LogOutputStream:75 - [STDERR_REDIRECT] 
2025-03-23 10:42:35,004 [ERROR] LogOutputStream:75 - [STDERR_REDIRECT] [Fatal Error] :1:1: Premature end of file.
2025-03-23 10:42:35,004 [ERROR] LogOutputStream:75 - [STDERR_REDIRECT] 
2025-03-23 10:42:36,006 [ERROR] LogOutputStream:75 - [STDERR_REDIRECT] [Fatal Error] :1:1: Premature end of file.
2025-03-23 10:42:36,006 [ERROR] LogOutputStream:75 - [STDERR_REDIRECT] 
2025-03-23 10:42:37,003 [ERROR] LogOutputStream:75 - [STDERR_REDIRECT] [Fatal Error] :1:1: Premature end of file.
2025-03-23 10:42:37,003 [ERROR] LogOutputStream:75 - [STDERR_REDIRECT] 
2025-03-23 10:42:37,999 [ERROR] LogOutputStream:75 - [STDERR_REDIRECT] [Fatal Error] :1:1: Premature end of file.
2025-03-23 10:42:37,999 [ERROR] LogOutputStream:75 - [STDERR_REDIRECT] 
2025-03-23 10:42:39,012 [ERROR] LogOutputStream:75 - [STDERR_REDIRECT] [Fatal Error] :1:1: Premature end of file.
2025-03-23 10:42:39,012 [ERROR] LogOutputStream:75 - [STDERR_REDIRECT] 
2025-03-23 10:42:40,000 [ERROR] LogOutputStream:75 - [STDERR_REDIRECT] [Fatal Error] :1:1: Premature end of file.
2025-03-23 10:42:40,000 [ERROR] LogOutputStream:75 - [STDERR_REDIRECT] 
2025-03-23 10:42:40,999 [ERROR] LogOutputStream:75 - [STDERR_REDIRECT] [Fatal Error] :1:1: Premature end of file.
2025-03-23 10:42:40,999 [ERROR] LogOutputStream:75 - [STDERR_REDIRECT] 
2025-03-23 10:42:42,000 [ERROR] LogOutputStream:75 - [STDERR_REDIRECT] [Fatal Error] :1:1: Premature end of file.
2025-03-23 10:42:42,000 [ERROR] LogOutputStream:75 - [STDERR_REDIRECT] 
2025-03-23 10:42:43,000 [ERROR] LogOutputStream:75 - [STDERR_REDIRECT] [Fatal Error] :1:1: Premature end of file.
2025-03-23 10:42:43,000 [ERROR] LogOutputStream:75 - [STDERR_REDIRECT] 
2025-03-23 10:42:43,996 [ERROR] LogOutputStream:75 - [STDERR_REDIRECT] [Fatal Error] :1:1: Premature end of file.
2025-03-23 10:42:43,998 [ERROR] LogOutputStream:75 - [STDERR_REDIRECT] 
2025-03-23 10:42:44,998 [ERROR] LogOutputStream:75 - [STDERR_REDIRECT] [Fatal Error] :1:1: Premature end of file.
2025-03-23 10:42:44,998 [ERROR] LogOutputStream:75 - [STDERR_REDIRECT] 
2025-03-23 10:42:45,998 [ERROR] LogOutputStream:75 - [STDERR_REDIRECT] [Fatal Error] :1:1: Premature end of file.
2025-03-23 10:42:45,998 [ERROR] LogOutputStream:75 - [STDERR_REDIRECT] 
2025-03-23 10:42:46,998 [ERROR] LogOutputStream:75 - [STDERR_REDIRECT] [Fatal Error] :1:1: Premature end of file.
2025-03-23 10:42:46,998 [ERROR] LogOutputStream:75 - [STDERR_REDIRECT] 
2025-03-23 10:42:47,999 [ERROR] LogOutputStream:75 - [STDERR_REDIRECT] [Fatal Error] :1:1: Premature end of file.
2025-03-23 10:42:48,000 [ERROR] LogOutputStream:75 - [STDERR_REDIRECT] 
2025-03-23 10:42:49,000 [ERROR] LogOutputStream:75 - [STDERR_REDIRECT] [Fatal Error] :1:1: Premature end of file.
2025-03-23 10:42:49,000 [ERROR] LogOutputStream:75 - [STDERR_REDIRECT] 
2025-03-23 10:42:50,000 [ERROR] LogOutputStream:75 - [STDERR_REDIRECT] [Fatal Error] :1:1: Premature end of file.
2025-03-23 10:42:50,000 [ERROR] LogOutputStream:75 - [STDERR_REDIRECT] 
2025-03-23 10:42:50,998 [ERROR] LogOutputStream:75 - [STDERR_REDIRECT] [Fatal Error] :1:1: Premature end of file.
2025-03-23 10:42:50,998 [ERROR] LogOutputStream:75 - [STDERR_REDIRECT] 
2025-03-23 10:42:52,000 [ERROR] LogOutputStream:75 - [STDERR_REDIRECT] [Fatal Error] :1:1: Premature end of file.
2025-03-23 10:42:52,000 [ERROR] LogOutputStream:75 - [STDERR_REDIRECT] 
2025-03-23 10:42:53,000 [ERROR] LogOutputStream:75 - [STDERR_REDIRECT] [Fatal Error] :1:1: Premature end of file.
2025-03-23 10:42:53,000 [ERROR] LogOutputStream:75 - [STDERR_REDIRECT] 
2025-03-23 10:42:54,000 [ERROR] LogOutputStream:75 - [STDERR_REDIRECT] [Fatal Error] :1:1: Premature end of file.
2025-03-23 10:42:54,000 [ERROR] LogOutputStream:75 - [STDERR_REDIRECT] 
2025-03-23 10:42:55,003 [ERROR] LogOutputStream:75 - [STDERR_REDIRECT] [Fatal Error] :1:1: Premature end of file.
2025-03-23 10:42:55,003 [ERROR] LogOutputStream:75 - [STDERR_REDIRECT] 
2025-03-23 10:42:56,003 [ERROR] LogOutputStream:75 - [STDERR_REDIRECT] [Fatal Error] :1:1: Premature end of file.
2025-03-23 10:42:56,003 [ERROR] LogOutputStream:75 - [STDERR_REDIRECT] 
2025-03-23 10:42:57,005 [ERROR] LogOutputStream:75 - [STDERR_REDIRECT] [Fatal Error] :1:1: Premature end of file.
2025-03-23 10:42:57,005 [ERROR] LogOutputStream:75 - [STDERR_REDIRECT] 
2025-03-23 10:42:58,000 [ERROR] LogOutputStream:75 - [STDERR_REDIRECT] [Fatal Error] :1:1: Premature end of file.
2025-03-23 10:42:58,000 [ERROR] LogOutputStream:75 - [STDERR_REDIRECT] 
2025-03-23 10:42:59,011 [ERROR] LogOutputStream:75 - [STDERR_REDIRECT] [Fatal Error] :1:1: Premature end of file.
2025-03-23 10:42:59,011 [ERROR] LogOutputStream:75 - [STDERR_REDIRECT] 
2025-03-23 10:43:00,000 [ERROR] LogOutputStream:75 - [STDERR_REDIRECT] [Fatal Error] :1:1: Premature end of file.
2025-03-23 10:43:00,000 [ERROR] LogOutputStream:75 - [STDERR_REDIRECT] 
2025-03-23 10:43:01,005 [ERROR] LogOutputStream:75 - [STDERR_REDIRECT] [Fatal Error] :1:1: Premature end of file.
2025-03-23 10:43:01,005 [ERROR] LogOutputStream:75 - [STDERR_REDIRECT] 
2025-03-23 10:43:02,012 [ERROR] LogOutputStream:75 - [STDERR_REDIRECT] [Fatal Error] :1:1: Premature end of file.
2025-03-23 10:43:02,012 [ERROR] LogOutputStream:75 - [STDERR_REDIRECT] 
2025-03-23 10:43:03,006 [ERROR] LogOutputStream:75 - [STDERR_REDIRECT] [Fatal Error] :1:1: Premature end of file.
2025-03-23 10:43:03,006 [ERROR] LogOutputStream:75 - [STDERR_REDIRECT] 
2025-03-23 10:43:04,014 [ERROR] LogOutputStream:75 - [STDERR_REDIRECT] [Fatal Error] :1:1: Premature end of file.
2025-03-23 10:43:04,014 [ERROR] LogOutputStream:75 - [STDERR_REDIRECT] 
2025-03-23 10:43:05,001 [ERROR] LogOutputStream:75 - [STDERR_REDIRECT] [Fatal Error] :1:1: Premature end of file.
2025-03-23 10:43:05,001 [ERROR] LogOutputStream:75 - [STDERR_REDIRECT] 
2025-03-23 10:43:06,002 [ERROR] LogOutputStream:75 - [STDERR_REDIRECT] [Fatal Error] :1:1: Premature end of file.
2025-03-23 10:43:06,002 [ERROR] LogOutputStream:75 - [STDERR_REDIRECT] 
2025-03-23 10:43:07,014 [ERROR] LogOutputStream:75 - [STDERR_REDIRECT] [Fatal Error] :1:1: Premature end of file.
2025-03-23 10:43:07,014 [ERROR] LogOutputStream:75 - [STDERR_REDIRECT] 
2025-03-23 10:43:08,004 [ERROR] LogOutputStream:75 - [STDERR_REDIRECT] [Fatal Error] :1:1: Premature end of file.
2025-03-23 10:43:08,004 [ERROR] LogOutputStream:75 - [STDERR_REDIRECT] 
2025-03-23 10:43:09,005 [ERROR] LogOutputStream:75 - [STDERR_REDIRECT] [Fatal Error] :1:1: Premature end of file.
2025-03-23 10:43:09,005 [ERROR] LogOutputStream:75 - [STDERR_REDIRECT] 
2025-03-23 10:43:10,004 [ERROR] LogOutputStream:75 - [STDERR_REDIRECT] [Fatal Error] :1:1: Premature end of file.
2025-03-23 10:43:10,004 [ERROR] LogOutputStream:75 - [STDERR_REDIRECT] 
2025-03-23 10:43:11,003 [ERROR] LogOutputStream:75 - [STDERR_REDIRECT] [Fatal Error] :1:1: Premature end of file.
2025-03-23 10:43:11,003 [ERROR] LogOutputStream:75 - [STDERR_REDIRECT] 
2025-03-23 10:43:12,003 [ERROR] LogOutputStream:75 - [STDERR_REDIRECT] [Fatal Error] :1:1: Premature end of file.
2025-03-23 10:43:12,003 [ERROR] LogOutputStream:75 - [STDERR_REDIRECT] 
2025-03-23 10:43:13,002 [ERROR] LogOutputStream:75 - [STDERR_REDIRECT] [Fatal Error] :1:1: Premature end of file.
2025-03-23 10:43:13,004 [ERROR] LogOutputStream:75 - [STDERR_REDIRECT] 
2025-03-23 10:43:14,002 [ERROR] LogOutputStream:75 - [STDERR_REDIRECT] [Fatal Error] :1:1: Premature end of file.
2025-03-23 10:43:14,002 [ERROR] LogOutputStream:75 - [STDERR_REDIRECT] 
2025-03-23 10:43:15,007 [ERROR] LogOutputStream:75 - [STDERR_REDIRECT] [Fatal Error] :1:1: Premature end of file.
2025-03-23 10:43:15,007 [ERROR] LogOutputStream:75 - [STDERR_REDIRECT] 
2025-03-23 10:43:16,004 [ERROR] LogOutputStream:75 - [STDERR_REDIRECT] [Fatal Error] :1:1: Premature end of file.
2025-03-23 10:43:16,004 [ERROR] LogOutputStream:75 - [STDERR_REDIRECT] 
2025-03-23 10:43:17,002 [ERROR] LogOutputStream:75 - [STDERR_REDIRECT] [Fatal Error] :1:1: Premature end of file.
2025-03-23 10:43:17,002 [ERROR] LogOutputStream:75 - [STDERR_REDIRECT] 
2025-03-23 10:43:18,003 [ERROR] LogOutputStream:75 - [STDERR_REDIRECT] [Fatal Error] :1:1: Premature end of file.
2025-03-23 10:43:18,003 [ERROR] LogOutputStream:75 - [STDERR_REDIRECT] 
2025-03-23 10:43:19,001 [ERROR] LogOutputStream:75 - [STDERR_REDIRECT] [Fatal Error] :1:1: Premature end of file.
2025-03-23 10:43:19,001 [ERROR] LogOutputStream:75 - [STDERR_REDIRECT] 
2025-03-23 10:43:20,009 [ERROR] LogOutputStream:75 - [STDERR_REDIRECT] [Fatal Error] :1:1: Premature end of file.
2025-03-23 10:43:20,009 [ERROR] LogOutputStream:75 - [STDERR_REDIRECT] 
2025-03-23 10:43:21,005 [ERROR] LogOutputStream:75 - [STDERR_REDIRECT] [Fatal Error] :1:1: Premature end of file.
2025-03-23 10:43:21,005 [ERROR] LogOutputStream:75 - [STDERR_REDIRECT] 
2025-03-23 10:43:22,012 [ERROR] LogOutputStream:75 - [STDERR_REDIRECT] [Fatal Error] :1:1: Premature end of file.
2025-03-23 10:43:22,012 [ERROR] LogOutputStream:75 - [STDERR_REDIRECT] 
2025-03-23 10:43:23,004 [ERROR] LogOutputStream:75 - [STDERR_REDIRECT] [Fatal Error] :1:1: Premature end of file.
2025-03-23 10:43:23,004 [ERROR] LogOutputStream:75 - [STDERR_REDIRECT] 
2025-03-23 10:43:24,003 [ERROR] LogOutputStream:75 - [STDERR_REDIRECT] [Fatal Error] :1:1: Premature end of file.
2025-03-23 10:43:24,003 [ERROR] LogOutputStream:75 - [STDERR_REDIRECT] 
2025-03-23 10:43:25,009 [ERROR] LogOutputStream:75 - [STDERR_REDIRECT] [Fatal Error] :1:1: Premature end of file.
2025-03-23 10:43:25,009 [ERROR] LogOutputStream:75 - [STDERR_REDIRECT] 
2025-03-23 10:43:26,012 [ERROR] LogOutputStream:75 - [STDERR_REDIRECT] [Fatal Error] :1:1: Premature end of file.
2025-03-23 10:43:26,012 [ERROR] LogOutputStream:75 - [STDERR_REDIRECT] 
2025-03-23 10:43:27,009 [ERROR] LogOutputStream:75 - [STDERR_REDIRECT] [Fatal Error] :1:1: Premature end of file.
2025-03-23 10:43:27,012 [ERROR] LogOutputStream:75 - [STDERR_REDIRECT] 
2025-03-23 10:43:27,999 [ERROR] LogOutputStream:75 - [STDERR_REDIRECT] [Fatal Error] :1:1: Premature end of file.
2025-03-23 10:43:27,999 [ERROR] LogOutputStream:75 - [STDERR_REDIRECT] 
2025-03-23 10:43:29,008 [ERROR] LogOutputStream:75 - [STDERR_REDIRECT] [Fatal Error] :1:1: Premature end of file.
2025-03-23 10:43:29,008 [ERROR] LogOutputStream:75 - [STDERR_REDIRECT] 
2025-03-23 10:43:30,004 [ERROR] LogOutputStream:75 - [STDERR_REDIRECT] [Fatal Error] :1:1: Premature end of file.
2025-03-23 10:43:30,004 [ERROR] LogOutputStream:75 - [STDERR_REDIRECT] 
2025-03-23 10:43:31,011 [ERROR] LogOutputStream:75 - [STDERR_REDIRECT] [Fatal Error] :1:1: Premature end of file.
2025-03-23 10:43:31,011 [ERROR] LogOutputStream:75 - [STDERR_REDIRECT] 
2025-03-23 10:43:32,017 [ERROR] LogOutputStream:75 - [STDERR_REDIRECT] [Fatal Error] :1:1: Premature end of file.
2025-03-23 10:43:32,017 [ERROR] LogOutputStream:75 - [STDERR_REDIRECT] 
2025-03-23 10:43:33,000 [ERROR] LogOutputStream:75 - [STDERR_REDIRECT] [Fatal Error] :1:1: Premature end of file.
2025-03-23 10:43:33,000 [ERROR] LogOutputStream:75 - [STDERR_REDIRECT] 
2025-03-23 10:43:34,007 [ERROR] LogOutputStream:75 - [STDERR_REDIRECT] [Fatal Error] :1:1: Premature end of file.
2025-03-23 10:43:34,007 [ERROR] LogOutputStream:75 - [STDERR_REDIRECT] 
2025-03-23 10:43:35,006 [ERROR] LogOutputStream:75 - [STDERR_REDIRECT] [Fatal Error] :1:1: Premature end of file.
2025-03-23 10:43:35,006 [ERROR] LogOutputStream:75 - [STDERR_REDIRECT] 
2025-03-23 10:43:36,006 [ERROR] LogOutputStream:75 - [STDERR_REDIRECT] [Fatal Error] :1:1: Premature end of file.
2025-03-23 10:43:36,006 [ERROR] LogOutputStream:75 - [STDERR_REDIRECT] 
2025-03-23 10:43:37,005 [ERROR] LogOutputStream:75 - [STDERR_REDIRECT] [Fatal Error] :1:1: Premature end of file.
2025-03-23 10:43:37,005 [ERROR] LogOutputStream:75 - [STDERR_REDIRECT] 
2025-03-23 10:43:38,001 [ERROR] LogOutputStream:75 - [STDERR_REDIRECT] [Fatal Error] :1:1: Premature end of file.
2025-03-23 10:43:38,006 [ERROR] LogOutputStream:75 - [STDERR_REDIRECT] 
2025-03-23 10:43:39,005 [ERROR] LogOutputStream:75 - [STDERR_REDIRECT] [Fatal Error] :1:1: Premature end of file.
2025-03-23 10:43:39,005 [ERROR] LogOutputStream:75 - [STDERR_REDIRECT] 
2025-03-23 10:43:40,006 [ERROR] LogOutputStream:75 - [STDERR_REDIRECT] [Fatal Error] :1:1: Premature end of file.
2025-03-23 10:43:40,006 [ERROR] LogOutputStream:75 - [STDERR_REDIRECT] 
2025-03-23 10:43:41,005 [ERROR] LogOutputStream:75 - [STDERR_REDIRECT] [Fatal Error] :1:1: Premature end of file.
2025-03-23 10:43:41,005 [ERROR] LogOutputStream:75 - [STDERR_REDIRECT] 
2025-03-23 10:43:42,004 [ERROR] LogOutputStream:75 - [STDERR_REDIRECT] [Fatal Error] :1:1: Premature end of file.
2025-03-23 10:43:42,004 [ERROR] LogOutputStream:75 - [STDERR_REDIRECT] 
2025-03-23 10:43:43,004 [ERROR] LogOutputStream:75 - [STDERR_REDIRECT] [Fatal Error] :1:1: Premature end of file.
2025-03-23 10:43:43,004 [ERROR] LogOutputStream:75 - [STDERR_REDIRECT] 
2025-03-23 10:43:44,003 [ERROR] LogOutputStream:75 - [STDERR_REDIRECT] [Fatal Error] :1:1: Premature end of file.
2025-03-23 10:43:44,003 [ERROR] LogOutputStream:75 - [STDERR_REDIRECT] 
2025-03-23 10:43:45,008 [ERROR] LogOutputStream:75 - [STDERR_REDIRECT] [Fatal Error] :1:1: Premature end of file.
2025-03-23 10:43:45,008 [ERROR] LogOutputStream:75 - [STDERR_REDIRECT] 
2025-03-23 10:43:46,007 [ERROR] LogOutputStream:75 - [STDERR_REDIRECT] [Fatal Error] :1:1: Premature end of file.
2025-03-23 10:43:46,007 [ERROR] LogOutputStream:75 - [STDERR_REDIRECT] 
2025-03-23 10:43:47,004 [ERROR] LogOutputStream:75 - [STDERR_REDIRECT] [Fatal Error] :1:1: Premature end of file.
2025-03-23 10:43:47,006 [ERROR] LogOutputStream:75 - [STDERR_REDIRECT] 
2025-03-23 10:43:48,005 [ERROR] LogOutputStream:75 - [STDERR_REDIRECT] [Fatal Error] :1:1: Premature end of file.
2025-03-23 10:43:48,005 [ERROR] LogOutputStream:75 - [STDERR_REDIRECT] 
2025-03-23 10:43:49,005 [ERROR] LogOutputStream:75 - [STDERR_REDIRECT] [Fatal Error] :1:1: Premature end of file.
2025-03-23 10:43:49,005 [ERROR] LogOutputStream:75 - [STDERR_REDIRECT] 
2025-03-23 10:43:50,004 [ERROR] LogOutputStream:75 - [STDERR_REDIRECT] [Fatal Error] :1:1: Premature end of file.
2025-03-23 10:43:50,004 [ERROR] LogOutputStream:75 - [STDERR_REDIRECT] 
2025-03-23 10:43:51,010 [ERROR] LogOutputStream:75 - [STDERR_REDIRECT] [Fatal Error] :1:1: Premature end of file.
2025-03-23 10:43:51,010 [ERROR] LogOutputStream:75 - [STDERR_REDIRECT] 
2025-03-23 10:43:52,001 [ERROR] LogOutputStream:75 - [STDERR_REDIRECT] [Fatal Error] :1:1: Premature end of file.
2025-03-23 10:43:52,002 [ERROR] LogOutputStream:75 - [STDERR_REDIRECT] 
2025-03-23 10:43:53,000 [ERROR] LogOutputStream:75 - [STDERR_REDIRECT] [Fatal Error] :1:1: Premature end of file.
2025-03-23 10:43:53,000 [ERROR] LogOutputStream:75 - [STDERR_REDIRECT] 
2025-03-23 10:43:54,000 [ERROR] LogOutputStream:75 - [STDERR_REDIRECT] [Fatal Error] :1:1: Premature end of file.
2025-03-23 10:43:54,000 [ERROR] LogOutputStream:75 - [STDERR_REDIRECT] 
2025-03-23 10:43:55,006 [ERROR] LogOutputStream:75 - [STDERR_REDIRECT] [Fatal Error] :1:1: Premature end of file.
2025-03-23 10:43:55,006 [ERROR] LogOutputStream:75 - [STDERR_REDIRECT] 
2025-03-23 10:43:56,020 [ERROR] LogOutputStream:75 - [STDERR_REDIRECT] [Fatal Error] :1:1: Premature end of file.
2025-03-23 10:43:56,020 [ERROR] LogOutputStream:75 - [STDERR_REDIRECT] 
2025-03-23 10:43:57,001 [ERROR] LogOutputStream:75 - [STDERR_REDIRECT] [Fatal Error] :1:1: Premature end of file.
2025-03-23 10:43:57,001 [ERROR] LogOutputStream:75 - [STDERR_REDIRECT] 
2025-03-23 10:43:58,006 [ERROR] LogOutputStream:75 - [STDERR_REDIRECT] [Fatal Error] :1:1: Premature end of file.
2025-03-23 10:43:58,006 [ERROR] LogOutputStream:75 - [STDERR_REDIRECT] 
2025-03-23 10:43:58,999 [ERROR] LogOutputStream:75 - [STDERR_REDIRECT] [Fatal Error] :1:1: Premature end of file.
2025-03-23 10:43:58,999 [ERROR] LogOutputStream:75 - [STDERR_REDIRECT] 
2025-03-23 10:44:00,010 [ERROR] LogOutputStream:75 - [STDERR_REDIRECT] [Fatal Error] :1:1: Premature end of file.
2025-03-23 10:44:00,010 [ERROR] LogOutputStream:75 - [STDERR_REDIRECT] 
2025-03-23 10:44:01,004 [ERROR] LogOutputStream:75 - [STDERR_REDIRECT] [Fatal Error] :1:1: Premature end of file.
2025-03-23 10:44:01,004 [ERROR] LogOutputStream:75 - [STDERR_REDIRECT] 
2025-03-23 10:44:02,001 [ERROR] LogOutputStream:75 - [STDERR_REDIRECT] [Fatal Error] :1:1: Premature end of file.
2025-03-23 10:44:02,002 [ERROR] LogOutputStream:75 - [STDERR_REDIRECT] 
2025-03-23 10:44:03,001 [ERROR] LogOutputStream:75 - [STDERR_REDIRECT] [Fatal Error] :1:1: Premature end of file.
2025-03-23 10:44:03,002 [ERROR] LogOutputStream:75 - [STDERR_REDIRECT] 
2025-03-23 10:44:04,002 [ERROR] LogOutputStream:75 - [STDERR_REDIRECT] [Fatal Error] :1:1: Premature end of file.
2025-03-23 10:44:04,002 [ERROR] LogOutputStream:75 - [STDERR_REDIRECT] 
2025-03-23 10:44:05,004 [ERROR] LogOutputStream:75 - [STDERR_REDIRECT] [Fatal Error] :1:1: Premature end of file.
2025-03-23 10:44:05,004 [ERROR] LogOutputStream:75 - [STDERR_REDIRECT] 
2025-03-23 10:44:06,002 [ERROR] LogOutputStream:75 - [STDERR_REDIRECT] [Fatal Error] :1:1: Premature end of file.
2025-03-23 10:44:06,002 [ERROR] LogOutputStream:75 - [STDERR_REDIRECT] 
2025-03-23 10:44:07,002 [ERROR] LogOutputStream:75 - [STDERR_REDIRECT] [Fatal Error] :1:1: Premature end of file.
2025-03-23 10:44:07,002 [ERROR] LogOutputStream:75 - [STDERR_REDIRECT] 
2025-03-23 10:44:08,004 [ERROR] LogOutputStream:75 - [STDERR_REDIRECT] [Fatal Error] :1:1: Premature end of file.
2025-03-23 10:44:08,004 [ERROR] LogOutputStream:75 - [STDERR_REDIRECT] 
2025-03-23 10:44:09,002 [ERROR] LogOutputStream:75 - [STDERR_REDIRECT] [Fatal Error] :1:1: Premature end of file.
2025-03-23 10:44:09,002 [ERROR] LogOutputStream:75 - [STDERR_REDIRECT] 
2025-03-23 10:44:10,003 [ERROR] LogOutputStream:75 - [STDERR_REDIRECT] [Fatal Error] :1:1: Premature end of file.
2025-03-23 10:44:10,004 [ERROR] LogOutputStream:75 - [STDERR_REDIRECT] 
2025-03-23 10:44:11,001 [ERROR] LogOutputStream:75 - [STDERR_REDIRECT] [Fatal Error] :1:1: Premature end of file.
2025-03-23 10:44:11,001 [ERROR] LogOutputStream:75 - [STDERR_REDIRECT] 
2025-03-23 10:44:12,004 [ERROR] LogOutputStream:75 - [STDERR_REDIRECT] [Fatal Error] :1:1: Premature end of file.
2025-03-23 10:44:12,005 [ERROR] LogOutputStream:75 - [STDERR_REDIRECT] 
2025-03-23 10:44:13,002 [ERROR] LogOutputStream:75 - [STDERR_REDIRECT] [Fatal Error] :1:1: Premature end of file.
2025-03-23 10:44:13,002 [ERROR] LogOutputStream:75 - [STDERR_REDIRECT] 
2025-03-23 10:44:14,003 [ERROR] LogOutputStream:75 - [STDERR_REDIRECT] [Fatal Error] :1:1: Premature end of file.
2025-03-23 10:44:14,003 [ERROR] LogOutputStream:75 - [STDERR_REDIRECT] 
2025-03-23 10:44:15,004 [ERROR] LogOutputStream:75 - [STDERR_REDIRECT] [Fatal Error] :1:1: Premature end of file.
2025-03-23 10:44:15,004 [ERROR] LogOutputStream:75 - [STDERR_REDIRECT] 
2025-03-23 10:44:16,001 [ERROR] LogOutputStream:75 - [STDERR_REDIRECT] [Fatal Error] :1:1: Premature end of file.
2025-03-23 10:44:16,002 [ERROR] LogOutputStream:75 - [STDERR_REDIRECT] 
2025-03-23 10:44:17,004 [ERROR] LogOutputStream:75 - [STDERR_REDIRECT] [Fatal Error] :1:1: Premature end of file.
2025-03-23 10:44:17,004 [ERROR] LogOutputStream:75 - [STDERR_REDIRECT] 
2025-03-23 10:44:18,004 [ERROR] LogOutputStream:75 - [STDERR_REDIRECT] [Fatal Error] :1:1: Premature end of file.
2025-03-23 10:44:18,004 [ERROR] LogOutputStream:75 - [STDERR_REDIRECT] 
2025-03-23 10:44:19,003 [ERROR] LogOutputStream:75 - [STDERR_REDIRECT] [Fatal Error] :1:1: Premature end of file.
2025-03-23 10:44:19,004 [ERROR] LogOutputStream:75 - [STDERR_REDIRECT] 
2025-03-23 10:44:20,002 [ERROR] LogOutputStream:75 - [STDERR_REDIRECT] [Fatal Error] :1:1: Premature end of file.
2025-03-23 10:44:20,002 [ERROR] LogOutputStream:75 - [STDERR_REDIRECT] 
2025-03-23 10:44:21,004 [ERROR] LogOutputStream:75 - [STDERR_REDIRECT] [Fatal Error] :1:1: Premature end of file.
2025-03-23 10:44:21,004 [ERROR] LogOutputStream:75 - [STDERR_REDIRECT] 
2025-03-23 10:44:22,001 [ERROR] LogOutputStream:75 - [STDERR_REDIRECT] [Fatal Error] :1:1: Premature end of file.
2025-03-23 10:44:22,001 [ERROR] LogOutputStream:75 - [STDERR_REDIRECT] 
2025-03-23 10:44:23,003 [ERROR] LogOutputStream:75 - [STDERR_REDIRECT] [Fatal Error] :1:1: Premature end of file.
2025-03-23 10:44:23,003 [ERROR] LogOutputStream:75 - [STDERR_REDIRECT] 
2025-03-23 10:44:24,015 [ERROR] LogOutputStream:75 - [STDERR_REDIRECT] [Fatal Error] :1:1: Premature end of file.
2025-03-23 10:44:24,015 [ERROR] LogOutputStream:75 - [STDERR_REDIRECT] 
2025-03-23 10:44:25,005 [ERROR] LogOutputStream:75 - [STDERR_REDIRECT] [Fatal Error] :1:1: Premature end of file.
2025-03-23 10:44:25,005 [ERROR] LogOutputStream:75 - [STDERR_REDIRECT] 
2025-03-23 10:44:26,011 [ERROR] LogOutputStream:75 - [STDERR_REDIRECT] [Fatal Error] :1:1: Premature end of file.
2025-03-23 10:44:26,011 [ERROR] LogOutputStream:75 - [STDERR_REDIRECT] 
2025-03-23 10:44:27,014 [ERROR] LogOutputStream:75 - [STDERR_REDIRECT] [Fatal Error] :1:1: Premature end of file.
2025-03-23 10:44:27,014 [ERROR] LogOutputStream:75 - [STDERR_REDIRECT] 
2025-03-23 10:44:28,003 [ERROR] LogOutputStream:75 - [STDERR_REDIRECT] [Fatal Error] :1:1: Premature end of file.
2025-03-23 10:44:28,003 [ERROR] LogOutputStream:75 - [STDERR_REDIRECT] 
2025-03-23 10:44:29,003 [ERROR] LogOutputStream:75 - [STDERR_REDIRECT] [Fatal Error] :1:1: Premature end of file.
2025-03-23 10:44:29,003 [ERROR] LogOutputStream:75 - [STDERR_REDIRECT] 
2025-03-23 10:44:30,003 [ERROR] LogOutputStream:75 - [STDERR_REDIRECT] [Fatal Error] :1:1: Premature end of file.
2025-03-23 10:44:30,003 [ERROR] LogOutputStream:75 - [STDERR_REDIRECT] 
2025-03-23 10:44:31,001 [ERROR] LogOutputStream:75 - [STDERR_REDIRECT] [Fatal Error] :1:1: Premature end of file.
2025-03-23 10:44:31,001 [ERROR] LogOutputStream:75 - [STDERR_REDIRECT] 
2025-03-23 10:44:32,006 [ERROR] LogOutputStream:75 - [STDERR_REDIRECT] [Fatal Error] :1:1: Premature end of file.
2025-03-23 10:44:32,006 [ERROR] LogOutputStream:75 - [STDERR_REDIRECT] 
2025-03-23 10:44:33,004 [ERROR] LogOutputStream:75 - [STDERR_REDIRECT] [Fatal Error] :1:1: Premature end of file.
2025-03-23 10:44:33,004 [ERROR] LogOutputStream:75 - [STDERR_REDIRECT] 
2025-03-23 10:44:34,002 [ERROR] LogOutputStream:75 - [STDERR_REDIRECT] [Fatal Error] :1:1: Premature end of file.
2025-03-23 10:44:34,002 [ERROR] LogOutputStream:75 - [STDERR_REDIRECT] 
2025-03-23 10:44:35,003 [ERROR] LogOutputStream:75 - [STDERR_REDIRECT] [Fatal Error] :1:1: Premature end of file.
2025-03-23 10:44:35,004 [ERROR] LogOutputStream:75 - [STDERR_REDIRECT] 
2025-03-23 10:44:36,002 [ERROR] LogOutputStream:75 - [STDERR_REDIRECT] [Fatal Error] :1:1: Premature end of file.
2025-03-23 10:44:36,002 [ERROR] LogOutputStream:75 - [STDERR_REDIRECT] 
2025-03-23 10:44:37,002 [ERROR] LogOutputStream:75 - [STDERR_REDIRECT] [Fatal Error] :1:1: Premature end of file.
2025-03-23 10:44:37,002 [ERROR] LogOutputStream:75 - [STDERR_REDIRECT] 
2025-03-23 10:44:38,002 [ERROR] LogOutputStream:75 - [STDERR_REDIRECT] [Fatal Error] :1:1: Premature end of file.
2025-03-23 10:44:38,002 [ERROR] LogOutputStream:75 - [STDERR_REDIRECT] 
2025-03-23 10:44:39,006 [ERROR] LogOutputStream:75 - [STDERR_REDIRECT] [Fatal Error] :1:1: Premature end of file.
2025-03-23 10:44:39,006 [ERROR] LogOutputStream:75 - [STDERR_REDIRECT] 
2025-03-23 10:44:40,005 [ERROR] LogOutputStream:75 - [STDERR_REDIRECT] [Fatal Error] :1:1: Premature end of file.
2025-03-23 10:44:40,005 [ERROR] LogOutputStream:75 - [STDERR_REDIRECT] 
2025-03-23 10:44:41,003 [ERROR] LogOutputStream:75 - [STDERR_REDIRECT] [Fatal Error] :1:1: Premature end of file.
2025-03-23 10:44:41,003 [ERROR] LogOutputStream:75 - [STDERR_REDIRECT] 
2025-03-23 10:44:42,004 [ERROR] LogOutputStream:75 - [STDERR_REDIRECT] [Fatal Error] :1:1: Premature end of file.
2025-03-23 10:44:42,005 [ERROR] LogOutputStream:75 - [STDERR_REDIRECT] 
2025-03-23 10:44:43,002 [ERROR] LogOutputStream:75 - [STDERR_REDIRECT] [Fatal Error] :1:1: Premature end of file.
2025-03-23 10:44:43,002 [ERROR] LogOutputStream:75 - [STDERR_REDIRECT] 
2025-03-23 10:44:44,002 [ERROR] LogOutputStream:75 - [STDERR_REDIRECT] [Fatal Error] :1:1: Premature end of file.
2025-03-23 10:44:44,002 [ERROR] LogOutputStream:75 - [STDERR_REDIRECT] 
2025-03-23 10:44:45,002 [ERROR] LogOutputStream:75 - [STDERR_REDIRECT] [Fatal Error] :1:1: Premature end of file.
2025-03-23 10:44:45,002 [ERROR] LogOutputStream:75 - [STDERR_REDIRECT] 
2025-03-23 10:44:46,008 [ERROR] LogOutputStream:75 - [STDERR_REDIRECT] [Fatal Error] :1:1: Premature end of file.
2025-03-23 10:44:46,009 [ERROR] LogOutputStream:75 - [STDERR_REDIRECT] 
2025-03-23 10:44:46,996 [ERROR] LogOutputStream:75 - [STDERR_REDIRECT] [Fatal Error] :1:1: Premature end of file.
2025-03-23 10:44:46,996 [ERROR] LogOutputStream:75 - [STDERR_REDIRECT] 
2025-03-23 10:44:47,999 [ERROR] LogOutputStream:75 - [STDERR_REDIRECT] [Fatal Error] :1:1: Premature end of file.
2025-03-23 10:44:47,999 [ERROR] LogOutputStream:75 - [STDERR_REDIRECT] 
2025-03-23 10:44:48,998 [ERROR] LogOutputStream:75 - [STDERR_REDIRECT] [Fatal Error] :1:1: Premature end of file.
2025-03-23 10:44:48,998 [ERROR] LogOutputStream:75 - [STDERR_REDIRECT] 
2025-03-23 10:44:50,005 [ERROR] LogOutputStream:75 - [STDERR_REDIRECT] [Fatal Error] :1:1: Premature end of file.
2025-03-23 10:44:50,005 [ERROR] LogOutputStream:75 - [STDERR_REDIRECT] 
2025-03-23 10:44:51,005 [ERROR] LogOutputStream:75 - [STDERR_REDIRECT] [Fatal Error] :1:1: Premature end of file.
2025-03-23 10:44:51,005 [ERROR] LogOutputStream:75 - [STDERR_REDIRECT] 
2025-03-23 10:44:52,002 [ERROR] LogOutputStream:75 - [STDERR_REDIRECT] [Fatal Error] :1:1: Premature end of file.
2025-03-23 10:44:52,002 [ERROR] LogOutputStream:75 - [STDERR_REDIRECT] 
2025-03-23 10:44:53,008 [ERROR] LogOutputStream:75 - [STDERR_REDIRECT] [Fatal Error] :1:1: Premature end of file.
2025-03-23 10:44:53,008 [ERROR] LogOutputStream:75 - [STDERR_REDIRECT] 
2025-03-23 10:44:54,002 [ERROR] LogOutputStream:75 - [STDERR_REDIRECT] [Fatal Error] :1:1: Premature end of file.
2025-03-23 10:44:54,002 [ERROR] LogOutputStream:75 - [STDERR_REDIRECT] 
2025-03-23 10:44:55,026 [ERROR] LogOutputStream:75 - [STDERR_REDIRECT] [Fatal Error] :1:1: Premature end of file.
2025-03-23 10:44:55,027 [ERROR] LogOutputStream:75 - [STDERR_REDIRECT] 
2025-03-23 10:44:56,002 [ERROR] LogOutputStream:75 - [STDERR_REDIRECT] [Fatal Error] :1:1: Premature end of file.
2025-03-23 10:44:56,002 [ERROR] LogOutputStream:75 - [STDERR_REDIRECT] 
2025-03-23 10:44:57,004 [ERROR] LogOutputStream:75 - [STDERR_REDIRECT] [Fatal Error] :1:1: Premature end of file.
2025-03-23 10:44:57,004 [ERROR] LogOutputStream:75 - [STDERR_REDIRECT] 
2025-03-23 10:44:58,001 [ERROR] LogOutputStream:75 - [STDERR_REDIRECT] [Fatal Error] :1:1: Premature end of file.
2025-03-23 10:44:58,002 [ERROR] LogOutputStream:75 - [STDERR_REDIRECT] 
2025-03-23 10:44:59,005 [ERROR] LogOutputStream:75 - [STDERR_REDIRECT] [Fatal Error] :1:1: Premature end of file.
2025-03-23 10:44:59,006 [ERROR] LogOutputStream:75 - [STDERR_REDIRECT] 
2025-03-23 10:45:00,002 [ERROR] LogOutputStream:75 - [STDERR_REDIRECT] [Fatal Error] :1:1: Premature end of file.
2025-03-23 10:45:00,002 [ERROR] LogOutputStream:75 - [STDERR_REDIRECT] 
2025-03-23 10:45:01,001 [ERROR] LogOutputStream:75 - [STDERR_REDIRECT] [Fatal Error] :1:1: Premature end of file.
2025-03-23 10:45:01,001 [ERROR] LogOutputStream:75 - [STDERR_REDIRECT] 
2025-03-23 10:45:02,001 [ERROR] LogOutputStream:75 - [STDERR_REDIRECT] [Fatal Error] :1:1: Premature end of file.
2025-03-23 10:45:02,001 [ERROR] LogOutputStream:75 - [STDERR_REDIRECT] 
2025-03-23 10:45:02,998 [ERROR] LogOutputStream:75 - [STDERR_REDIRECT] [Fatal Error] :1:1: Premature end of file.
2025-03-23 10:45:02,998 [ERROR] LogOutputStream:75 - [STDERR_REDIRECT] 
2025-03-23 10:45:04,007 [ERROR] LogOutputStream:75 - [STDERR_REDIRECT] [Fatal Error] :1:1: Premature end of file.
2025-03-23 10:45:04,007 [ERROR] LogOutputStream:75 - [STDERR_REDIRECT] 
2025-03-23 10:45:05,002 [ERROR] LogOutputStream:75 - [STDERR_REDIRECT] [Fatal Error] :1:1: Premature end of file.
2025-03-23 10:45:05,002 [ERROR] LogOutputStream:75 - [STDERR_REDIRECT] 
2025-03-23 10:45:06,066 [ERROR] LogOutputStream:75 - [STDERR_REDIRECT] [Fatal Error] :1:1: Premature end of file.
2025-03-23 10:45:06,066 [ERROR] LogOutputStream:75 - [STDERR_REDIRECT] 
2025-03-23 10:45:07,016 [ERROR] LogOutputStream:75 - [STDERR_REDIRECT] [Fatal Error] :1:1: Premature end of file.
2025-03-23 10:45:07,016 [ERROR] LogOutputStream:75 - [STDERR_REDIRECT] 
2025-03-23 10:45:07,999 [ERROR] LogOutputStream:75 - [STDERR_REDIRECT] [Fatal Error] :1:1: Premature end of file.
2025-03-23 10:45:07,999 [ERROR] LogOutputStream:75 - [STDERR_REDIRECT] 
2025-03-23 10:45:08,999 [ERROR] LogOutputStream:75 - [STDERR_REDIRECT] [Fatal Error] :1:1: Premature end of file.
2025-03-23 10:45:08,999 [ERROR] LogOutputStream:75 - [STDERR_REDIRECT] 
2025-03-23 10:45:10,026 [ERROR] LogOutputStream:75 - [STDERR_REDIRECT] [Fatal Error] :1:1: Premature end of file.
2025-03-23 10:45:10,026 [ERROR] LogOutputStream:75 - [STDERR_REDIRECT] 
2025-03-23 10:45:11,015 [ERROR] LogOutputStream:75 - [STDERR_REDIRECT] [Fatal Error] :1:1: Premature end of file.
2025-03-23 10:45:11,015 [ERROR] LogOutputStream:75 - [STDERR_REDIRECT] 
2025-03-23 10:45:12,003 [ERROR] LogOutputStream:75 - [STDERR_REDIRECT] [Fatal Error] :1:1: Premature end of file.
2025-03-23 10:45:12,003 [ERROR] LogOutputStream:75 - [STDERR_REDIRECT] 
2025-03-23 10:45:13,010 [ERROR] LogOutputStream:75 - [STDERR_REDIRECT] [Fatal Error] :1:1: Premature end of file.
2025-03-23 10:45:13,013 [ERROR] LogOutputStream:75 - [STDERR_REDIRECT] 
2025-03-23 10:45:13,999 [ERROR] LogOutputStream:75 - [STDERR_REDIRECT] [Fatal Error] :1:1: Premature end of file.
2025-03-23 10:45:13,999 [ERROR] LogOutputStream:75 - [STDERR_REDIRECT] 
2025-03-23 10:45:15,014 [ERROR] LogOutputStream:75 - [STDERR_REDIRECT] [Fatal Error] :1:1: Premature end of file.
2025-03-23 10:45:15,014 [ERROR] LogOutputStream:75 - [STDERR_REDIRECT] 
2025-03-23 10:45:16,010 [ERROR] LogOutputStream:75 - [STDERR_REDIRECT] [Fatal Error] :1:1: Premature end of file.
2025-03-23 10:45:16,010 [ERROR] LogOutputStream:75 - [STDERR_REDIRECT] 
2025-03-23 10:45:16,999 [ERROR] LogOutputStream:75 - [STDERR_REDIRECT] [Fatal Error] :1:1: Premature end of file.
2025-03-23 10:45:16,999 [ERROR] LogOutputStream:75 - [STDERR_REDIRECT] 
2025-03-23 10:45:18,000 [ERROR] LogOutputStream:75 - [STDERR_REDIRECT] [Fatal Error] :1:1: Premature end of file.
2025-03-23 10:45:18,000 [ERROR] LogOutputStream:75 - [STDERR_REDIRECT] 
2025-03-23 10:45:19,006 [ERROR] LogOutputStream:75 - [STDERR_REDIRECT] [Fatal Error] :1:1: Premature end of file.
2025-03-23 10:45:19,006 [ERROR] LogOutputStream:75 - [STDERR_REDIRECT] 
2025-03-23 10:45:20,006 [ERROR] LogOutputStream:75 - [STDERR_REDIRECT] [Fatal Error] :1:1: Premature end of file.
2025-03-23 10:45:20,006 [ERROR] LogOutputStream:75 - [STDERR_REDIRECT] 
2025-03-23 10:45:21,008 [ERROR] LogOutputStream:75 - [STDERR_REDIRECT] [Fatal Error] :1:1: Premature end of file.
2025-03-23 10:45:21,008 [ERROR] LogOutputStream:75 - [STDERR_REDIRECT] 
2025-03-23 10:45:22,006 [ERROR] LogOutputStream:75 - [STDERR_REDIRECT] [Fatal Error] :1:1: Premature end of file.
2025-03-23 10:45:22,006 [ERROR] LogOutputStream:75 - [STDERR_REDIRECT] 
2025-03-23 10:45:23,012 [ERROR] LogOutputStream:75 - [STDERR_REDIRECT] [Fatal Error] :1:1: Premature end of file.
2025-03-23 10:45:23,012 [ERROR] LogOutputStream:75 - [STDERR_REDIRECT] 
2025-03-23 10:45:24,004 [ERROR] LogOutputStream:75 - [STDERR_REDIRECT] [Fatal Error] :1:1: Premature end of file.
2025-03-23 10:45:24,004 [ERROR] LogOutputStream:75 - [STDERR_REDIRECT] 
2025-03-23 10:45:24,998 [ERROR] LogOutputStream:75 - [STDERR_REDIRECT] [Fatal Error] :1:1: Premature end of file.
2025-03-23 10:45:24,998 [ERROR] LogOutputStream:75 - [STDERR_REDIRECT] 
2025-03-23 10:45:26,010 [ERROR] LogOutputStream:75 - [STDERR_REDIRECT] [Fatal Error] :1:1: Premature end of file.
2025-03-23 10:45:26,010 [ERROR] LogOutputStream:75 - [STDERR_REDIRECT] 
2025-03-23 10:45:27,010 [ERROR] LogOutputStream:75 - [STDERR_REDIRECT] [Fatal Error] :1:1: Premature end of file.
2025-03-23 10:45:27,010 [ERROR] LogOutputStream:75 - [STDERR_REDIRECT] 
2025-03-23 10:45:28,007 [ERROR] LogOutputStream:75 - [STDERR_REDIRECT] [Fatal Error] :1:1: Premature end of file.
2025-03-23 10:45:28,007 [ERROR] LogOutputStream:75 - [STDERR_REDIRECT] 
2025-03-23 10:45:29,001 [ERROR] LogOutputStream:75 - [STDERR_REDIRECT] [Fatal Error] :1:1: Premature end of file.
2025-03-23 10:45:29,002 [ERROR] LogOutputStream:75 - [STDERR_REDIRECT] 
2025-03-23 10:45:30,006 [ERROR] LogOutputStream:75 - [STDERR_REDIRECT] [Fatal Error] :1:1: Premature end of file.
2025-03-23 10:45:30,009 [ERROR] LogOutputStream:75 - [STDERR_REDIRECT] 
2025-03-23 10:45:31,006 [ERROR] LogOutputStream:75 - [STDERR_REDIRECT] [Fatal Error] :1:1: Premature end of file.
2025-03-23 10:45:31,006 [ERROR] LogOutputStream:75 - [STDERR_REDIRECT] 
2025-03-23 10:45:32,009 [ERROR] LogOutputStream:75 - [STDERR_REDIRECT] [Fatal Error] :1:1: Premature end of file.
2025-03-23 10:45:32,009 [ERROR] LogOutputStream:75 - [STDERR_REDIRECT] 
2025-03-23 10:45:33,010 [ERROR] LogOutputStream:75 - [STDERR_REDIRECT] [Fatal Error] :1:1: Premature end of file.
2025-03-23 10:45:33,010 [ERROR] LogOutputStream:75 - [STDERR_REDIRECT] 
2025-03-23 10:45:34,007 [ERROR] LogOutputStream:75 - [STDERR_REDIRECT] [Fatal Error] :1:1: Premature end of file.
2025-03-23 10:45:34,007 [ERROR] LogOutputStream:75 - [STDERR_REDIRECT] 
2025-03-23 10:45:35,009 [ERROR] LogOutputStream:75 - [STDERR_REDIRECT] [Fatal Error] :1:1: Premature end of file.
2025-03-23 10:45:35,009 [ERROR] LogOutputStream:75 - [STDERR_REDIRECT] 
2025-03-23 10:45:36,013 [ERROR] LogOutputStream:75 - [STDERR_REDIRECT] [Fatal Error] :1:1: Premature end of file.
2025-03-23 10:45:36,013 [ERROR] LogOutputStream:75 - [STDERR_REDIRECT] 
2025-03-23 10:45:37,007 [ERROR] LogOutputStream:75 - [STDERR_REDIRECT] [Fatal Error] :1:1: Premature end of file.
2025-03-23 10:45:37,007 [ERROR] LogOutputStream:75 - [STDERR_REDIRECT] 
2025-03-23 10:45:38,009 [ERROR] LogOutputStream:75 - [STDERR_REDIRECT] [Fatal Error] :1:1: Premature end of file.
2025-03-23 10:45:38,009 [ERROR] LogOutputStream:75 - [STDERR_REDIRECT] 
2025-03-23 10:45:39,007 [ERROR] LogOutputStream:75 - [STDERR_REDIRECT] [Fatal Error] :1:1: Premature end of file.
2025-03-23 10:45:39,007 [ERROR] LogOutputStream:75 - [STDERR_REDIRECT] 
2025-03-23 10:45:40,007 [ERROR] LogOutputStream:75 - [STDERR_REDIRECT] [Fatal Error] :1:1: Premature end of file.
2025-03-23 10:45:40,007 [ERROR] LogOutputStream:75 - [STDERR_REDIRECT] 
2025-03-23 10:45:41,004 [ERROR] LogOutputStream:75 - [STDERR_REDIRECT] [Fatal Error] :1:1: Premature end of file.
2025-03-23 10:45:41,004 [ERROR] LogOutputStream:75 - [STDERR_REDIRECT] 
2025-03-23 10:45:42,004 [ERROR] LogOutputStream:75 - [STDERR_REDIRECT] [Fatal Error] :1:1: Premature end of file.
2025-03-23 10:45:42,004 [ERROR] LogOutputStream:75 - [STDERR_REDIRECT] 
2025-03-23 10:45:43,006 [ERROR] LogOutputStream:75 - [STDERR_REDIRECT] [Fatal Error] :1:1: Premature end of file.
2025-03-23 10:45:43,006 [ERROR] LogOutputStream:75 - [STDERR_REDIRECT] 
2025-03-23 10:45:44,007 [ERROR] LogOutputStream:75 - [STDERR_REDIRECT] [Fatal Error] :1:1: Premature end of file.
2025-03-23 10:45:44,007 [ERROR] LogOutputStream:75 - [STDERR_REDIRECT] 
2025-03-23 10:45:44,994 [ERROR] LogOutputStream:75 - [STDERR_REDIRECT] [Fatal Error] :1:1: Premature end of file.
2025-03-23 10:45:44,994 [ERROR] LogOutputStream:75 - [STDERR_REDIRECT] 
2025-03-23 10:45:46,005 [ERROR] LogOutputStream:75 - [STDERR_REDIRECT] [Fatal Error] :1:1: Premature end of file.
2025-03-23 10:45:46,005 [ERROR] LogOutputStream:75 - [STDERR_REDIRECT] 
2025-03-23 10:45:47,008 [ERROR] LogOutputStream:75 - [STDERR_REDIRECT] [Fatal Error] :1:1: Premature end of file.
2025-03-23 10:45:47,008 [ERROR] LogOutputStream:75 - [STDERR_REDIRECT] 
2025-03-23 10:45:48,013 [ERROR] LogOutputStream:75 - [STDERR_REDIRECT] [Fatal Error] :1:1: Premature end of file.
2025-03-23 10:45:48,013 [ERROR] LogOutputStream:75 - [STDERR_REDIRECT] 
2025-03-23 10:45:49,002 [ERROR] LogOutputStream:75 - [STDERR_REDIRECT] [Fatal Error] :1:1: Premature end of file.
2025-03-23 10:45:49,002 [ERROR] LogOutputStream:75 - [STDERR_REDIRECT] 
2025-03-23 10:45:50,009 [ERROR] LogOutputStream:75 - [STDERR_REDIRECT] [Fatal Error] :1:1: Premature end of file.
2025-03-23 10:45:50,009 [ERROR] LogOutputStream:75 - [STDERR_REDIRECT] 
2025-03-23 10:45:51,006 [ERROR] LogOutputStream:75 - [STDERR_REDIRECT] [Fatal Error] :1:1: Premature end of file.
2025-03-23 10:45:51,006 [ERROR] LogOutputStream:75 - [STDERR_REDIRECT] 
2025-03-23 10:45:52,003 [ERROR] LogOutputStream:75 - [STDERR_REDIRECT] [Fatal Error] :1:1: Premature end of file.
2025-03-23 10:45:52,003 [ERROR] LogOutputStream:75 - [STDERR_REDIRECT] 
2025-03-23 10:45:52,998 [ERROR] LogOutputStream:75 - [STDERR_REDIRECT] [Fatal Error] :1:1: Premature end of file.
2025-03-23 10:45:52,998 [ERROR] LogOutputStream:75 - [STDERR_REDIRECT] 
2025-03-23 10:45:54,023 [ERROR] LogOutputStream:75 - [STDERR_REDIRECT] [Fatal Error] :1:1: Premature end of file.
2025-03-23 10:45:54,023 [ERROR] LogOutputStream:75 - [STDERR_REDIRECT] 
2025-03-23 10:45:54,994 [ERROR] LogOutputStream:75 - [STDERR_REDIRECT] [Fatal Error] :1:1: Premature end of file.
2025-03-23 10:45:54,994 [ERROR] LogOutputStream:75 - [STDERR_REDIRECT] 
2025-03-23 10:45:56,010 [ERROR] LogOutputStream:75 - [STDERR_REDIRECT] [Fatal Error] :1:1: Premature end of file.
2025-03-23 10:45:56,010 [ERROR] LogOutputStream:75 - [STDERR_REDIRECT] 
2025-03-23 10:45:57,008 [ERROR] LogOutputStream:75 - [STDERR_REDIRECT] [Fatal Error] :1:1: Premature end of file.
2025-03-23 10:45:57,008 [ERROR] LogOutputStream:75 - [STDERR_REDIRECT] 
2025-03-23 10:45:58,004 [ERROR] LogOutputStream:75 - [STDERR_REDIRECT] [Fatal Error] :1:1: Premature end of file.
2025-03-23 10:45:58,004 [ERROR] LogOutputStream:75 - [STDERR_REDIRECT] 
2025-03-23 10:45:59,031 [ERROR] LogOutputStream:75 - [STDERR_REDIRECT] [Fatal Error] :1:1: Premature end of file.
2025-03-23 10:45:59,031 [ERROR] LogOutputStream:75 - [STDERR_REDIRECT] 
2025-03-23 10:45:59,999 [ERROR] LogOutputStream:75 - [STDERR_REDIRECT] [Fatal Error] :1:1: Premature end of file.
2025-03-23 10:45:59,999 [ERROR] LogOutputStream:75 - [STDERR_REDIRECT] 
2025-03-23 10:46:01,000 [ERROR] LogOutputStream:75 - [STDERR_REDIRECT] [Fatal Error] :1:1: Premature end of file.
2025-03-23 10:46:01,001 [ERROR] LogOutputStream:75 - [STDERR_REDIRECT] 
2025-03-23 10:46:02,005 [ERROR] LogOutputStream:75 - [STDERR_REDIRECT] [Fatal Error] :1:1: Premature end of file.
2025-03-23 10:46:02,005 [ERROR] LogOutputStream:75 - [STDERR_REDIRECT] 
2025-03-23 10:46:02,996 [ERROR] LogOutputStream:75 - [STDERR_REDIRECT] [Fatal Error] :1:1: Premature end of file.
2025-03-23 10:46:02,996 [ERROR] LogOutputStream:75 - [STDERR_REDIRECT] 
2025-03-23 10:46:04,003 [ERROR] LogOutputStream:75 - [STDERR_REDIRECT] [Fatal Error] :1:1: Premature end of file.
2025-03-23 10:46:04,003 [ERROR] LogOutputStream:75 - [STDERR_REDIRECT] 
2025-03-23 10:46:04,996 [ERROR] LogOutputStream:75 - [STDERR_REDIRECT] [Fatal Error] :1:1: Premature end of file.
2025-03-23 10:46:04,996 [ERROR] LogOutputStream:75 - [STDERR_REDIRECT] 
2025-03-23 10:46:05,997 [ERROR] LogOutputStream:75 - [STDERR_REDIRECT] [Fatal Error] :1:1: Premature end of file.
2025-03-23 10:46:05,998 [ERROR] LogOutputStream:75 - [STDERR_REDIRECT] 
2025-03-23 10:46:06,999 [ERROR] LogOutputStream:75 - [STDERR_REDIRECT] [Fatal Error] :1:1: Premature end of file.
2025-03-23 10:46:06,999 [ERROR] LogOutputStream:75 - [STDERR_REDIRECT] 
2025-03-23 10:46:08,003 [ERROR] LogOutputStream:75 - [STDERR_REDIRECT] [Fatal Error] :1:1: Premature end of file.
2025-03-23 10:46:08,003 [ERROR] LogOutputStream:75 - [STDERR_REDIRECT] 
2025-03-23 10:46:08,999 [ERROR] LogOutputStream:75 - [STDERR_REDIRECT] [Fatal Error] :1:1: Premature end of file.
2025-03-23 10:46:08,999 [ERROR] LogOutputStream:75 - [STDERR_REDIRECT] 
2025-03-23 10:46:10,001 [ERROR] LogOutputStream:75 - [STDERR_REDIRECT] [Fatal Error] :1:1: Premature end of file.
2025-03-23 10:46:10,001 [ERROR] LogOutputStream:75 - [STDERR_REDIRECT] 
2025-03-23 10:46:11,001 [ERROR] LogOutputStream:75 - [STDERR_REDIRECT] [Fatal Error] :1:1: Premature end of file.
2025-03-23 10:46:11,001 [ERROR] LogOutputStream:75 - [STDERR_REDIRECT] 
2025-03-23 10:46:12,006 [ERROR] LogOutputStream:75 - [STDERR_REDIRECT] [Fatal Error] :1:1: Premature end of file.
2025-03-23 10:46:12,006 [ERROR] LogOutputStream:75 - [STDERR_REDIRECT] 
2025-03-23 10:46:13,005 [ERROR] LogOutputStream:75 - [STDERR_REDIRECT] [Fatal Error] :1:1: Premature end of file.
2025-03-23 10:46:13,005 [ERROR] LogOutputStream:75 - [STDERR_REDIRECT] 
2025-03-23 10:46:14,000 [ERROR] LogOutputStream:75 - [STDERR_REDIRECT] [Fatal Error] :1:1: Premature end of file.
2025-03-23 10:46:14,000 [ERROR] LogOutputStream:75 - [STDERR_REDIRECT] 
2025-03-23 10:46:15,014 [ERROR] LogOutputStream:75 - [STDERR_REDIRECT] [Fatal Error] :1:1: Premature end of file.
2025-03-23 10:46:15,014 [ERROR] LogOutputStream:75 - [STDERR_REDIRECT] 
2025-03-23 10:46:16,001 [ERROR] LogOutputStream:75 - [STDERR_REDIRECT] [Fatal Error] :1:1: Premature end of file.
2025-03-23 10:46:16,001 [ERROR] LogOutputStream:75 - [STDERR_REDIRECT] 
2025-03-23 10:46:17,007 [ERROR] LogOutputStream:75 - [STDERR_REDIRECT] [Fatal Error] :1:1: Premature end of file.
2025-03-23 10:46:17,007 [ERROR] LogOutputStream:75 - [STDERR_REDIRECT] 
2025-03-23 10:46:18,019 [ERROR] LogOutputStream:75 - [STDERR_REDIRECT] [Fatal Error] :1:1: Premature end of file.
2025-03-23 10:46:18,019 [ERROR] LogOutputStream:75 - [STDERR_REDIRECT] 
2025-03-23 10:46:19,002 [ERROR] LogOutputStream:75 - [STDERR_REDIRECT] [Fatal Error] :1:1: Premature end of file.
2025-03-23 10:46:19,002 [ERROR] LogOutputStream:75 - [STDERR_REDIRECT] 
2025-03-23 10:46:20,015 [ERROR] LogOutputStream:75 - [STDERR_REDIRECT] [Fatal Error] :1:1: Premature end of file.
2025-03-23 10:46:20,015 [ERROR] LogOutputStream:75 - [STDERR_REDIRECT] 
2025-03-23 10:46:21,012 [ERROR] LogOutputStream:75 - [STDERR_REDIRECT] [Fatal Error] :1:1: Premature end of file.
2025-03-23 10:46:21,012 [ERROR] LogOutputStream:75 - [STDERR_REDIRECT] 
2025-03-23 10:46:22,017 [ERROR] LogOutputStream:75 - [STDERR_REDIRECT] [Fatal Error] :1:1: Premature end of file.
2025-03-23 10:46:22,017 [ERROR] LogOutputStream:75 - [STDERR_REDIRECT] 
2025-03-23 10:46:23,020 [ERROR] LogOutputStream:75 - [STDERR_REDIRECT] [Fatal Error] :1:1: Premature end of file.
2025-03-23 10:46:23,020 [ERROR] LogOutputStream:75 - [STDERR_REDIRECT] 
2025-03-23 10:46:24,015 [ERROR] LogOutputStream:75 - [STDERR_REDIRECT] [Fatal Error] :1:1: Premature end of file.
2025-03-23 10:46:24,015 [ERROR] LogOutputStream:75 - [STDERR_REDIRECT] 
2025-03-23 10:46:25,015 [ERROR] LogOutputStream:75 - [STDERR_REDIRECT] [Fatal Error] :1:1: Premature end of file.
2025-03-23 10:46:25,015 [ERROR] LogOutputStream:75 - [STDERR_REDIRECT] 
2025-03-23 10:46:26,015 [ERROR] LogOutputStream:75 - [STDERR_REDIRECT] [Fatal Error] :1:1: Premature end of file.
2025-03-23 10:46:26,017 [ERROR] LogOutputStream:75 - [STDERR_REDIRECT] 
2025-03-23 10:46:27,015 [ERROR] LogOutputStream:75 - [STDERR_REDIRECT] [Fatal Error] :1:1: Premature end of file.
2025-03-23 10:46:27,015 [ERROR] LogOutputStream:75 - [STDERR_REDIRECT] 
2025-03-23 10:46:28,009 [ERROR] LogOutputStream:75 - [STDERR_REDIRECT] [Fatal Error] :1:1: Premature end of file.
2025-03-23 10:46:28,009 [ERROR] LogOutputStream:75 - [STDERR_REDIRECT] 
2025-03-23 10:46:29,007 [ERROR] LogOutputStream:75 - [STDERR_REDIRECT] [Fatal Error] :1:1: Premature end of file.
2025-03-23 10:46:29,007 [ERROR] LogOutputStream:75 - [STDERR_REDIRECT] 
2025-03-23 10:46:30,005 [ERROR] LogOutputStream:75 - [STDERR_REDIRECT] [Fatal Error] :1:1: Premature end of file.
2025-03-23 10:46:30,005 [ERROR] LogOutputStream:75 - [STDERR_REDIRECT] 
2025-03-23 10:46:31,002 [ERROR] LogOutputStream:75 - [STDERR_REDIRECT] [Fatal Error] :1:1: Premature end of file.
2025-03-23 10:46:31,002 [ERROR] LogOutputStream:75 - [STDERR_REDIRECT] 
2025-03-23 10:46:32,014 [ERROR] LogOutputStream:75 - [STDERR_REDIRECT] [Fatal Error] :1:1: Premature end of file.
2025-03-23 10:46:32,014 [ERROR] LogOutputStream:75 - [STDERR_REDIRECT] 
2025-03-23 10:46:32,995 [ERROR] LogOutputStream:75 - [STDERR_REDIRECT] [Fatal Error] :1:1: Premature end of file.
2025-03-23 10:46:32,995 [ERROR] LogOutputStream:75 - [STDERR_REDIRECT] 
2025-03-23 10:46:34,002 [ERROR] LogOutputStream:75 - [STDERR_REDIRECT] [Fatal Error] :1:1: Premature end of file.
2025-03-23 10:46:34,002 [ERROR] LogOutputStream:75 - [STDERR_REDIRECT] 
2025-03-23 10:46:35,004 [ERROR] LogOutputStream:75 - [STDERR_REDIRECT] [Fatal Error] :1:1: Premature end of file.
2025-03-23 10:46:35,006 [ERROR] LogOutputStream:75 - [STDERR_REDIRECT] 
2025-03-23 10:46:36,005 [ERROR] LogOutputStream:75 - [STDERR_REDIRECT] [Fatal Error] :1:1: Premature end of file.
2025-03-23 10:46:36,005 [ERROR] LogOutputStream:75 - [STDERR_REDIRECT] 
2025-03-23 10:46:37,009 [ERROR] LogOutputStream:75 - [STDERR_REDIRECT] [Fatal Error] :1:1: Premature end of file.
2025-03-23 10:46:37,009 [ERROR] LogOutputStream:75 - [STDERR_REDIRECT] 
2025-03-23 10:46:38,002 [ERROR] LogOutputStream:75 - [STDERR_REDIRECT] [Fatal Error] :1:1: Premature end of file.
2025-03-23 10:46:38,002 [ERROR] LogOutputStream:75 - [STDERR_REDIRECT] 
2025-03-23 10:46:39,010 [ERROR] LogOutputStream:75 - [STDERR_REDIRECT] [Fatal Error] :1:1: Premature end of file.
2025-03-23 10:46:39,010 [ERROR] LogOutputStream:75 - [STDERR_REDIRECT] 
2025-03-23 10:46:40,013 [ERROR] LogOutputStream:75 - [STDERR_REDIRECT] [Fatal Error] :1:1: Premature end of file.
2025-03-23 10:46:40,013 [ERROR] LogOutputStream:75 - [STDERR_REDIRECT] 
2025-03-23 10:46:41,016 [ERROR] LogOutputStream:75 - [STDERR_REDIRECT] [Fatal Error] :1:1: Premature end of file.
2025-03-23 10:46:41,016 [ERROR] LogOutputStream:75 - [STDERR_REDIRECT] 
2025-03-23 10:46:42,003 [ERROR] LogOutputStream:75 - [STDERR_REDIRECT] [Fatal Error] :1:1: Premature end of file.
2025-03-23 10:46:42,003 [ERROR] LogOutputStream:75 - [STDERR_REDIRECT] 
2025-03-23 10:46:43,003 [ERROR] LogOutputStream:75 - [STDERR_REDIRECT] [Fatal Error] :1:1: Premature end of file.
2025-03-23 10:46:43,003 [ERROR] LogOutputStream:75 - [STDERR_REDIRECT] 
2025-03-23 10:46:44,006 [ERROR] LogOutputStream:75 - [STDERR_REDIRECT] [Fatal Error] :1:1: Premature end of file.
2025-03-23 10:46:44,006 [ERROR] LogOutputStream:75 - [STDERR_REDIRECT] 
2025-03-23 10:46:45,003 [ERROR] LogOutputStream:75 - [STDERR_REDIRECT] [Fatal Error] :1:1: Premature end of file.
2025-03-23 10:46:45,003 [ERROR] LogOutputStream:75 - [STDERR_REDIRECT] 
2025-03-23 10:46:46,012 [ERROR] LogOutputStream:75 - [STDERR_REDIRECT] [Fatal Error] :1:1: Premature end of file.
2025-03-23 10:46:46,012 [ERROR] LogOutputStream:75 - [STDERR_REDIRECT] 
2025-03-23 10:46:47,012 [ERROR] LogOutputStream:75 - [STDERR_REDIRECT] [Fatal Error] :1:1: Premature end of file.
2025-03-23 10:46:47,012 [ERROR] LogOutputStream:75 - [STDERR_REDIRECT] 
2025-03-23 10:46:48,000 [ERROR] LogOutputStream:75 - [STDERR_REDIRECT] [Fatal Error] :1:1: Premature end of file.
2025-03-23 10:46:48,000 [ERROR] LogOutputStream:75 - [STDERR_REDIRECT] 
2025-03-23 10:46:49,007 [ERROR] LogOutputStream:75 - [STDERR_REDIRECT] [Fatal Error] :1:1: Premature end of file.
2025-03-23 10:46:49,007 [ERROR] LogOutputStream:75 - [STDERR_REDIRECT] 
2025-03-23 10:46:50,008 [ERROR] LogOutputStream:75 - [STDERR_REDIRECT] [Fatal Error] :1:1: Premature end of file.
2025-03-23 10:46:50,008 [ERROR] LogOutputStream:75 - [STDERR_REDIRECT] 
2025-03-23 10:46:51,012 [ERROR] LogOutputStream:75 - [STDERR_REDIRECT] [Fatal Error] :1:1: Premature end of file.
2025-03-23 10:46:51,012 [ERROR] LogOutputStream:75 - [STDERR_REDIRECT] 
2025-03-23 10:46:52,008 [ERROR] LogOutputStream:75 - [STDERR_REDIRECT] [Fatal Error] :1:1: Premature end of file.
2025-03-23 10:46:52,008 [ERROR] LogOutputStream:75 - [STDERR_REDIRECT] 
2025-03-23 10:46:53,017 [ERROR] LogOutputStream:75 - [STDERR_REDIRECT] [Fatal Error] :1:1: Premature end of file.
2025-03-23 10:46:53,017 [ERROR] LogOutputStream:75 - [STDERR_REDIRECT] 
2025-03-23 10:46:54,003 [ERROR] LogOutputStream:75 - [STDERR_REDIRECT] [Fatal Error] :1:1: Premature end of file.
2025-03-23 10:46:54,003 [ERROR] LogOutputStream:75 - [STDERR_REDIRECT] 
2025-03-23 10:46:55,000 [ERROR] LogOutputStream:75 - [STDERR_REDIRECT] [Fatal Error] :1:1: Premature end of file.
2025-03-23 10:46:55,000 [ERROR] LogOutputStream:75 - [STDERR_REDIRECT] 
2025-03-23 10:46:56,030 [ERROR] LogOutputStream:75 - [STDERR_REDIRECT] [Fatal Error] :1:1: Premature end of file.
2025-03-23 10:46:56,030 [ERROR] LogOutputStream:75 - [STDERR_REDIRECT] 
2025-03-23 10:46:57,006 [ERROR] LogOutputStream:75 - [STDERR_REDIRECT] [Fatal Error] :1:1: Premature end of file.
2025-03-23 10:46:57,006 [ERROR] LogOutputStream:75 - [STDERR_REDIRECT] 
2025-03-23 10:46:58,018 [ERROR] LogOutputStream:75 - [STDERR_REDIRECT] [Fatal Error] :1:1: Premature end of file.
2025-03-23 10:46:58,018 [ERROR] LogOutputStream:75 - [STDERR_REDIRECT] 
2025-03-23 10:46:59,007 [ERROR] LogOutputStream:75 - [STDERR_REDIRECT] [Fatal Error] :1:1: Premature end of file.
2025-03-23 10:46:59,007 [ERROR] LogOutputStream:75 - [STDERR_REDIRECT] 
2025-03-23 10:47:00,005 [ERROR] LogOutputStream:75 - [STDERR_REDIRECT] [Fatal Error] :1:1: Premature end of file.
2025-03-23 10:47:00,005 [ERROR] LogOutputStream:75 - [STDERR_REDIRECT] 
2025-03-23 10:47:01,006 [ERROR] LogOutputStream:75 - [STDERR_REDIRECT] [Fatal Error] :1:1: Premature end of file.
2025-03-23 10:47:01,006 [ERROR] LogOutputStream:75 - [STDERR_REDIRECT] 
2025-03-23 10:47:02,005 [ERROR] LogOutputStream:75 - [STDERR_REDIRECT] [Fatal Error] :1:1: Premature end of file.
2025-03-23 10:47:02,005 [ERROR] LogOutputStream:75 - [STDERR_REDIRECT] 
2025-03-23 10:47:03,009 [ERROR] LogOutputStream:75 - [STDERR_REDIRECT] [Fatal Error] :1:1: Premature end of file.
2025-03-23 10:47:03,009 [ERROR] LogOutputStream:75 - [STDERR_REDIRECT] 
2025-03-23 10:47:04,010 [ERROR] LogOutputStream:75 - [STDERR_REDIRECT] [Fatal Error] :1:1: Premature end of file.
2025-03-23 10:47:04,010 [ERROR] LogOutputStream:75 - [STDERR_REDIRECT] 
2025-03-23 10:47:05,000 [ERROR] LogOutputStream:75 - [STDERR_REDIRECT] [Fatal Error] :1:1: Premature end of file.
2025-03-23 10:47:05,000 [ERROR] LogOutputStream:75 - [STDERR_REDIRECT] 
2025-03-23 10:47:06,006 [ERROR] LogOutputStream:75 - [STDERR_REDIRECT] [Fatal Error] :1:1: Premature end of file.
2025-03-23 10:47:06,006 [ERROR] LogOutputStream:75 - [STDERR_REDIRECT] 
2025-03-23 10:47:06,998 [ERROR] LogOutputStream:75 - [STDERR_REDIRECT] [Fatal Error] :1:1: Premature end of file.
2025-03-23 10:47:06,998 [ERROR] LogOutputStream:75 - [STDERR_REDIRECT] 
2025-03-23 10:47:08,001 [ERROR] LogOutputStream:75 - [STDERR_REDIRECT] [Fatal Error] :1:1: Premature end of file.
2025-03-23 10:47:08,003 [ERROR] LogOutputStream:75 - [STDERR_REDIRECT] 
2025-03-23 10:47:09,008 [ERROR] LogOutputStream:75 - [STDERR_REDIRECT] [Fatal Error] :1:1: Premature end of file.
2025-03-23 10:47:09,008 [ERROR] LogOutputStream:75 - [STDERR_REDIRECT] 
2025-03-23 10:47:10,008 [ERROR] LogOutputStream:75 - [STDERR_REDIRECT] [Fatal Error] :1:1: Premature end of file.
2025-03-23 10:47:10,008 [ERROR] LogOutputStream:75 - [STDERR_REDIRECT] 
2025-03-23 10:47:11,018 [ERROR] LogOutputStream:75 - [STDERR_REDIRECT] [Fatal Error] :1:1: Premature end of file.
2025-03-23 10:47:11,018 [ERROR] LogOutputStream:75 - [STDERR_REDIRECT] 
2025-03-23 10:47:12,012 [ERROR] LogOutputStream:75 - [STDERR_REDIRECT] [Fatal Error] :1:1: Premature end of file.
2025-03-23 10:47:12,012 [ERROR] LogOutputStream:75 - [STDERR_REDIRECT] 
2025-03-23 10:47:12,998 [ERROR] LogOutputStream:75 - [STDERR_REDIRECT] [Fatal Error] :1:1: Premature end of file.
2025-03-23 10:47:12,998 [ERROR] LogOutputStream:75 - [STDERR_REDIRECT] 
2025-03-23 10:47:14,005 [ERROR] LogOutputStream:75 - [STDERR_REDIRECT] [Fatal Error] :1:1: Premature end of file.
2025-03-23 10:47:14,005 [ERROR] LogOutputStream:75 - [STDERR_REDIRECT] 
2025-03-23 10:47:15,004 [ERROR] LogOutputStream:75 - [STDERR_REDIRECT] [Fatal Error] :1:1: Premature end of file.
2025-03-23 10:47:15,004 [ERROR] LogOutputStream:75 - [STDERR_REDIRECT] 
2025-03-23 10:47:15,996 [ERROR] LogOutputStream:75 - [STDERR_REDIRECT] [Fatal Error] :1:1: Premature end of file.
2025-03-23 10:47:15,996 [ERROR] LogOutputStream:75 - [STDERR_REDIRECT] 
2025-03-23 10:47:16,997 [ERROR] LogOutputStream:75 - [STDERR_REDIRECT] [Fatal Error] :1:1: Premature end of file.
2025-03-23 10:47:16,997 [ERROR] LogOutputStream:75 - [STDERR_REDIRECT] 
2025-03-23 10:47:18,026 [ERROR] LogOutputStream:75 - [STDERR_REDIRECT] [Fatal Error] :1:1: Premature end of file.
2025-03-23 10:47:18,026 [ERROR] LogOutputStream:75 - [STDERR_REDIRECT] 
2025-03-23 10:47:19,002 [ERROR] LogOutputStream:75 - [STDERR_REDIRECT] [Fatal Error] :1:1: Premature end of file.
2025-03-23 10:47:19,002 [ERROR] LogOutputStream:75 - [STDERR_REDIRECT] 
2025-03-23 10:47:20,009 [ERROR] LogOutputStream:75 - [STDERR_REDIRECT] [Fatal Error] :1:1: Premature end of file.
2025-03-23 10:47:20,009 [ERROR] LogOutputStream:75 - [STDERR_REDIRECT] 
2025-03-23 10:47:21,005 [ERROR] LogOutputStream:75 - [STDERR_REDIRECT] [Fatal Error] :1:1: Premature end of file.
2025-03-23 10:47:21,009 [ERROR] LogOutputStream:75 - [STDERR_REDIRECT] 
2025-03-23 10:47:22,004 [ERROR] LogOutputStream:75 - [STDERR_REDIRECT] [Fatal Error] :1:1: Premature end of file.
2025-03-23 10:47:22,004 [ERROR] LogOutputStream:75 - [STDERR_REDIRECT] 
2025-03-23 10:47:23,016 [ERROR] LogOutputStream:75 - [STDERR_REDIRECT] [Fatal Error] :1:1: Premature end of file.
2025-03-23 10:47:23,016 [ERROR] LogOutputStream:75 - [STDERR_REDIRECT] 
2025-03-23 10:47:24,015 [ERROR] LogOutputStream:75 - [STDERR_REDIRECT] [Fatal Error] :1:1: Premature end of file.
2025-03-23 10:47:24,015 [ERROR] LogOutputStream:75 - [STDERR_REDIRECT] 
2025-03-23 10:47:25,000 [ERROR] LogOutputStream:75 - [STDERR_REDIRECT] [Fatal Error] :1:1: Premature end of file.
2025-03-23 10:47:25,000 [ERROR] LogOutputStream:75 - [STDERR_REDIRECT] 
2025-03-23 10:47:26,006 [ERROR] LogOutputStream:75 - [STDERR_REDIRECT] [Fatal Error] :1:1: Premature end of file.
2025-03-23 10:47:26,006 [ERROR] LogOutputStream:75 - [STDERR_REDIRECT] 
2025-03-23 10:47:27,006 [ERROR] LogOutputStream:75 - [STDERR_REDIRECT] [Fatal Error] :1:1: Premature end of file.
2025-03-23 10:47:27,006 [ERROR] LogOutputStream:75 - [STDERR_REDIRECT] 
2025-03-23 10:47:27,999 [ERROR] LogOutputStream:75 - [STDERR_REDIRECT] [Fatal Error] :1:1: Premature end of file.
2025-03-23 10:47:27,999 [ERROR] LogOutputStream:75 - [STDERR_REDIRECT] 
2025-03-23 10:47:28,995 [ERROR] LogOutputStream:75 - [STDERR_REDIRECT] [Fatal Error] :1:1: Premature end of file.
2025-03-23 10:47:28,995 [ERROR] LogOutputStream:75 - [STDERR_REDIRECT] 
2025-03-23 10:47:30,000 [ERROR] LogOutputStream:75 - [STDERR_REDIRECT] [Fatal Error] :1:1: Premature end of file.
2025-03-23 10:47:30,000 [ERROR] LogOutputStream:75 - [STDERR_REDIRECT] 
2025-03-23 10:47:30,997 [ERROR] LogOutputStream:75 - [STDERR_REDIRECT] [Fatal Error] :1:1: Premature end of file.
2025-03-23 10:47:30,997 [ERROR] LogOutputStream:75 - [STDERR_REDIRECT] 
2025-03-23 10:47:32,000 [ERROR] LogOutputStream:75 - [STDERR_REDIRECT] [Fatal Error] :1:1: Premature end of file.
2025-03-23 10:47:32,000 [ERROR] LogOutputStream:75 - [STDERR_REDIRECT] 
2025-03-23 10:47:32,996 [ERROR] LogOutputStream:75 - [STDERR_REDIRECT] [Fatal Error] :1:1: Premature end of file.
2025-03-23 10:47:32,996 [ERROR] LogOutputStream:75 - [STDERR_REDIRECT] 
2025-03-23 10:47:34,005 [ERROR] LogOutputStream:75 - [STDERR_REDIRECT] [Fatal Error] :1:1: Premature end of file.
2025-03-23 10:47:34,005 [ERROR] LogOutputStream:75 - [STDERR_REDIRECT] 
2025-03-23 10:47:35,005 [ERROR] LogOutputStream:75 - [STDERR_REDIRECT] [Fatal Error] :1:1: Premature end of file.
2025-03-23 10:47:35,005 [ERROR] LogOutputStream:75 - [STDERR_REDIRECT] 
2025-03-23 10:47:36,004 [ERROR] LogOutputStream:75 - [STDERR_REDIRECT] [Fatal Error] :1:1: Premature end of file.
2025-03-23 10:47:36,004 [ERROR] LogOutputStream:75 - [STDERR_REDIRECT] 
2025-03-23 10:47:37,004 [ERROR] LogOutputStream:75 - [STDERR_REDIRECT] [Fatal Error] :1:1: Premature end of file.
2025-03-23 10:47:37,004 [ERROR] LogOutputStream:75 - [STDERR_REDIRECT] 
2025-03-23 10:47:38,005 [ERROR] LogOutputStream:75 - [STDERR_REDIRECT] [Fatal Error] :1:1: Premature end of file.
2025-03-23 10:47:38,005 [ERROR] LogOutputStream:75 - [STDERR_REDIRECT] 
2025-03-23 10:47:39,004 [ERROR] LogOutputStream:75 - [STDERR_REDIRECT] [Fatal Error] :1:1: Premature end of file.
2025-03-23 10:47:39,004 [ERROR] LogOutputStream:75 - [STDERR_REDIRECT] 
2025-03-23 10:47:40,019 [ERROR] LogOutputStream:75 - [STDERR_REDIRECT] [Fatal Error] :1:1: Premature end of file.
2025-03-23 10:47:40,019 [ERROR] LogOutputStream:75 - [STDERR_REDIRECT] 
2025-03-23 10:47:41,004 [ERROR] LogOutputStream:75 - [STDERR_REDIRECT] [Fatal Error] :1:1: Premature end of file.
2025-03-23 10:47:41,005 [ERROR] LogOutputStream:75 - [STDERR_REDIRECT] 
2025-03-23 10:47:42,004 [ERROR] LogOutputStream:75 - [STDERR_REDIRECT] [Fatal Error] :1:1: Premature end of file.
2025-03-23 10:47:42,004 [ERROR] LogOutputStream:75 - [STDERR_REDIRECT] 
2025-03-23 10:47:43,005 [ERROR] LogOutputStream:75 - [STDERR_REDIRECT] [Fatal Error] :1:1: Premature end of file.
2025-03-23 10:47:43,005 [ERROR] LogOutputStream:75 - [STDERR_REDIRECT] 
2025-03-23 10:47:44,003 [ERROR] LogOutputStream:75 - [STDERR_REDIRECT] [Fatal Error] :1:1: Premature end of file.
2025-03-23 10:47:44,004 [ERROR] LogOutputStream:75 - [STDERR_REDIRECT] 
2025-03-23 10:47:45,004 [ERROR] LogOutputStream:75 - [STDERR_REDIRECT] [Fatal Error] :1:1: Premature end of file.
2025-03-23 10:47:45,004 [ERROR] LogOutputStream:75 - [STDERR_REDIRECT] 
2025-03-23 10:47:46,004 [ERROR] LogOutputStream:75 - [STDERR_REDIRECT] [Fatal Error] :1:1: Premature end of file.
2025-03-23 10:47:46,004 [ERROR] LogOutputStream:75 - [STDERR_REDIRECT] 
2025-03-23 10:47:47,004 [ERROR] LogOutputStream:75 - [STDERR_REDIRECT] [Fatal Error] :1:1: Premature end of file.
2025-03-23 10:47:47,005 [ERROR] LogOutputStream:75 - [STDERR_REDIRECT] 
2025-03-23 10:47:48,005 [ERROR] LogOutputStream:75 - [STDERR_REDIRECT] [Fatal Error] :1:1: Premature end of file.
2025-03-23 10:47:48,005 [ERROR] LogOutputStream:75 - [STDERR_REDIRECT] 
2025-03-23 10:47:49,005 [ERROR] LogOutputStream:75 - [STDERR_REDIRECT] [Fatal Error] :1:1: Premature end of file.
2025-03-23 10:47:49,005 [ERROR] LogOutputStream:75 - [STDERR_REDIRECT] 
2025-03-23 10:47:49,999 [ERROR] LogOutputStream:75 - [STDERR_REDIRECT] [Fatal Error] :1:1: Premature end of file.
2025-03-23 10:47:49,999 [ERROR] LogOutputStream:75 - [STDERR_REDIRECT] 
2025-03-23 10:47:50,999 [ERROR] LogOutputStream:75 - [STDERR_REDIRECT] [Fatal Error] :1:1: Premature end of file.
2025-03-23 10:47:50,999 [ERROR] LogOutputStream:75 - [STDERR_REDIRECT] 
2025-03-23 10:47:52,006 [ERROR] LogOutputStream:75 - [STDERR_REDIRECT] [Fatal Error] :1:1: Premature end of file.
2025-03-23 10:47:52,006 [ERROR] LogOutputStream:75 - [STDERR_REDIRECT] 
2025-03-23 10:47:53,006 [ERROR] LogOutputStream:75 - [STDERR_REDIRECT] [Fatal Error] :1:1: Premature end of file.
2025-03-23 10:47:53,006 [ERROR] LogOutputStream:75 - [STDERR_REDIRECT] 
2025-03-23 10:47:54,005 [ERROR] LogOutputStream:75 - [STDERR_REDIRECT] [Fatal Error] :1:1: Premature end of file.
2025-03-23 10:47:54,005 [ERROR] LogOutputStream:75 - [STDERR_REDIRECT] 
2025-03-23 10:47:55,000 [ERROR] LogOutputStream:75 - [STDERR_REDIRECT] [Fatal Error] :1:1: Premature end of file.
2025-03-23 10:47:55,000 [ERROR] LogOutputStream:75 - [STDERR_REDIRECT] 
2025-03-23 10:47:56,001 [ERROR] LogOutputStream:75 - [STDERR_REDIRECT] [Fatal Error] :1:1: Premature end of file.
2025-03-23 10:47:56,001 [ERROR] LogOutputStream:75 - [STDERR_REDIRECT] 
2025-03-23 10:47:57,011 [ERROR] LogOutputStream:75 - [STDERR_REDIRECT] [Fatal Error] :1:1: Premature end of file.
2025-03-23 10:47:57,011 [ERROR] LogOutputStream:75 - [STDERR_REDIRECT] 
2025-03-23 10:47:58,002 [ERROR] LogOutputStream:75 - [STDERR_REDIRECT] [Fatal Error] :1:1: Premature end of file.
2025-03-23 10:47:58,002 [ERROR] LogOutputStream:75 - [STDERR_REDIRECT] 
2025-03-23 10:47:59,009 [ERROR] LogOutputStream:75 - [STDERR_REDIRECT] [Fatal Error] :1:1: Premature end of file.
2025-03-23 10:47:59,009 [ERROR] LogOutputStream:75 - [STDERR_REDIRECT] 
2025-03-23 10:48:00,017 [ERROR] LogOutputStream:75 - [STDERR_REDIRECT] [Fatal Error] :1:1: Premature end of file.
2025-03-23 10:48:00,017 [ERROR] LogOutputStream:75 - [STDERR_REDIRECT] 
2025-03-23 10:48:01,009 [ERROR] LogOutputStream:75 - [STDERR_REDIRECT] [Fatal Error] :1:1: Premature end of file.
2025-03-23 10:48:01,009 [ERROR] LogOutputStream:75 - [STDERR_REDIRECT] 
2025-03-23 10:48:02,010 [ERROR] LogOutputStream:75 - [STDERR_REDIRECT] [Fatal Error] :1:1: Premature end of file.
2025-03-23 10:48:02,010 [ERROR] LogOutputStream:75 - [STDERR_REDIRECT] 
2025-03-23 10:48:02,994 [ERROR] LogOutputStream:75 - [STDERR_REDIRECT] [Fatal Error] :1:1: Premature end of file.
2025-03-23 10:48:02,994 [ERROR] LogOutputStream:75 - [STDERR_REDIRECT] 
2025-03-23 10:48:04,006 [ERROR] LogOutputStream:75 - [STDERR_REDIRECT] [Fatal Error] :1:1: Premature end of file.
2025-03-23 10:48:04,006 [ERROR] LogOutputStream:75 - [STDERR_REDIRECT] 
2025-03-23 10:48:05,008 [ERROR] LogOutputStream:75 - [STDERR_REDIRECT] [Fatal Error] :1:1: Premature end of file.
2025-03-23 10:48:05,008 [ERROR] LogOutputStream:75 - [STDERR_REDIRECT] 
2025-03-23 10:48:06,002 [ERROR] LogOutputStream:75 - [STDERR_REDIRECT] [Fatal Error] :1:1: Premature end of file.
2025-03-23 10:48:06,002 [ERROR] LogOutputStream:75 - [STDERR_REDIRECT] 
2025-03-23 10:48:07,000 [ERROR] LogOutputStream:75 - [STDERR_REDIRECT] [Fatal Error] :1:1: Premature end of file.
2025-03-23 10:48:07,000 [ERROR] LogOutputStream:75 - [STDERR_REDIRECT] 
2025-03-23 10:48:08,004 [ERROR] LogOutputStream:75 - [STDERR_REDIRECT] [Fatal Error] :1:1: Premature end of file.
2025-03-23 10:48:08,004 [ERROR] LogOutputStream:75 - [STDERR_REDIRECT] 
2025-03-23 10:48:09,003 [ERROR] LogOutputStream:75 - [STDERR_REDIRECT] [Fatal Error] :1:1: Premature end of file.
2025-03-23 10:48:09,003 [ERROR] LogOutputStream:75 - [STDERR_REDIRECT] 
2025-03-23 10:48:10,003 [ERROR] LogOutputStream:75 - [STDERR_REDIRECT] [Fatal Error] :1:1: Premature end of file.
2025-03-23 10:48:10,003 [ERROR] LogOutputStream:75 - [STDERR_REDIRECT] 
2025-03-23 10:48:11,002 [ERROR] LogOutputStream:75 - [STDERR_REDIRECT] [Fatal Error] :1:1: Premature end of file.
2025-03-23 10:48:11,002 [ERROR] LogOutputStream:75 - [STDERR_REDIRECT] 
2025-03-23 10:48:12,002 [ERROR] LogOutputStream:75 - [STDERR_REDIRECT] [Fatal Error] :1:1: Premature end of file.
2025-03-23 10:48:12,004 [ERROR] LogOutputStream:75 - [STDERR_REDIRECT] 
2025-03-23 10:48:13,002 [ERROR] LogOutputStream:75 - [STDERR_REDIRECT] [Fatal Error] :1:1: Premature end of file.
2025-03-23 10:48:13,002 [ERROR] LogOutputStream:75 - [STDERR_REDIRECT] 
2025-03-23 10:48:14,002 [ERROR] LogOutputStream:75 - [STDERR_REDIRECT] [Fatal Error] :1:1: Premature end of file.
2025-03-23 10:48:14,002 [ERROR] LogOutputStream:75 - [STDERR_REDIRECT] 
2025-03-23 10:48:15,002 [ERROR] LogOutputStream:75 - [STDERR_REDIRECT] [Fatal Error] :1:1: Premature end of file.
2025-03-23 10:48:15,003 [ERROR] LogOutputStream:75 - [STDERR_REDIRECT] 
2025-03-23 10:48:16,004 [ERROR] LogOutputStream:75 - [STDERR_REDIRECT] [Fatal Error] :1:1: Premature end of file.
2025-03-23 10:48:16,004 [ERROR] LogOutputStream:75 - [STDERR_REDIRECT] 
2025-03-23 10:48:17,002 [ERROR] LogOutputStream:75 - [STDERR_REDIRECT] [Fatal Error] :1:1: Premature end of file.
2025-03-23 10:48:17,002 [ERROR] LogOutputStream:75 - [STDERR_REDIRECT] 
2025-03-23 10:48:18,014 [ERROR] LogOutputStream:75 - [STDERR_REDIRECT] [Fatal Error] :1:1: Premature end of file.
2025-03-23 10:48:18,014 [ERROR] LogOutputStream:75 - [STDERR_REDIRECT] 
2025-03-23 10:48:18,999 [ERROR] LogOutputStream:75 - [STDERR_REDIRECT] [Fatal Error] :1:1: Premature end of file.
2025-03-23 10:48:18,999 [ERROR] LogOutputStream:75 - [STDERR_REDIRECT] 
2025-03-23 10:48:20,011 [ERROR] LogOutputStream:75 - [STDERR_REDIRECT] [Fatal Error] :1:1: Premature end of file.
2025-03-23 10:48:20,011 [ERROR] LogOutputStream:75 - [STDERR_REDIRECT] 
2025-03-23 10:48:21,004 [ERROR] LogOutputStream:75 - [STDERR_REDIRECT] [Fatal Error] :1:1: Premature end of file.
2025-03-23 10:48:21,004 [ERROR] LogOutputStream:75 - [STDERR_REDIRECT] 
2025-03-23 10:48:22,002 [ERROR] LogOutputStream:75 - [STDERR_REDIRECT] [Fatal Error] :1:1: Premature end of file.
2025-03-23 10:48:22,002 [ERROR] LogOutputStream:75 - [STDERR_REDIRECT] 
2025-03-23 10:48:23,008 [ERROR] LogOutputStream:75 - [STDERR_REDIRECT] [Fatal Error] :1:1: Premature end of file.
2025-03-23 10:48:23,009 [ERROR] LogOutputStream:75 - [STDERR_REDIRECT] 
2025-03-23 10:48:23,999 [ERROR] LogOutputStream:75 - [STDERR_REDIRECT] [Fatal Error] :1:1: Premature end of file.
2025-03-23 10:48:24,000 [ERROR] LogOutputStream:75 - [STDERR_REDIRECT] 
2025-03-23 10:48:25,002 [ERROR] LogOutputStream:75 - [STDERR_REDIRECT] [Fatal Error] :1:1: Premature end of file.
2025-03-23 10:48:25,002 [ERROR] LogOutputStream:75 - [STDERR_REDIRECT] 
2025-03-23 10:48:26,007 [ERROR] LogOutputStream:75 - [STDERR_REDIRECT] [Fatal Error] :1:1: Premature end of file.
2025-03-23 10:48:26,007 [ERROR] LogOutputStream:75 - [STDERR_REDIRECT] 
2025-03-23 10:48:27,004 [ERROR] LogOutputStream:75 - [STDERR_REDIRECT] [Fatal Error] :1:1: Premature end of file.
2025-03-23 10:48:27,004 [ERROR] LogOutputStream:75 - [STDERR_REDIRECT] 
2025-03-23 10:48:28,001 [ERROR] LogOutputStream:75 - [STDERR_REDIRECT] [Fatal Error] :1:1: Premature end of file.
2025-03-23 10:48:28,002 [ERROR] LogOutputStream:75 - [STDERR_REDIRECT] 
2025-03-23 10:48:29,004 [ERROR] LogOutputStream:75 - [STDERR_REDIRECT] [Fatal Error] :1:1: Premature end of file.
2025-03-23 10:48:29,004 [ERROR] LogOutputStream:75 - [STDERR_REDIRECT] 
2025-03-23 10:48:30,013 [ERROR] LogOutputStream:75 - [STDERR_REDIRECT] [Fatal Error] :1:1: Premature end of file.
2025-03-23 10:48:30,013 [ERROR] LogOutputStream:75 - [STDERR_REDIRECT] 
2025-03-23 10:48:30,998 [ERROR] LogOutputStream:75 - [STDERR_REDIRECT] [Fatal Error] :1:1: Premature end of file.
2025-03-23 10:48:30,998 [ERROR] LogOutputStream:75 - [STDERR_REDIRECT] 
2025-03-23 10:48:31,997 [ERROR] LogOutputStream:75 - [STDERR_REDIRECT] [Fatal Error] :1:1: Premature end of file.
2025-03-23 10:48:31,997 [ERROR] LogOutputStream:75 - [STDERR_REDIRECT] 
2025-03-23 10:48:33,002 [ERROR] LogOutputStream:75 - [STDERR_REDIRECT] [Fatal Error] :1:1: Premature end of file.
2025-03-23 10:48:33,002 [ERROR] LogOutputStream:75 - [STDERR_REDIRECT] 
2025-03-23 10:48:34,010 [ERROR] LogOutputStream:75 - [STDERR_REDIRECT] [Fatal Error] :1:1: Premature end of file.
2025-03-23 10:48:34,010 [ERROR] LogOutputStream:75 - [STDERR_REDIRECT] 
2025-03-23 10:48:35,007 [ERROR] LogOutputStream:75 - [STDERR_REDIRECT] [Fatal Error] :1:1: Premature end of file.
2025-03-23 10:48:35,007 [ERROR] LogOutputStream:75 - [STDERR_REDIRECT] 
2025-03-23 10:48:36,004 [ERROR] LogOutputStream:75 - [STDERR_REDIRECT] [Fatal Error] :1:1: Premature end of file.
2025-03-23 10:48:36,004 [ERROR] LogOutputStream:75 - [STDERR_REDIRECT] 
2025-03-23 10:48:37,004 [ERROR] LogOutputStream:75 - [STDERR_REDIRECT] [Fatal Error] :1:1: Premature end of file.
2025-03-23 10:48:37,004 [ERROR] LogOutputStream:75 - [STDERR_REDIRECT] 
2025-03-23 10:48:38,002 [ERROR] LogOutputStream:75 - [STDERR_REDIRECT] [Fatal Error] :1:1: Premature end of file.
2025-03-23 10:48:38,002 [ERROR] LogOutputStream:75 - [STDERR_REDIRECT] 
2025-03-23 10:48:39,012 [ERROR] LogOutputStream:75 - [STDERR_REDIRECT] [Fatal Error] :1:1: Premature end of file.
2025-03-23 10:48:39,012 [ERROR] LogOutputStream:75 - [STDERR_REDIRECT] 
2025-03-23 10:48:39,998 [ERROR] LogOutputStream:75 - [STDERR_REDIRECT] [Fatal Error] :1:1: Premature end of file.
2025-03-23 10:48:39,998 [ERROR] LogOutputStream:75 - [STDERR_REDIRECT] 
2025-03-23 10:48:41,002 [ERROR] LogOutputStream:75 - [STDERR_REDIRECT] [Fatal Error] :1:1: Premature end of file.
2025-03-23 10:48:41,002 [ERROR] LogOutputStream:75 - [STDERR_REDIRECT] 
2025-03-23 10:48:42,024 [ERROR] LogOutputStream:75 - [STDERR_REDIRECT] [Fatal Error] :1:1: Premature end of file.
2025-03-23 10:48:42,024 [ERROR] LogOutputStream:75 - [STDERR_REDIRECT] 
2025-03-23 10:48:43,005 [ERROR] LogOutputStream:75 - [STDERR_REDIRECT] [Fatal Error] :1:1: Premature end of file.
2025-03-23 10:48:43,005 [ERROR] LogOutputStream:75 - [STDERR_REDIRECT] 
2025-03-23 10:48:44,005 [ERROR] LogOutputStream:75 - [STDERR_REDIRECT] [Fatal Error] :1:1: Premature end of file.
2025-03-23 10:48:44,005 [ERROR] LogOutputStream:75 - [STDERR_REDIRECT] 
2025-03-23 10:48:44,999 [ERROR] LogOutputStream:75 - [STDERR_REDIRECT] [Fatal Error] :1:1: Premature end of file.
2025-03-23 10:48:44,999 [ERROR] LogOutputStream:75 - [STDERR_REDIRECT] 
2025-03-23 10:48:46,008 [ERROR] LogOutputStream:75 - [STDERR_REDIRECT] [Fatal Error] :1:1: Premature end of file.
2025-03-23 10:48:46,008 [ERROR] LogOutputStream:75 - [STDERR_REDIRECT] 
2025-03-23 10:48:47,006 [ERROR] LogOutputStream:75 - [STDERR_REDIRECT] [Fatal Error] :1:1: Premature end of file.
2025-03-23 10:48:47,006 [ERROR] LogOutputStream:75 - [STDERR_REDIRECT] 
2025-03-23 10:48:48,006 [ERROR] LogOutputStream:75 - [STDERR_REDIRECT] [Fatal Error] :1:1: Premature end of file.
2025-03-23 10:48:48,006 [ERROR] LogOutputStream:75 - [STDERR_REDIRECT] 
2025-03-23 10:48:49,003 [ERROR] LogOutputStream:75 - [STDERR_REDIRECT] [Fatal Error] :1:1: Premature end of file.
2025-03-23 10:48:49,003 [ERROR] LogOutputStream:75 - [STDERR_REDIRECT] 
2025-03-23 10:48:50,007 [ERROR] LogOutputStream:75 - [STDERR_REDIRECT] [Fatal Error] :1:1: Premature end of file.
2025-03-23 10:48:50,007 [ERROR] LogOutputStream:75 - [STDERR_REDIRECT] 
2025-03-23 10:48:51,009 [ERROR] LogOutputStream:75 - [STDERR_REDIRECT] [Fatal Error] :1:1: Premature end of file.
2025-03-23 10:48:51,009 [ERROR] LogOutputStream:75 - [STDERR_REDIRECT] 
2025-03-23 10:48:52,006 [ERROR] LogOutputStream:75 - [STDERR_REDIRECT] [Fatal Error] :1:1: Premature end of file.
2025-03-23 10:48:52,006 [ERROR] LogOutputStream:75 - [STDERR_REDIRECT] 
2025-03-23 10:48:52,999 [ERROR] LogOutputStream:75 - [STDERR_REDIRECT] [Fatal Error] :1:1: Premature end of file.
2025-03-23 10:48:52,999 [ERROR] LogOutputStream:75 - [STDERR_REDIRECT] 
2025-03-23 10:48:54,013 [ERROR] LogOutputStream:75 - [STDERR_REDIRECT] [Fatal Error] :1:1: Premature end of file.
2025-03-23 10:48:54,013 [ERROR] LogOutputStream:75 - [STDERR_REDIRECT] 
2025-03-23 10:48:55,004 [ERROR] LogOutputStream:75 - [STDERR_REDIRECT] [Fatal Error] :1:1: Premature end of file.
2025-03-23 10:48:55,004 [ERROR] LogOutputStream:75 - [STDERR_REDIRECT] 
2025-03-23 10:48:56,000 [ERROR] LogOutputStream:75 - [STDERR_REDIRECT] [Fatal Error] :1:1: Premature end of file.
2025-03-23 10:48:56,000 [ERROR] LogOutputStream:75 - [STDERR_REDIRECT] 
2025-03-23 10:48:56,998 [ERROR] LogOutputStream:75 - [STDERR_REDIRECT] [Fatal Error] :1:1: Premature end of file.
2025-03-23 10:48:56,998 [ERROR] LogOutputStream:75 - [STDERR_REDIRECT] 
2025-03-23 10:48:57,995 [ERROR] LogOutputStream:75 - [STDERR_REDIRECT] [Fatal Error] :1:1: Premature end of file.
2025-03-23 10:48:58,008 [ERROR] LogOutputStream:75 - [STDERR_REDIRECT] 
2025-03-23 10:48:59,000 [ERROR] LogOutputStream:75 - [STDERR_REDIRECT] [Fatal Error] :1:1: Premature end of file.
2025-03-23 10:48:59,000 [ERROR] LogOutputStream:75 - [STDERR_REDIRECT] 
2025-03-23 10:49:00,008 [ERROR] LogOutputStream:75 - [STDERR_REDIRECT] [Fatal Error] :1:1: Premature end of file.
2025-03-23 10:49:00,008 [ERROR] LogOutputStream:75 - [STDERR_REDIRECT] 
2025-03-23 10:49:01,010 [ERROR] LogOutputStream:75 - [STDERR_REDIRECT] [Fatal Error] :1:1: Premature end of file.
2025-03-23 10:49:01,010 [ERROR] LogOutputStream:75 - [STDERR_REDIRECT] 
2025-03-23 10:49:02,002 [ERROR] LogOutputStream:75 - [STDERR_REDIRECT] [Fatal Error] :1:1: Premature end of file.
2025-03-23 10:49:02,002 [ERROR] LogOutputStream:75 - [STDERR_REDIRECT] 
2025-03-23 10:49:03,008 [ERROR] LogOutputStream:75 - [STDERR_REDIRECT] [Fatal Error] :1:1: Premature end of file.
2025-03-23 10:49:03,008 [ERROR] LogOutputStream:75 - [STDERR_REDIRECT] 
2025-03-23 10:49:04,000 [ERROR] LogOutputStream:75 - [STDERR_REDIRECT] [Fatal Error] :1:1: Premature end of file.
2025-03-23 10:49:04,000 [ERROR] LogOutputStream:75 - [STDERR_REDIRECT] 
2025-03-23 10:49:05,002 [ERROR] LogOutputStream:75 - [STDERR_REDIRECT] [Fatal Error] :1:1: Premature end of file.
2025-03-23 10:49:05,002 [ERROR] LogOutputStream:75 - [STDERR_REDIRECT] 
2025-03-23 10:49:06,001 [ERROR] LogOutputStream:75 - [STDERR_REDIRECT] [Fatal Error] :1:1: Premature end of file.
2025-03-23 10:49:06,001 [ERROR] LogOutputStream:75 - [STDERR_REDIRECT] 
2025-03-23 10:49:06,999 [ERROR] LogOutputStream:75 - [STDERR_REDIRECT] [Fatal Error] :1:1: Premature end of file.
2025-03-23 10:49:06,999 [ERROR] LogOutputStream:75 - [STDERR_REDIRECT] 
2025-03-23 10:49:08,003 [ERROR] LogOutputStream:75 - [STDERR_REDIRECT] [Fatal Error] :1:1: Premature end of file.
2025-03-23 10:49:08,003 [ERROR] LogOutputStream:75 - [STDERR_REDIRECT] 
2025-03-23 10:49:09,006 [ERROR] LogOutputStream:75 - [STDERR_REDIRECT] [Fatal Error] :1:1: Premature end of file.
2025-03-23 10:49:09,006 [ERROR] LogOutputStream:75 - [STDERR_REDIRECT] 
2025-03-23 10:49:10,003 [ERROR] LogOutputStream:75 - [STDERR_REDIRECT] [Fatal Error] :1:1: Premature end of file.
2025-03-23 10:49:10,003 [ERROR] LogOutputStream:75 - [STDERR_REDIRECT] 
2025-03-23 10:49:11,000 [ERROR] LogOutputStream:75 - [STDERR_REDIRECT] [Fatal Error] :1:1: Premature end of file.
2025-03-23 10:49:11,000 [ERROR] LogOutputStream:75 - [STDERR_REDIRECT] 
2025-03-23 10:49:12,004 [ERROR] LogOutputStream:75 - [STDERR_REDIRECT] [Fatal Error] :1:1: Premature end of file.
2025-03-23 10:49:12,004 [ERROR] LogOutputStream:75 - [STDERR_REDIRECT] 
2025-03-23 10:49:13,007 [ERROR] LogOutputStream:75 - [STDERR_REDIRECT] [Fatal Error] :1:1: Premature end of file.
2025-03-23 10:49:13,009 [ERROR] LogOutputStream:75 - [STDERR_REDIRECT] 
2025-03-23 10:49:14,002 [ERROR] LogOutputStream:75 - [STDERR_REDIRECT] [Fatal Error] :1:1: Premature end of file.
2025-03-23 10:49:14,002 [ERROR] LogOutputStream:75 - [STDERR_REDIRECT] 
2025-03-23 10:49:14,999 [ERROR] LogOutputStream:75 - [STDERR_REDIRECT] [Fatal Error] :1:1: Premature end of file.
2025-03-23 10:49:14,999 [ERROR] LogOutputStream:75 - [STDERR_REDIRECT] 
2025-03-23 10:49:16,007 [ERROR] LogOutputStream:75 - [STDERR_REDIRECT] [Fatal Error] :1:1: Premature end of file.
2025-03-23 10:49:16,007 [ERROR] LogOutputStream:75 - [STDERR_REDIRECT] 
2025-03-23 10:49:16,999 [ERROR] LogOutputStream:75 - [STDERR_REDIRECT] [Fatal Error] :1:1: Premature end of file.
2025-03-23 10:49:16,999 [ERROR] LogOutputStream:75 - [STDERR_REDIRECT] 
2025-03-23 10:49:18,021 [ERROR] LogOutputStream:75 - [STDERR_REDIRECT] [Fatal Error] :1:1: Premature end of file.
2025-03-23 10:49:18,021 [ERROR] LogOutputStream:75 - [STDERR_REDIRECT] 
2025-03-23 10:49:18,999 [ERROR] LogOutputStream:75 - [STDERR_REDIRECT] [Fatal Error] :1:1: Premature end of file.
2025-03-23 10:49:18,999 [ERROR] LogOutputStream:75 - [STDERR_REDIRECT] 
2025-03-23 10:49:20,017 [ERROR] LogOutputStream:75 - [STDERR_REDIRECT] [Fatal Error] :1:1: Premature end of file.
2025-03-23 10:49:20,017 [ERROR] LogOutputStream:75 - [STDERR_REDIRECT] 
2025-03-23 10:49:21,003 [ERROR] LogOutputStream:75 - [STDERR_REDIRECT] [Fatal Error] :1:1: Premature end of file.
2025-03-23 10:49:21,003 [ERROR] LogOutputStream:75 - [STDERR_REDIRECT] 
2025-03-23 10:49:21,999 [ERROR] LogOutputStream:75 - [STDERR_REDIRECT] [Fatal Error] :1:1: Premature end of file.
2025-03-23 10:49:21,999 [ERROR] LogOutputStream:75 - [STDERR_REDIRECT] 
2025-03-23 10:49:23,010 [ERROR] LogOutputStream:75 - [STDERR_REDIRECT] [Fatal Error] :1:1: Premature end of file.
2025-03-23 10:49:23,010 [ERROR] LogOutputStream:75 - [STDERR_REDIRECT] 
2025-03-23 10:49:23,996 [ERROR] LogOutputStream:75 - [STDERR_REDIRECT] [Fatal Error] :1:1: Premature end of file.
2025-03-23 10:49:23,996 [ERROR] LogOutputStream:75 - [STDERR_REDIRECT] 
2025-03-23 10:49:25,001 [ERROR] LogOutputStream:75 - [STDERR_REDIRECT] [Fatal Error] :1:1: Premature end of file.
2025-03-23 10:49:25,001 [ERROR] LogOutputStream:75 - [STDERR_REDIRECT] 
2025-03-23 10:49:26,001 [ERROR] LogOutputStream:75 - [STDERR_REDIRECT] [Fatal Error] :1:1: Premature end of file.
2025-03-23 10:49:26,001 [ERROR] LogOutputStream:75 - [STDERR_REDIRECT] 
2025-03-23 10:49:27,008 [ERROR] LogOutputStream:75 - [STDERR_REDIRECT] [Fatal Error] :1:1: Premature end of file.
2025-03-23 10:49:27,008 [ERROR] LogOutputStream:75 - [STDERR_REDIRECT] 
2025-03-23 10:49:28,012 [ERROR] LogOutputStream:75 - [STDERR_REDIRECT] [Fatal Error] :1:1: Premature end of file.
2025-03-23 10:49:28,012 [ERROR] LogOutputStream:75 - [STDERR_REDIRECT] 
2025-03-23 10:49:29,003 [ERROR] LogOutputStream:75 - [STDERR_REDIRECT] [Fatal Error] :1:1: Premature end of file.
2025-03-23 10:49:29,003 [ERROR] LogOutputStream:75 - [STDERR_REDIRECT] 
2025-03-23 10:49:30,003 [ERROR] LogOutputStream:75 - [STDERR_REDIRECT] [Fatal Error] :1:1: Premature end of file.
2025-03-23 10:49:30,003 [ERROR] LogOutputStream:75 - [STDERR_REDIRECT] 
2025-03-23 10:49:31,016 [ERROR] LogOutputStream:75 - [STDERR_REDIRECT] [Fatal Error] :1:1: Premature end of file.
2025-03-23 10:49:31,016 [ERROR] LogOutputStream:75 - [STDERR_REDIRECT] 
2025-03-23 10:49:32,001 [ERROR] LogOutputStream:75 - [STDERR_REDIRECT] [Fatal Error] :1:1: Premature end of file.
2025-03-23 10:49:32,001 [ERROR] LogOutputStream:75 - [STDERR_REDIRECT] 
2025-03-23 10:49:33,003 [ERROR] LogOutputStream:75 - [STDERR_REDIRECT] [Fatal Error] :1:1: Premature end of file.
2025-03-23 10:49:33,003 [ERROR] LogOutputStream:75 - [STDERR_REDIRECT] 
2025-03-23 10:49:33,998 [ERROR] LogOutputStream:75 - [STDERR_REDIRECT] [Fatal Error] :1:1: Premature end of file.
2025-03-23 10:49:33,998 [ERROR] LogOutputStream:75 - [STDERR_REDIRECT] 
2025-03-23 10:49:34,999 [ERROR] LogOutputStream:75 - [STDERR_REDIRECT] [Fatal Error] :1:1: Premature end of file.
2025-03-23 10:49:34,999 [ERROR] LogOutputStream:75 - [STDERR_REDIRECT] 
2025-03-23 10:49:36,010 [ERROR] LogOutputStream:75 - [STDERR_REDIRECT] [Fatal Error] :1:1: Premature end of file.
2025-03-23 10:49:36,010 [ERROR] LogOutputStream:75 - [STDERR_REDIRECT] 
2025-03-23 10:49:37,003 [ERROR] LogOutputStream:75 - [STDERR_REDIRECT] [Fatal Error] :1:1: Premature end of file.
2025-03-23 10:49:37,003 [ERROR] LogOutputStream:75 - [STDERR_REDIRECT] 
2025-03-23 10:49:38,007 [ERROR] LogOutputStream:75 - [STDERR_REDIRECT] [Fatal Error] :1:1: Premature end of file.
2025-03-23 10:49:38,007 [ERROR] LogOutputStream:75 - [STDERR_REDIRECT] 
2025-03-23 10:49:39,001 [ERROR] LogOutputStream:75 - [STDERR_REDIRECT] [Fatal Error] :1:1: Premature end of file.
2025-03-23 10:49:39,002 [ERROR] LogOutputStream:75 - [STDERR_REDIRECT] 
2025-03-23 10:49:39,999 [ERROR] LogOutputStream:75 - [STDERR_REDIRECT] [Fatal Error] :1:1: Premature end of file.
2025-03-23 10:49:39,999 [ERROR] LogOutputStream:75 - [STDERR_REDIRECT] 
2025-03-23 10:49:41,003 [ERROR] LogOutputStream:75 - [STDERR_REDIRECT] [Fatal Error] :1:1: Premature end of file.
2025-03-23 10:49:41,003 [ERROR] LogOutputStream:75 - [STDERR_REDIRECT] 
2025-03-23 10:49:42,003 [ERROR] LogOutputStream:75 - [STDERR_REDIRECT] [Fatal Error] :1:1: Premature end of file.
2025-03-23 10:49:42,003 [ERROR] LogOutputStream:75 - [STDERR_REDIRECT] 
2025-03-23 10:49:43,003 [ERROR] LogOutputStream:75 - [STDERR_REDIRECT] [Fatal Error] :1:1: Premature end of file.
2025-03-23 10:49:43,003 [ERROR] LogOutputStream:75 - [STDERR_REDIRECT] 
2025-03-23 10:49:44,003 [ERROR] LogOutputStream:75 - [STDERR_REDIRECT] [Fatal Error] :1:1: Premature end of file.
2025-03-23 10:49:44,003 [ERROR] LogOutputStream:75 - [STDERR_REDIRECT] 
2025-03-23 10:49:45,004 [ERROR] LogOutputStream:75 - [STDERR_REDIRECT] [Fatal Error] :1:1: Premature end of file.
2025-03-23 10:49:45,004 [ERROR] LogOutputStream:75 - [STDERR_REDIRECT] 
2025-03-23 10:49:45,998 [ERROR] LogOutputStream:75 - [STDERR_REDIRECT] [Fatal Error] :1:1: Premature end of file.
2025-03-23 10:49:45,998 [ERROR] LogOutputStream:75 - [STDERR_REDIRECT] 
2025-03-23 10:49:47,001 [ERROR] LogOutputStream:75 - [STDERR_REDIRECT] [Fatal Error] :1:1: Premature end of file.
2025-03-23 10:49:47,001 [ERROR] LogOutputStream:75 - [STDERR_REDIRECT] 
2025-03-23 10:49:48,008 [ERROR] LogOutputStream:75 - [STDERR_REDIRECT] [Fatal Error] :1:1: Premature end of file.
2025-03-23 10:49:48,008 [ERROR] LogOutputStream:75 - [STDERR_REDIRECT] 
2025-03-23 10:49:49,002 [ERROR] LogOutputStream:75 - [STDERR_REDIRECT] [Fatal Error] :1:1: Premature end of file.
2025-03-23 10:49:49,002 [ERROR] LogOutputStream:75 - [STDERR_REDIRECT] 
2025-03-23 10:49:49,998 [ERROR] LogOutputStream:75 - [STDERR_REDIRECT] [Fatal Error] :1:1: Premature end of file.
2025-03-23 10:49:49,998 [ERROR] LogOutputStream:75 - [STDERR_REDIRECT] 
2025-03-23 10:49:51,007 [ERROR] LogOutputStream:75 - [STDERR_REDIRECT] [Fatal Error] :1:1: Premature end of file.
2025-03-23 10:49:51,007 [ERROR] LogOutputStream:75 - [STDERR_REDIRECT] 
2025-03-23 10:49:52,005 [ERROR] LogOutputStream:75 - [STDERR_REDIRECT] [Fatal Error] :1:1: Premature end of file.
2025-03-23 10:49:52,005 [ERROR] LogOutputStream:75 - [STDERR_REDIRECT] 
2025-03-23 10:49:53,001 [ERROR] LogOutputStream:75 - [STDERR_REDIRECT] [Fatal Error] :1:1: Premature end of file.
2025-03-23 10:49:53,001 [ERROR] LogOutputStream:75 - [STDERR_REDIRECT] 
2025-03-23 10:49:54,010 [ERROR] LogOutputStream:75 - [STDERR_REDIRECT] [Fatal Error] :1:1: Premature end of file.
2025-03-23 10:49:54,010 [ERROR] LogOutputStream:75 - [STDERR_REDIRECT] 
2025-03-23 10:49:54,995 [ERROR] LogOutputStream:75 - [STDERR_REDIRECT] [Fatal Error] :1:1: Premature end of file.
2025-03-23 10:49:54,995 [ERROR] LogOutputStream:75 - [STDERR_REDIRECT] 
2025-03-23 10:49:56,004 [ERROR] LogOutputStream:75 - [STDERR_REDIRECT] [Fatal Error] :1:1: Premature end of file.
2025-03-23 10:49:56,004 [ERROR] LogOutputStream:75 - [STDERR_REDIRECT] 
2025-03-23 10:49:57,007 [ERROR] LogOutputStream:75 - [STDERR_REDIRECT] [Fatal Error] :1:1: Premature end of file.
2025-03-23 10:49:57,007 [ERROR] LogOutputStream:75 - [STDERR_REDIRECT] 
2025-03-23 10:49:57,999 [ERROR] LogOutputStream:75 - [STDERR_REDIRECT] [Fatal Error] :1:1: Premature end of file.
2025-03-23 10:49:57,999 [ERROR] LogOutputStream:75 - [STDERR_REDIRECT] 
2025-03-23 10:49:59,004 [ERROR] LogOutputStream:75 - [STDERR_REDIRECT] [Fatal Error] :1:1: Premature end of file.
2025-03-23 10:49:59,004 [ERROR] LogOutputStream:75 - [STDERR_REDIRECT] 
2025-03-23 10:49:59,998 [ERROR] LogOutputStream:75 - [STDERR_REDIRECT] [Fatal Error] :1:1: Premature end of file.
2025-03-23 10:49:59,998 [ERROR] LogOutputStream:75 - [STDERR_REDIRECT] 
2025-03-23 10:50:01,006 [ERROR] LogOutputStream:75 - [STDERR_REDIRECT] [Fatal Error] :1:1: Premature end of file.
2025-03-23 10:50:01,006 [ERROR] LogOutputStream:75 - [STDERR_REDIRECT] 
2025-03-23 10:50:02,002 [ERROR] LogOutputStream:75 - [STDERR_REDIRECT] [Fatal Error] :1:1: Premature end of file.
2025-03-23 10:50:02,002 [ERROR] LogOutputStream:75 - [STDERR_REDIRECT] 
2025-03-23 10:50:03,002 [ERROR] LogOutputStream:75 - [STDERR_REDIRECT] [Fatal Error] :1:1: Premature end of file.
2025-03-23 10:50:03,002 [ERROR] LogOutputStream:75 - [STDERR_REDIRECT] 
2025-03-23 10:50:04,003 [ERROR] LogOutputStream:75 - [STDERR_REDIRECT] [Fatal Error] :1:1: Premature end of file.
2025-03-23 10:50:04,003 [ERROR] LogOutputStream:75 - [STDERR_REDIRECT] 
2025-03-23 10:50:05,002 [ERROR] LogOutputStream:75 - [STDERR_REDIRECT] [Fatal Error] :1:1: Premature end of file.
2025-03-23 10:50:05,002 [ERROR] LogOutputStream:75 - [STDERR_REDIRECT] 
2025-03-23 10:50:06,002 [ERROR] LogOutputStream:75 - [STDERR_REDIRECT] [Fatal Error] :1:1: Premature end of file.
2025-03-23 10:50:06,002 [ERROR] LogOutputStream:75 - [STDERR_REDIRECT] 
2025-03-23 10:50:07,005 [ERROR] LogOutputStream:75 - [STDERR_REDIRECT] [Fatal Error] :1:1: Premature end of file.
2025-03-23 10:50:07,005 [ERROR] LogOutputStream:75 - [STDERR_REDIRECT] 
2025-03-23 10:50:08,002 [ERROR] LogOutputStream:75 - [STDERR_REDIRECT] [Fatal Error] :1:1: Premature end of file.
2025-03-23 10:50:08,002 [ERROR] LogOutputStream:75 - [STDERR_REDIRECT] 
2025-03-23 10:50:09,003 [ERROR] LogOutputStream:75 - [STDERR_REDIRECT] [Fatal Error] :1:1: Premature end of file.
2025-03-23 10:50:09,003 [ERROR] LogOutputStream:75 - [STDERR_REDIRECT] 
2025-03-23 10:50:09,998 [ERROR] LogOutputStream:75 - [STDERR_REDIRECT] [Fatal Error] :1:1: Premature end of file.
2025-03-23 10:50:09,998 [ERROR] LogOutputStream:75 - [STDERR_REDIRECT] 
2025-03-23 10:50:11,001 [ERROR] LogOutputStream:75 - [STDERR_REDIRECT] [Fatal Error] :1:1: Premature end of file.
2025-03-23 10:50:11,001 [ERROR] LogOutputStream:75 - [STDERR_REDIRECT] 
2025-03-23 10:50:12,003 [ERROR] LogOutputStream:75 - [STDERR_REDIRECT] [Fatal Error] :1:1: Premature end of file.
2025-03-23 10:50:12,003 [ERROR] LogOutputStream:75 - [STDERR_REDIRECT] 
2025-03-23 10:50:13,010 [ERROR] LogOutputStream:75 - [STDERR_REDIRECT] [Fatal Error] :1:1: Premature end of file.
2025-03-23 10:50:13,010 [ERROR] LogOutputStream:75 - [STDERR_REDIRECT] 
2025-03-23 10:50:14,002 [ERROR] LogOutputStream:75 - [STDERR_REDIRECT] [Fatal Error] :1:1: Premature end of file.
2025-03-23 10:50:14,002 [ERROR] LogOutputStream:75 - [STDERR_REDIRECT] 
2025-03-23 10:50:15,003 [ERROR] LogOutputStream:75 - [STDERR_REDIRECT] [Fatal Error] :1:1: Premature end of file.
2025-03-23 10:50:15,003 [ERROR] LogOutputStream:75 - [STDERR_REDIRECT] 
2025-03-23 10:50:16,004 [ERROR] LogOutputStream:75 - [STDERR_REDIRECT] [Fatal Error] :1:1: Premature end of file.
2025-03-23 10:50:16,004 [ERROR] LogOutputStream:75 - [STDERR_REDIRECT] 
2025-03-23 10:50:17,005 [ERROR] LogOutputStream:75 - [STDERR_REDIRECT] [Fatal Error] :1:1: Premature end of file.
2025-03-23 10:50:17,005 [ERROR] LogOutputStream:75 - [STDERR_REDIRECT] 
2025-03-23 10:50:18,002 [ERROR] LogOutputStream:75 - [STDERR_REDIRECT] [Fatal Error] :1:1: Premature end of file.
2025-03-23 10:50:18,002 [ERROR] LogOutputStream:75 - [STDERR_REDIRECT] 
2025-03-23 10:50:19,003 [ERROR] LogOutputStream:75 - [STDERR_REDIRECT] [Fatal Error] :1:1: Premature end of file.
2025-03-23 10:50:19,003 [ERROR] LogOutputStream:75 - [STDERR_REDIRECT] 
2025-03-23 10:50:20,011 [ERROR] LogOutputStream:75 - [STDERR_REDIRECT] [Fatal Error] :1:1: Premature end of file.
2025-03-23 10:50:20,011 [ERROR] LogOutputStream:75 - [STDERR_REDIRECT] 
2025-03-23 10:50:21,025 [ERROR] LogOutputStream:75 - [STDERR_REDIRECT] [Fatal Error] :1:1: Premature end of file.
2025-03-23 10:50:21,025 [ERROR] LogOutputStream:75 - [STDERR_REDIRECT] 
2025-03-23 10:50:22,005 [ERROR] LogOutputStream:75 - [STDERR_REDIRECT] [Fatal Error] :1:1: Premature end of file.
2025-03-23 10:50:22,005 [ERROR] LogOutputStream:75 - [STDERR_REDIRECT] 
2025-03-23 10:50:23,003 [ERROR] LogOutputStream:75 - [STDERR_REDIRECT] [Fatal Error] :1:1: Premature end of file.
2025-03-23 10:50:23,003 [ERROR] LogOutputStream:75 - [STDERR_REDIRECT] 
2025-03-23 10:50:24,003 [ERROR] LogOutputStream:75 - [STDERR_REDIRECT] [Fatal Error] :1:1: Premature end of file.
2025-03-23 10:50:24,003 [ERROR] LogOutputStream:75 - [STDERR_REDIRECT] 
2025-03-23 10:50:25,006 [ERROR] LogOutputStream:75 - [STDERR_REDIRECT] [Fatal Error] :1:1: Premature end of file.
2025-03-23 10:50:25,007 [ERROR] LogOutputStream:75 - [STDERR_REDIRECT] 
2025-03-23 10:50:26,000 [ERROR] LogOutputStream:75 - [STDERR_REDIRECT] [Fatal Error] :1:1: Premature end of file.
2025-03-23 10:50:26,000 [ERROR] LogOutputStream:75 - [STDERR_REDIRECT] 
2025-03-23 10:50:27,024 [ERROR] LogOutputStream:75 - [STDERR_REDIRECT] [Fatal Error] :1:1: Premature end of file.
2025-03-23 10:50:27,024 [ERROR] LogOutputStream:75 - [STDERR_REDIRECT] 
2025-03-23 10:50:27,998 [ERROR] LogOutputStream:75 - [STDERR_REDIRECT] [Fatal Error] :1:1: Premature end of file.
2025-03-23 10:50:27,998 [ERROR] LogOutputStream:75 - [STDERR_REDIRECT] 
2025-03-23 10:50:29,002 [ERROR] LogOutputStream:75 - [STDERR_REDIRECT] [Fatal Error] :1:1: Premature end of file.
2025-03-23 10:50:29,002 [ERROR] LogOutputStream:75 - [STDERR_REDIRECT] 
2025-03-23 10:50:30,002 [ERROR] LogOutputStream:75 - [STDERR_REDIRECT] [Fatal Error] :1:1: Premature end of file.
2025-03-23 10:50:30,002 [ERROR] LogOutputStream:75 - [STDERR_REDIRECT] 
2025-03-23 10:50:30,999 [ERROR] LogOutputStream:75 - [STDERR_REDIRECT] [Fatal Error] :1:1: Premature end of file.
2025-03-23 10:50:30,999 [ERROR] LogOutputStream:75 - [STDERR_REDIRECT] 
2025-03-23 10:50:32,009 [ERROR] LogOutputStream:75 - [STDERR_REDIRECT] [Fatal Error] :1:1: Premature end of file.
2025-03-23 10:50:32,009 [ERROR] LogOutputStream:75 - [STDERR_REDIRECT] 
2025-03-23 10:50:33,005 [ERROR] LogOutputStream:75 - [STDERR_REDIRECT] [Fatal Error] :1:1: Premature end of file.
2025-03-23 10:50:33,005 [ERROR] LogOutputStream:75 - [STDERR_REDIRECT] 
2025-03-23 10:50:34,001 [ERROR] LogOutputStream:75 - [STDERR_REDIRECT] [Fatal Error] :1:1: Premature end of file.
2025-03-23 10:50:34,001 [ERROR] LogOutputStream:75 - [STDERR_REDIRECT] 
2025-03-23 10:50:35,015 [ERROR] LogOutputStream:75 - [STDERR_REDIRECT] [Fatal Error] :1:1: Premature end of file.
2025-03-23 10:50:35,015 [ERROR] LogOutputStream:75 - [STDERR_REDIRECT] 
2025-03-23 10:50:36,003 [ERROR] LogOutputStream:75 - [STDERR_REDIRECT] [Fatal Error] :1:1: Premature end of file.
2025-03-23 10:50:36,003 [ERROR] LogOutputStream:75 - [STDERR_REDIRECT] 
2025-03-23 10:50:37,005 [ERROR] LogOutputStream:75 - [STDERR_REDIRECT] [Fatal Error] :1:1: Premature end of file.
2025-03-23 10:50:37,005 [ERROR] LogOutputStream:75 - [STDERR_REDIRECT] 
2025-03-23 10:50:38,002 [ERROR] LogOutputStream:75 - [STDERR_REDIRECT] [Fatal Error] :1:1: Premature end of file.
2025-03-23 10:50:38,002 [ERROR] LogOutputStream:75 - [STDERR_REDIRECT] 
2025-03-23 10:50:39,003 [ERROR] LogOutputStream:75 - [STDERR_REDIRECT] [Fatal Error] :1:1: Premature end of file.
2025-03-23 10:50:39,003 [ERROR] LogOutputStream:75 - [STDERR_REDIRECT] 
2025-03-23 10:50:40,001 [ERROR] LogOutputStream:75 - [STDERR_REDIRECT] [Fatal Error] :1:1: Premature end of file.
2025-03-23 10:50:40,001 [ERROR] LogOutputStream:75 - [STDERR_REDIRECT] 
2025-03-23 10:50:41,003 [ERROR] LogOutputStream:75 - [STDERR_REDIRECT] [Fatal Error] :1:1: Premature end of file.
2025-03-23 10:50:41,003 [ERROR] LogOutputStream:75 - [STDERR_REDIRECT] 
2025-03-23 10:50:42,001 [ERROR] LogOutputStream:75 - [STDERR_REDIRECT] [Fatal Error] :1:1: Premature end of file.
2025-03-23 10:50:42,001 [ERROR] LogOutputStream:75 - [STDERR_REDIRECT] 
2025-03-23 10:50:43,001 [ERROR] LogOutputStream:75 - [STDERR_REDIRECT] [Fatal Error] :1:1: Premature end of file.
2025-03-23 10:50:43,002 [ERROR] LogOutputStream:75 - [STDERR_REDIRECT] 
2025-03-23 10:50:44,001 [ERROR] LogOutputStream:75 - [STDERR_REDIRECT] [Fatal Error] :1:1: Premature end of file.
2025-03-23 10:50:44,001 [ERROR] LogOutputStream:75 - [STDERR_REDIRECT] 
2025-03-23 10:50:45,003 [ERROR] LogOutputStream:75 - [STDERR_REDIRECT] [Fatal Error] :1:1: Premature end of file.
2025-03-23 10:50:45,003 [ERROR] LogOutputStream:75 - [STDERR_REDIRECT] 
2025-03-23 10:50:46,001 [ERROR] LogOutputStream:75 - [STDERR_REDIRECT] [Fatal Error] :1:1: Premature end of file.
2025-03-23 10:50:46,001 [ERROR] LogOutputStream:75 - [STDERR_REDIRECT] 
2025-03-23 10:50:47,002 [ERROR] LogOutputStream:75 - [STDERR_REDIRECT] [Fatal Error] :1:1: Premature end of file.
2025-03-23 10:50:47,002 [ERROR] LogOutputStream:75 - [STDERR_REDIRECT] 
2025-03-23 10:50:48,002 [ERROR] LogOutputStream:75 - [STDERR_REDIRECT] [Fatal Error] :1:1: Premature end of file.
2025-03-23 10:50:48,002 [ERROR] LogOutputStream:75 - [STDERR_REDIRECT] 
2025-03-23 10:50:49,003 [ERROR] LogOutputStream:75 - [STDERR_REDIRECT] [Fatal Error] :1:1: Premature end of file.
2025-03-23 10:50:49,003 [ERROR] LogOutputStream:75 - [STDERR_REDIRECT] 
2025-03-23 10:50:50,002 [ERROR] LogOutputStream:75 - [STDERR_REDIRECT] [Fatal Error] :1:1: Premature end of file.
2025-03-23 10:50:50,002 [ERROR] LogOutputStream:75 - [STDERR_REDIRECT] 
2025-03-23 10:50:51,001 [ERROR] LogOutputStream:75 - [STDERR_REDIRECT] [Fatal Error] :1:1: Premature end of file.
2025-03-23 10:50:51,001 [ERROR] LogOutputStream:75 - [STDERR_REDIRECT] 
2025-03-23 10:50:52,004 [ERROR] LogOutputStream:75 - [STDERR_REDIRECT] [Fatal Error] :1:1: Premature end of file.
2025-03-23 10:50:52,004 [ERROR] LogOutputStream:75 - [STDERR_REDIRECT] 
2025-03-23 10:50:53,003 [ERROR] LogOutputStream:75 - [STDERR_REDIRECT] [Fatal Error] :1:1: Premature end of file.
2025-03-23 10:50:53,004 [ERROR] LogOutputStream:75 - [STDERR_REDIRECT] 
2025-03-23 10:50:54,002 [ERROR] LogOutputStream:75 - [STDERR_REDIRECT] [Fatal Error] :1:1: Premature end of file.
2025-03-23 10:50:54,003 [ERROR] LogOutputStream:75 - [STDERR_REDIRECT] 
2025-03-23 10:50:55,001 [ERROR] LogOutputStream:75 - [STDERR_REDIRECT] [Fatal Error] :1:1: Premature end of file.
2025-03-23 10:50:55,002 [ERROR] LogOutputStream:75 - [STDERR_REDIRECT] 
2025-03-23 10:50:56,002 [ERROR] LogOutputStream:75 - [STDERR_REDIRECT] [Fatal Error] :1:1: Premature end of file.
2025-03-23 10:50:56,003 [ERROR] LogOutputStream:75 - [STDERR_REDIRECT] 
2025-03-23 10:50:57,002 [ERROR] LogOutputStream:75 - [STDERR_REDIRECT] [Fatal Error] :1:1: Premature end of file.
2025-03-23 10:50:57,002 [ERROR] LogOutputStream:75 - [STDERR_REDIRECT] 
2025-03-23 10:50:58,000 [ERROR] LogOutputStream:75 - [STDERR_REDIRECT] [Fatal Error] :1:1: Premature end of file.
2025-03-23 10:50:58,000 [ERROR] LogOutputStream:75 - [STDERR_REDIRECT] 
2025-03-23 10:50:59,001 [ERROR] LogOutputStream:75 - [STDERR_REDIRECT] [Fatal Error] :1:1: Premature end of file.
2025-03-23 10:50:59,001 [ERROR] LogOutputStream:75 - [STDERR_REDIRECT] 
2025-03-23 10:51:00,004 [ERROR] LogOutputStream:75 - [STDERR_REDIRECT] [Fatal Error] :1:1: Premature end of file.
2025-03-23 10:51:00,004 [ERROR] LogOutputStream:75 - [STDERR_REDIRECT] 
2025-03-23 10:51:01,002 [ERROR] LogOutputStream:75 - [STDERR_REDIRECT] [Fatal Error] :1:1: Premature end of file.
2025-03-23 10:51:01,002 [ERROR] LogOutputStream:75 - [STDERR_REDIRECT] 
2025-03-23 10:51:02,001 [ERROR] LogOutputStream:75 - [STDERR_REDIRECT] [Fatal Error] :1:1: Premature end of file.
2025-03-23 10:51:02,001 [ERROR] LogOutputStream:75 - [STDERR_REDIRECT] 
2025-03-23 10:51:03,001 [ERROR] LogOutputStream:75 - [STDERR_REDIRECT] [Fatal Error] :1:1: Premature end of file.
2025-03-23 10:51:03,001 [ERROR] LogOutputStream:75 - [STDERR_REDIRECT] 
2025-03-23 10:51:04,007 [ERROR] LogOutputStream:75 - [STDERR_REDIRECT] [Fatal Error] :1:1: Premature end of file.
2025-03-23 10:51:04,007 [ERROR] LogOutputStream:75 - [STDERR_REDIRECT] 
2025-03-23 10:51:05,003 [ERROR] LogOutputStream:75 - [STDERR_REDIRECT] [Fatal Error] :1:1: Premature end of file.
2025-03-23 10:51:05,003 [ERROR] LogOutputStream:75 - [STDERR_REDIRECT] 
2025-03-23 10:51:06,002 [ERROR] LogOutputStream:75 - [STDERR_REDIRECT] [Fatal Error] :1:1: Premature end of file.
2025-03-23 10:51:06,002 [ERROR] LogOutputStream:75 - [STDERR_REDIRECT] 
2025-03-23 10:51:07,002 [ERROR] LogOutputStream:75 - [STDERR_REDIRECT] [Fatal Error] :1:1: Premature end of file.
2025-03-23 10:51:07,002 [ERROR] LogOutputStream:75 - [STDERR_REDIRECT] 
2025-03-23 10:51:08,001 [ERROR] LogOutputStream:75 - [STDERR_REDIRECT] [Fatal Error] :1:1: Premature end of file.
2025-03-23 10:51:08,001 [ERROR] LogOutputStream:75 - [STDERR_REDIRECT] 
2025-03-23 10:51:09,003 [ERROR] LogOutputStream:75 - [STDERR_REDIRECT] [Fatal Error] :1:1: Premature end of file.
2025-03-23 10:51:09,003 [ERROR] LogOutputStream:75 - [STDERR_REDIRECT] 
2025-03-23 10:51:10,001 [ERROR] LogOutputStream:75 - [STDERR_REDIRECT] [Fatal Error] :1:1: Premature end of file.
2025-03-23 10:51:10,001 [ERROR] LogOutputStream:75 - [STDERR_REDIRECT] 
2025-03-23 10:51:11,002 [ERROR] LogOutputStream:75 - [STDERR_REDIRECT] [Fatal Error] :1:1: Premature end of file.
2025-03-23 10:51:11,002 [ERROR] LogOutputStream:75 - [STDERR_REDIRECT] 
2025-03-23 10:51:12,001 [ERROR] LogOutputStream:75 - [STDERR_REDIRECT] [Fatal Error] :1:1: Premature end of file.
2025-03-23 10:51:12,001 [ERROR] LogOutputStream:75 - [STDERR_REDIRECT] 
2025-03-23 10:51:13,004 [ERROR] LogOutputStream:75 - [STDERR_REDIRECT] [Fatal Error] :1:1: Premature end of file.
2025-03-23 10:51:13,004 [ERROR] LogOutputStream:75 - [STDERR_REDIRECT] 
2025-03-23 10:51:14,002 [ERROR] LogOutputStream:75 - [STDERR_REDIRECT] [Fatal Error] :1:1: Premature end of file.
2025-03-23 10:51:14,002 [ERROR] LogOutputStream:75 - [STDERR_REDIRECT] 
2025-03-23 10:51:15,001 [ERROR] LogOutputStream:75 - [STDERR_REDIRECT] [Fatal Error] :1:1: Premature end of file.
2025-03-23 10:51:15,001 [ERROR] LogOutputStream:75 - [STDERR_REDIRECT] 
2025-03-23 10:51:16,001 [ERROR] LogOutputStream:75 - [STDERR_REDIRECT] [Fatal Error] :1:1: Premature end of file.
2025-03-23 10:51:16,002 [ERROR] LogOutputStream:75 - [STDERR_REDIRECT] 
2025-03-23 10:51:17,001 [ERROR] LogOutputStream:75 - [STDERR_REDIRECT] [Fatal Error] :1:1: Premature end of file.
2025-03-23 10:51:17,002 [ERROR] LogOutputStream:75 - [STDERR_REDIRECT] 
2025-03-23 10:51:18,001 [ERROR] LogOutputStream:75 - [STDERR_REDIRECT] [Fatal Error] :1:1: Premature end of file.
2025-03-23 10:51:18,002 [ERROR] LogOutputStream:75 - [STDERR_REDIRECT] 
2025-03-23 10:51:19,004 [ERROR] LogOutputStream:75 - [STDERR_REDIRECT] [Fatal Error] :1:1: Premature end of file.
2025-03-23 10:51:19,004 [ERROR] LogOutputStream:75 - [STDERR_REDIRECT] 
2025-03-23 10:51:20,000 [ERROR] LogOutputStream:75 - [STDERR_REDIRECT] [Fatal Error] :1:1: Premature end of file.
2025-03-23 10:51:20,000 [ERROR] LogOutputStream:75 - [STDERR_REDIRECT] 
2025-03-23 10:51:21,002 [ERROR] LogOutputStream:75 - [STDERR_REDIRECT] [Fatal Error] :1:1: Premature end of file.
2025-03-23 10:51:21,003 [ERROR] LogOutputStream:75 - [STDERR_REDIRECT] 
2025-03-23 10:51:22,003 [ERROR] LogOutputStream:75 - [STDERR_REDIRECT] [Fatal Error] :1:1: Premature end of file.
2025-03-23 10:51:22,003 [ERROR] LogOutputStream:75 - [STDERR_REDIRECT] 
2025-03-23 10:51:23,002 [ERROR] LogOutputStream:75 - [STDERR_REDIRECT] [Fatal Error] :1:1: Premature end of file.
2025-03-23 10:51:23,003 [ERROR] LogOutputStream:75 - [STDERR_REDIRECT] 
2025-03-23 10:51:24,004 [ERROR] LogOutputStream:75 - [STDERR_REDIRECT] [Fatal Error] :1:1: Premature end of file.
2025-03-23 10:51:24,005 [ERROR] LogOutputStream:75 - [STDERR_REDIRECT] 
2025-03-23 10:51:25,001 [ERROR] LogOutputStream:75 - [STDERR_REDIRECT] [Fatal Error] :1:1: Premature end of file.
2025-03-23 10:51:25,002 [ERROR] LogOutputStream:75 - [STDERR_REDIRECT] 
2025-03-23 10:51:26,000 [ERROR] LogOutputStream:75 - [STDERR_REDIRECT] [Fatal Error] :1:1: Premature end of file.
2025-03-23 10:51:26,001 [ERROR] LogOutputStream:75 - [STDERR_REDIRECT] 
2025-03-23 10:51:27,001 [ERROR] LogOutputStream:75 - [STDERR_REDIRECT] [Fatal Error] :1:1: Premature end of file.
2025-03-23 10:51:27,001 [ERROR] LogOutputStream:75 - [STDERR_REDIRECT] 
2025-03-23 10:51:28,001 [ERROR] LogOutputStream:75 - [STDERR_REDIRECT] [Fatal Error] :1:1: Premature end of file.
2025-03-23 10:51:28,001 [ERROR] LogOutputStream:75 - [STDERR_REDIRECT] 
2025-03-23 10:51:29,000 [ERROR] LogOutputStream:75 - [STDERR_REDIRECT] [Fatal Error] :1:1: Premature end of file.
2025-03-23 10:51:29,002 [ERROR] LogOutputStream:75 - [STDERR_REDIRECT] 
2025-03-23 10:51:30,007 [ERROR] LogOutputStream:75 - [STDERR_REDIRECT] [Fatal Error] :1:1: Premature end of file.
2025-03-23 10:51:30,008 [ERROR] LogOutputStream:75 - [STDERR_REDIRECT] 
2025-03-23 10:51:31,002 [ERROR] LogOutputStream:75 - [STDERR_REDIRECT] [Fatal Error] :1:1: Premature end of file.
2025-03-23 10:51:31,002 [ERROR] LogOutputStream:75 - [STDERR_REDIRECT] 
2025-03-23 10:51:32,000 [ERROR] LogOutputStream:75 - [STDERR_REDIRECT] [Fatal Error] :1:1: Premature end of file.
2025-03-23 10:51:32,000 [ERROR] LogOutputStream:75 - [STDERR_REDIRECT] 
2025-03-23 10:51:33,007 [ERROR] LogOutputStream:75 - [STDERR_REDIRECT] [Fatal Error] :1:1: Premature end of file.
2025-03-23 10:51:33,008 [ERROR] LogOutputStream:75 - [STDERR_REDIRECT] 
2025-03-23 10:51:34,002 [ERROR] LogOutputStream:75 - [STDERR_REDIRECT] [Fatal Error] :1:1: Premature end of file.
2025-03-23 10:51:34,002 [ERROR] LogOutputStream:75 - [STDERR_REDIRECT] 
2025-03-23 10:51:35,003 [ERROR] LogOutputStream:75 - [STDERR_REDIRECT] [Fatal Error] :1:1: Premature end of file.
2025-03-23 10:51:35,003 [ERROR] LogOutputStream:75 - [STDERR_REDIRECT] 
2025-03-23 10:51:36,005 [ERROR] LogOutputStream:75 - [STDERR_REDIRECT] [Fatal Error] :1:1: Premature end of file.
2025-03-23 10:51:36,006 [ERROR] LogOutputStream:75 - [STDERR_REDIRECT] 
2025-03-23 10:51:37,001 [ERROR] LogOutputStream:75 - [STDERR_REDIRECT] [Fatal Error] :1:1: Premature end of file.
2025-03-23 10:51:37,001 [ERROR] LogOutputStream:75 - [STDERR_REDIRECT] 
2025-03-23 10:51:38,002 [ERROR] LogOutputStream:75 - [STDERR_REDIRECT] [Fatal Error] :1:1: Premature end of file.
2025-03-23 10:51:38,003 [ERROR] LogOutputStream:75 - [STDERR_REDIRECT] 
2025-03-23 10:51:39,005 [ERROR] LogOutputStream:75 - [STDERR_REDIRECT] [Fatal Error] :1:1: Premature end of file.
2025-03-23 10:51:39,005 [ERROR] LogOutputStream:75 - [STDERR_REDIRECT] 
2025-03-23 10:51:40,010 [ERROR] LogOutputStream:75 - [STDERR_REDIRECT] [Fatal Error] :1:1: Premature end of file.
2025-03-23 10:51:40,011 [ERROR] LogOutputStream:75 - [STDERR_REDIRECT] 
2025-03-23 10:51:41,003 [ERROR] LogOutputStream:75 - [STDERR_REDIRECT] [Fatal Error] :1:1: Premature end of file.
2025-03-23 10:51:41,005 [ERROR] LogOutputStream:75 - [STDERR_REDIRECT] 
2025-03-23 10:51:42,004 [ERROR] LogOutputStream:75 - [STDERR_REDIRECT] [Fatal Error] :1:1: Premature end of file.
2025-03-23 10:51:42,004 [ERROR] LogOutputStream:75 - [STDERR_REDIRECT] 
2025-03-23 10:51:43,003 [ERROR] LogOutputStream:75 - [STDERR_REDIRECT] [Fatal Error] :1:1: Premature end of file.
2025-03-23 10:51:43,003 [ERROR] LogOutputStream:75 - [STDERR_REDIRECT] 
2025-03-23 10:51:44,000 [ERROR] LogOutputStream:75 - [STDERR_REDIRECT] [Fatal Error] :1:1: Premature end of file.
2025-03-23 10:51:44,001 [ERROR] LogOutputStream:75 - [STDERR_REDIRECT] 
2025-03-23 10:51:45,000 [ERROR] LogOutputStream:75 - [STDERR_REDIRECT] [Fatal Error] :1:1: Premature end of file.
2025-03-23 10:51:45,000 [ERROR] LogOutputStream:75 - [STDERR_REDIRECT] 
2025-03-23 10:51:46,001 [ERROR] LogOutputStream:75 - [STDERR_REDIRECT] [Fatal Error] :1:1: Premature end of file.
2025-03-23 10:51:46,001 [ERROR] LogOutputStream:75 - [STDERR_REDIRECT] 
2025-03-23 10:51:47,005 [ERROR] LogOutputStream:75 - [STDERR_REDIRECT] [Fatal Error] :1:1: Premature end of file.
2025-03-23 10:51:47,005 [ERROR] LogOutputStream:75 - [STDERR_REDIRECT] 
2025-03-23 10:51:48,001 [ERROR] LogOutputStream:75 - [STDERR_REDIRECT] [Fatal Error] :1:1: Premature end of file.
2025-03-23 10:51:48,001 [ERROR] LogOutputStream:75 - [STDERR_REDIRECT] 
2025-03-23 10:51:48,998 [ERROR] LogOutputStream:75 - [STDERR_REDIRECT] [Fatal Error] :1:1: Premature end of file.
2025-03-23 10:51:48,998 [ERROR] LogOutputStream:75 - [STDERR_REDIRECT] 
2025-03-23 10:51:50,001 [ERROR] LogOutputStream:75 - [STDERR_REDIRECT] [Fatal Error] :1:1: Premature end of file.
2025-03-23 10:51:50,002 [ERROR] LogOutputStream:75 - [STDERR_REDIRECT] 
2025-03-23 10:51:51,000 [ERROR] LogOutputStream:75 - [STDERR_REDIRECT] [Fatal Error] :1:1: Premature end of file.
2025-03-23 10:51:51,000 [ERROR] LogOutputStream:75 - [STDERR_REDIRECT] 
2025-03-23 10:51:52,004 [ERROR] LogOutputStream:75 - [STDERR_REDIRECT] [Fatal Error] :1:1: Premature end of file.
2025-03-23 10:51:52,004 [ERROR] LogOutputStream:75 - [STDERR_REDIRECT] 
2025-03-23 10:51:53,007 [ERROR] LogOutputStream:75 - [STDERR_REDIRECT] [Fatal Error] :1:1: Premature end of file.
2025-03-23 10:51:53,007 [ERROR] LogOutputStream:75 - [STDERR_REDIRECT] 
2025-03-23 10:51:54,001 [ERROR] LogOutputStream:75 - [STDERR_REDIRECT] [Fatal Error] :1:1: Premature end of file.
2025-03-23 10:51:54,001 [ERROR] LogOutputStream:75 - [STDERR_REDIRECT] 
2025-03-23 10:51:55,000 [ERROR] LogOutputStream:75 - [STDERR_REDIRECT] [Fatal Error] :1:1: Premature end of file.
2025-03-23 10:51:55,000 [ERROR] LogOutputStream:75 - [STDERR_REDIRECT] 
2025-03-23 10:51:56,001 [ERROR] LogOutputStream:75 - [STDERR_REDIRECT] [Fatal Error] :1:1: Premature end of file.
2025-03-23 10:51:56,001 [ERROR] LogOutputStream:75 - [STDERR_REDIRECT] 
2025-03-23 10:51:57,001 [ERROR] LogOutputStream:75 - [STDERR_REDIRECT] [Fatal Error] :1:1: Premature end of file.
2025-03-23 10:51:57,001 [ERROR] LogOutputStream:75 - [STDERR_REDIRECT] 
2025-03-23 10:51:58,002 [ERROR] LogOutputStream:75 - [STDERR_REDIRECT] [Fatal Error] :1:1: Premature end of file.
2025-03-23 10:51:58,002 [ERROR] LogOutputStream:75 - [STDERR_REDIRECT] 
2025-03-23 10:51:59,002 [ERROR] LogOutputStream:75 - [STDERR_REDIRECT] [Fatal Error] :1:1: Premature end of file.
2025-03-23 10:51:59,002 [ERROR] LogOutputStream:75 - [STDERR_REDIRECT] 
2025-03-23 10:52:00,007 [ERROR] LogOutputStream:75 - [STDERR_REDIRECT] [Fatal Error] :1:1: Premature end of file.
2025-03-23 10:52:00,007 [ERROR] LogOutputStream:75 - [STDERR_REDIRECT] 
2025-03-23 10:52:01,006 [ERROR] LogOutputStream:75 - [STDERR_REDIRECT] [Fatal Error] :1:1: Premature end of file.
2025-03-23 10:52:01,006 [ERROR] LogOutputStream:75 - [STDERR_REDIRECT] 
2025-03-23 10:52:02,002 [ERROR] LogOutputStream:75 - [STDERR_REDIRECT] [Fatal Error] :1:1: Premature end of file.
2025-03-23 10:52:02,002 [ERROR] LogOutputStream:75 - [STDERR_REDIRECT] 
2025-03-23 10:52:03,000 [ERROR] LogOutputStream:75 - [STDERR_REDIRECT] [Fatal Error] :1:1: Premature end of file.
2025-03-23 10:52:03,001 [ERROR] LogOutputStream:75 - [STDERR_REDIRECT] 
2025-03-23 10:52:04,002 [ERROR] LogOutputStream:75 - [STDERR_REDIRECT] [Fatal Error] :1:1: Premature end of file.
2025-03-23 10:52:04,002 [ERROR] LogOutputStream:75 - [STDERR_REDIRECT] 
2025-03-23 10:52:05,007 [ERROR] LogOutputStream:75 - [STDERR_REDIRECT] [Fatal Error] :1:1: Premature end of file.
2025-03-23 10:52:05,007 [ERROR] LogOutputStream:75 - [STDERR_REDIRECT] 
2025-03-23 10:52:06,001 [ERROR] LogOutputStream:75 - [STDERR_REDIRECT] [Fatal Error] :1:1: Premature end of file.
2025-03-23 10:52:06,002 [ERROR] LogOutputStream:75 - [STDERR_REDIRECT] 
2025-03-23 10:52:07,009 [ERROR] LogOutputStream:75 - [STDERR_REDIRECT] [Fatal Error] :1:1: Premature end of file.
2025-03-23 10:52:07,009 [ERROR] LogOutputStream:75 - [STDERR_REDIRECT] 
2025-03-23 10:52:08,005 [ERROR] LogOutputStream:75 - [STDERR_REDIRECT] [Fatal Error] :1:1: Premature end of file.
2025-03-23 10:52:08,005 [ERROR] LogOutputStream:75 - [STDERR_REDIRECT] 
2025-03-23 10:52:09,011 [ERROR] LogOutputStream:75 - [STDERR_REDIRECT] [Fatal Error] :1:1: Premature end of file.
2025-03-23 10:52:09,012 [ERROR] LogOutputStream:75 - [STDERR_REDIRECT] 
2025-03-23 10:52:10,000 [ERROR] LogOutputStream:75 - [STDERR_REDIRECT] [Fatal Error] :1:1: Premature end of file.
2025-03-23 10:52:10,000 [ERROR] LogOutputStream:75 - [STDERR_REDIRECT] 
2025-03-23 10:52:11,002 [ERROR] LogOutputStream:75 - [STDERR_REDIRECT] [Fatal Error] :1:1: Premature end of file.
2025-03-23 10:52:11,002 [ERROR] LogOutputStream:75 - [STDERR_REDIRECT] 
2025-03-23 10:52:12,001 [ERROR] LogOutputStream:75 - [STDERR_REDIRECT] [Fatal Error] :1:1: Premature end of file.
2025-03-23 10:52:12,002 [ERROR] LogOutputStream:75 - [STDERR_REDIRECT] 
2025-03-23 10:52:13,005 [ERROR] LogOutputStream:75 - [STDERR_REDIRECT] [Fatal Error] :1:1: Premature end of file.
2025-03-23 10:52:13,005 [ERROR] LogOutputStream:75 - [STDERR_REDIRECT] 
2025-03-23 10:52:14,000 [ERROR] LogOutputStream:75 - [STDERR_REDIRECT] [Fatal Error] :1:1: Premature end of file.
2025-03-23 10:52:14,000 [ERROR] LogOutputStream:75 - [STDERR_REDIRECT] 
2025-03-23 10:52:15,002 [ERROR] LogOutputStream:75 - [STDERR_REDIRECT] [Fatal Error] :1:1: Premature end of file.
2025-03-23 10:52:15,002 [ERROR] LogOutputStream:75 - [STDERR_REDIRECT] 
2025-03-23 10:52:16,002 [ERROR] LogOutputStream:75 - [STDERR_REDIRECT] [Fatal Error] :1:1: Premature end of file.
2025-03-23 10:52:16,003 [ERROR] LogOutputStream:75 - [STDERR_REDIRECT] 
2025-03-23 10:52:17,002 [ERROR] LogOutputStream:75 - [STDERR_REDIRECT] [Fatal Error] :1:1: Premature end of file.
2025-03-23 10:52:17,003 [ERROR] LogOutputStream:75 - [STDERR_REDIRECT] 
2025-03-23 10:52:18,001 [ERROR] LogOutputStream:75 - [STDERR_REDIRECT] [Fatal Error] :1:1: Premature end of file.
2025-03-23 10:52:18,001 [ERROR] LogOutputStream:75 - [STDERR_REDIRECT] 
2025-03-23 10:52:19,001 [ERROR] LogOutputStream:75 - [STDERR_REDIRECT] [Fatal Error] :1:1: Premature end of file.
2025-03-23 10:52:19,002 [ERROR] LogOutputStream:75 - [STDERR_REDIRECT] 
2025-03-23 10:52:20,001 [ERROR] LogOutputStream:75 - [STDERR_REDIRECT] [Fatal Error] :1:1: Premature end of file.
2025-03-23 10:52:20,001 [ERROR] LogOutputStream:75 - [STDERR_REDIRECT] 
2025-03-23 10:52:21,004 [ERROR] LogOutputStream:75 - [STDERR_REDIRECT] [Fatal Error] :1:1: Premature end of file.
2025-03-23 10:52:21,004 [ERROR] LogOutputStream:75 - [STDERR_REDIRECT] 
2025-03-23 10:52:22,001 [ERROR] LogOutputStream:75 - [STDERR_REDIRECT] [Fatal Error] :1:1: Premature end of file.
2025-03-23 10:52:22,002 [ERROR] LogOutputStream:75 - [STDERR_REDIRECT] 
2025-03-23 10:52:23,004 [ERROR] LogOutputStream:75 - [STDERR_REDIRECT] [Fatal Error] :1:1: Premature end of file.
2025-03-23 10:52:23,004 [ERROR] LogOutputStream:75 - [STDERR_REDIRECT] 
2025-03-23 10:52:24,002 [ERROR] LogOutputStream:75 - [STDERR_REDIRECT] [Fatal Error] :1:1: Premature end of file.
2025-03-23 10:52:24,002 [ERROR] LogOutputStream:75 - [STDERR_REDIRECT] 
2025-03-23 10:52:25,001 [ERROR] LogOutputStream:75 - [STDERR_REDIRECT] [Fatal Error] :1:1: Premature end of file.
2025-03-23 10:52:25,001 [ERROR] LogOutputStream:75 - [STDERR_REDIRECT] 
2025-03-23 10:52:26,000 [ERROR] LogOutputStream:75 - [STDERR_REDIRECT] [Fatal Error] :1:1: Premature end of file.
2025-03-23 10:52:26,000 [ERROR] LogOutputStream:75 - [STDERR_REDIRECT] 
2025-03-23 10:52:27,012 [ERROR] LogOutputStream:75 - [STDERR_REDIRECT] [Fatal Error] :1:1: Premature end of file.
2025-03-23 10:52:27,012 [ERROR] LogOutputStream:75 - [STDERR_REDIRECT] 
2025-03-23 10:52:28,007 [ERROR] LogOutputStream:75 - [STDERR_REDIRECT] [Fatal Error] :1:1: Premature end of file.
2025-03-23 10:52:28,007 [ERROR] LogOutputStream:75 - [STDERR_REDIRECT] 
2025-03-23 10:52:29,001 [ERROR] LogOutputStream:75 - [STDERR_REDIRECT] [Fatal Error] :1:1: Premature end of file.
2025-03-23 10:52:29,002 [ERROR] LogOutputStream:75 - [STDERR_REDIRECT] 
2025-03-23 10:52:30,002 [ERROR] LogOutputStream:75 - [STDERR_REDIRECT] [Fatal Error] :1:1: Premature end of file.
2025-03-23 10:52:30,002 [ERROR] LogOutputStream:75 - [STDERR_REDIRECT] 
2025-03-23 10:52:31,001 [ERROR] LogOutputStream:75 - [STDERR_REDIRECT] [Fatal Error] :1:1: Premature end of file.
2025-03-23 10:52:31,002 [ERROR] LogOutputStream:75 - [STDERR_REDIRECT] 
2025-03-23 10:52:32,001 [ERROR] LogOutputStream:75 - [STDERR_REDIRECT] [Fatal Error] :1:1: Premature end of file.
2025-03-23 10:52:32,002 [ERROR] LogOutputStream:75 - [STDERR_REDIRECT] 
2025-03-23 10:52:33,001 [ERROR] LogOutputStream:75 - [STDERR_REDIRECT] [Fatal Error] :1:1: Premature end of file.
2025-03-23 10:52:33,001 [ERROR] LogOutputStream:75 - [STDERR_REDIRECT] 
2025-03-23 10:52:34,000 [ERROR] LogOutputStream:75 - [STDERR_REDIRECT] [Fatal Error] :1:1: Premature end of file.
2025-03-23 10:52:34,000 [ERROR] LogOutputStream:75 - [STDERR_REDIRECT] 
2025-03-23 10:52:35,004 [ERROR] LogOutputStream:75 - [STDERR_REDIRECT] [Fatal Error] :1:1: Premature end of file.
2025-03-23 10:52:35,004 [ERROR] LogOutputStream:75 - [STDERR_REDIRECT] 
2025-03-23 10:52:36,004 [ERROR] LogOutputStream:75 - [STDERR_REDIRECT] [Fatal Error] :1:1: Premature end of file.
2025-03-23 10:52:36,004 [ERROR] LogOutputStream:75 - [STDERR_REDIRECT] 
2025-03-23 10:52:36,999 [ERROR] LogOutputStream:75 - [STDERR_REDIRECT] [Fatal Error] :1:1: Premature end of file.
2025-03-23 10:52:36,999 [ERROR] LogOutputStream:75 - [STDERR_REDIRECT] 
2025-03-23 10:52:38,001 [ERROR] LogOutputStream:75 - [STDERR_REDIRECT] [Fatal Error] :1:1: Premature end of file.
2025-03-23 10:52:38,001 [ERROR] LogOutputStream:75 - [STDERR_REDIRECT] 
2025-03-23 10:52:39,001 [ERROR] LogOutputStream:75 - [STDERR_REDIRECT] [Fatal Error] :1:1: Premature end of file.
2025-03-23 10:52:39,002 [ERROR] LogOutputStream:75 - [STDERR_REDIRECT] 
2025-03-23 10:52:40,001 [ERROR] LogOutputStream:75 - [STDERR_REDIRECT] [Fatal Error] :1:1: Premature end of file.
2025-03-23 10:52:40,001 [ERROR] LogOutputStream:75 - [STDERR_REDIRECT] 
2025-03-23 10:52:40,999 [ERROR] LogOutputStream:75 - [STDERR_REDIRECT] [Fatal Error] :1:1: Premature end of file.
2025-03-23 10:52:41,000 [ERROR] LogOutputStream:75 - [STDERR_REDIRECT] 
2025-03-23 10:52:42,003 [ERROR] LogOutputStream:75 - [STDERR_REDIRECT] [Fatal Error] :1:1: Premature end of file.
2025-03-23 10:52:42,003 [ERROR] LogOutputStream:75 - [STDERR_REDIRECT] 
2025-03-23 10:52:43,004 [ERROR] LogOutputStream:75 - [STDERR_REDIRECT] [Fatal Error] :1:1: Premature end of file.
2025-03-23 10:52:43,004 [ERROR] LogOutputStream:75 - [STDERR_REDIRECT] 
2025-03-23 10:52:44,000 [ERROR] LogOutputStream:75 - [STDERR_REDIRECT] [Fatal Error] :1:1: Premature end of file.
2025-03-23 10:52:44,000 [ERROR] LogOutputStream:75 - [STDERR_REDIRECT] 
2025-03-23 10:52:45,006 [ERROR] LogOutputStream:75 - [STDERR_REDIRECT] [Fatal Error] :1:1: Premature end of file.
2025-03-23 10:52:45,006 [ERROR] LogOutputStream:75 - [STDERR_REDIRECT] 
2025-03-23 10:52:46,004 [ERROR] LogOutputStream:75 - [STDERR_REDIRECT] [Fatal Error] :1:1: Premature end of file.
2025-03-23 10:52:46,004 [ERROR] LogOutputStream:75 - [STDERR_REDIRECT] 
2025-03-23 10:52:47,000 [ERROR] LogOutputStream:75 - [STDERR_REDIRECT] [Fatal Error] :1:1: Premature end of file.
2025-03-23 10:52:47,000 [ERROR] LogOutputStream:75 - [STDERR_REDIRECT] 
2025-03-23 10:52:48,007 [ERROR] LogOutputStream:75 - [STDERR_REDIRECT] [Fatal Error] :1:1: Premature end of file.
2025-03-23 10:52:48,007 [ERROR] LogOutputStream:75 - [STDERR_REDIRECT] 
2025-03-23 10:52:49,000 [ERROR] LogOutputStream:75 - [STDERR_REDIRECT] [Fatal Error] :1:1: Premature end of file.
2025-03-23 10:52:49,000 [ERROR] LogOutputStream:75 - [STDERR_REDIRECT] 
2025-03-23 10:52:50,002 [ERROR] LogOutputStream:75 - [STDERR_REDIRECT] [Fatal Error] :1:1: Premature end of file.
2025-03-23 10:52:50,002 [ERROR] LogOutputStream:75 - [STDERR_REDIRECT] 
2025-03-23 10:52:51,022 [ERROR] LogOutputStream:75 - [STDERR_REDIRECT] [Fatal Error] :1:1: Premature end of file.
2025-03-23 10:52:51,022 [ERROR] LogOutputStream:75 - [STDERR_REDIRECT] 
2025-03-23 10:52:52,003 [ERROR] LogOutputStream:75 - [STDERR_REDIRECT] [Fatal Error] :1:1: Premature end of file.
2025-03-23 10:52:52,003 [ERROR] LogOutputStream:75 - [STDERR_REDIRECT] 
2025-03-23 10:52:53,003 [ERROR] LogOutputStream:75 - [STDERR_REDIRECT] [Fatal Error] :1:1: Premature end of file.
2025-03-23 10:52:53,003 [ERROR] LogOutputStream:75 - [STDERR_REDIRECT] 
2025-03-23 10:52:54,003 [ERROR] LogOutputStream:75 - [STDERR_REDIRECT] [Fatal Error] :1:1: Premature end of file.
2025-03-23 10:52:54,003 [ERROR] LogOutputStream:75 - [STDERR_REDIRECT] 
2025-03-23 10:52:55,000 [ERROR] LogOutputStream:75 - [STDERR_REDIRECT] [Fatal Error] :1:1: Premature end of file.
2025-03-23 10:52:55,000 [ERROR] LogOutputStream:75 - [STDERR_REDIRECT] 
2025-03-23 10:52:56,002 [ERROR] LogOutputStream:75 - [STDERR_REDIRECT] [Fatal Error] :1:1: Premature end of file.
2025-03-23 10:52:56,002 [ERROR] LogOutputStream:75 - [STDERR_REDIRECT] 
2025-03-23 10:52:57,002 [ERROR] LogOutputStream:75 - [STDERR_REDIRECT] [Fatal Error] :1:1: Premature end of file.
2025-03-23 10:52:57,002 [ERROR] LogOutputStream:75 - [STDERR_REDIRECT] 
2025-03-23 10:52:58,003 [ERROR] LogOutputStream:75 - [STDERR_REDIRECT] [Fatal Error] :1:1: Premature end of file.
2025-03-23 10:52:58,003 [ERROR] LogOutputStream:75 - [STDERR_REDIRECT] 
2025-03-23 10:52:59,005 [ERROR] LogOutputStream:75 - [STDERR_REDIRECT] [Fatal Error] :1:1: Premature end of file.
2025-03-23 10:52:59,005 [ERROR] LogOutputStream:75 - [STDERR_REDIRECT] 
2025-03-23 10:53:00,005 [ERROR] LogOutputStream:75 - [STDERR_REDIRECT] [Fatal Error] :1:1: Premature end of file.
2025-03-23 10:53:00,005 [ERROR] LogOutputStream:75 - [STDERR_REDIRECT] 
2025-03-23 10:53:01,000 [ERROR] LogOutputStream:75 - [STDERR_REDIRECT] [Fatal Error] :1:1: Premature end of file.
2025-03-23 10:53:01,000 [ERROR] LogOutputStream:75 - [STDERR_REDIRECT] 
2025-03-23 10:53:02,000 [ERROR] LogOutputStream:75 - [STDERR_REDIRECT] [Fatal Error] :1:1: Premature end of file.
2025-03-23 10:53:02,000 [ERROR] LogOutputStream:75 - [STDERR_REDIRECT] 
2025-03-23 10:53:03,002 [ERROR] LogOutputStream:75 - [STDERR_REDIRECT] [Fatal Error] :1:1: Premature end of file.
2025-03-23 10:53:03,002 [ERROR] LogOutputStream:75 - [STDERR_REDIRECT] 
2025-03-23 10:53:04,008 [ERROR] LogOutputStream:75 - [STDERR_REDIRECT] [Fatal Error] :1:1: Premature end of file.
2025-03-23 10:53:04,008 [ERROR] LogOutputStream:75 - [STDERR_REDIRECT] 
2025-03-23 10:53:05,002 [ERROR] LogOutputStream:75 - [STDERR_REDIRECT] [Fatal Error] :1:1: Premature end of file.
2025-03-23 10:53:05,002 [ERROR] LogOutputStream:75 - [STDERR_REDIRECT] 
2025-03-23 10:53:06,003 [ERROR] LogOutputStream:75 - [STDERR_REDIRECT] [Fatal Error] :1:1: Premature end of file.
2025-03-23 10:53:06,003 [ERROR] LogOutputStream:75 - [STDERR_REDIRECT] 
2025-03-23 10:53:07,004 [ERROR] LogOutputStream:75 - [STDERR_REDIRECT] [Fatal Error] :1:1: Premature end of file.
2025-03-23 10:53:07,004 [ERROR] LogOutputStream:75 - [STDERR_REDIRECT] 
2025-03-23 10:53:08,001 [ERROR] LogOutputStream:75 - [STDERR_REDIRECT] [Fatal Error] :1:1: Premature end of file.
2025-03-23 10:53:08,001 [ERROR] LogOutputStream:75 - [STDERR_REDIRECT] 
2025-03-23 10:53:09,006 [ERROR] LogOutputStream:75 - [STDERR_REDIRECT] [Fatal Error] :1:1: Premature end of file.
2025-03-23 10:53:09,006 [ERROR] LogOutputStream:75 - [STDERR_REDIRECT] 
2025-03-23 10:53:10,001 [ERROR] LogOutputStream:75 - [STDERR_REDIRECT] [Fatal Error] :1:1: Premature end of file.
2025-03-23 10:53:10,001 [ERROR] LogOutputStream:75 - [STDERR_REDIRECT] 
2025-03-23 10:53:11,006 [ERROR] LogOutputStream:75 - [STDERR_REDIRECT] [Fatal Error] :1:1: Premature end of file.
2025-03-23 10:53:11,006 [ERROR] LogOutputStream:75 - [STDERR_REDIRECT] 
2025-03-23 10:53:12,003 [ERROR] LogOutputStream:75 - [STDERR_REDIRECT] [Fatal Error] :1:1: Premature end of file.
2025-03-23 10:53:12,003 [ERROR] LogOutputStream:75 - [STDERR_REDIRECT] 
2025-03-23 10:53:13,001 [ERROR] LogOutputStream:75 - [STDERR_REDIRECT] [Fatal Error] :1:1: Premature end of file.
2025-03-23 10:53:13,001 [ERROR] LogOutputStream:75 - [STDERR_REDIRECT] 
2025-03-23 10:53:14,006 [ERROR] LogOutputStream:75 - [STDERR_REDIRECT] [Fatal Error] :1:1: Premature end of file.
2025-03-23 10:53:14,006 [ERROR] LogOutputStream:75 - [STDERR_REDIRECT] 
2025-03-23 10:53:14,999 [ERROR] LogOutputStream:75 - [STDERR_REDIRECT] [Fatal Error] :1:1: Premature end of file.
2025-03-23 10:53:14,999 [ERROR] LogOutputStream:75 - [STDERR_REDIRECT] 
2025-03-23 10:53:16,006 [ERROR] LogOutputStream:75 - [STDERR_REDIRECT] [Fatal Error] :1:1: Premature end of file.
2025-03-23 10:53:16,006 [ERROR] LogOutputStream:75 - [STDERR_REDIRECT] 
2025-03-23 10:53:17,002 [ERROR] LogOutputStream:75 - [STDERR_REDIRECT] [Fatal Error] :1:1: Premature end of file.
2025-03-23 10:53:17,002 [ERROR] LogOutputStream:75 - [STDERR_REDIRECT] 
2025-03-23 10:53:18,003 [ERROR] LogOutputStream:75 - [STDERR_REDIRECT] [Fatal Error] :1:1: Premature end of file.
2025-03-23 10:53:18,003 [ERROR] LogOutputStream:75 - [STDERR_REDIRECT] 
2025-03-23 10:53:19,003 [ERROR] LogOutputStream:75 - [STDERR_REDIRECT] [Fatal Error] :1:1: Premature end of file.
2025-03-23 10:53:19,003 [ERROR] LogOutputStream:75 - [STDERR_REDIRECT] 
2025-03-23 10:53:20,000 [ERROR] LogOutputStream:75 - [STDERR_REDIRECT] [Fatal Error] :1:1: Premature end of file.
2025-03-23 10:53:20,000 [ERROR] LogOutputStream:75 - [STDERR_REDIRECT] 
2025-03-23 10:53:21,004 [ERROR] LogOutputStream:75 - [STDERR_REDIRECT] [Fatal Error] :1:1: Premature end of file.
2025-03-23 10:53:21,004 [ERROR] LogOutputStream:75 - [STDERR_REDIRECT] 
2025-03-23 10:53:21,999 [ERROR] LogOutputStream:75 - [STDERR_REDIRECT] [Fatal Error] :1:1: Premature end of file.
2025-03-23 10:53:21,999 [ERROR] LogOutputStream:75 - [STDERR_REDIRECT] 
2025-03-23 10:53:23,008 [ERROR] LogOutputStream:75 - [STDERR_REDIRECT] [Fatal Error] :1:1: Premature end of file.
2025-03-23 10:53:23,008 [ERROR] LogOutputStream:75 - [STDERR_REDIRECT] 
2025-03-23 10:53:24,002 [ERROR] LogOutputStream:75 - [STDERR_REDIRECT] [Fatal Error] :1:1: Premature end of file.
2025-03-23 10:53:24,005 [ERROR] LogOutputStream:75 - [STDERR_REDIRECT] 
2025-03-23 10:53:25,004 [ERROR] LogOutputStream:75 - [STDERR_REDIRECT] [Fatal Error] :1:1: Premature end of file.
2025-03-23 10:53:25,004 [ERROR] LogOutputStream:75 - [STDERR_REDIRECT] 
2025-03-23 10:53:26,003 [ERROR] LogOutputStream:75 - [STDERR_REDIRECT] [Fatal Error] :1:1: Premature end of file.
2025-03-23 10:53:26,003 [ERROR] LogOutputStream:75 - [STDERR_REDIRECT] 
2025-03-23 10:53:27,002 [ERROR] LogOutputStream:75 - [STDERR_REDIRECT] [Fatal Error] :1:1: Premature end of file.
2025-03-23 10:53:27,002 [ERROR] LogOutputStream:75 - [STDERR_REDIRECT] 
2025-03-23 10:53:28,003 [ERROR] LogOutputStream:75 - [STDERR_REDIRECT] [Fatal Error] :1:1: Premature end of file.
2025-03-23 10:53:28,003 [ERROR] LogOutputStream:75 - [STDERR_REDIRECT] 
2025-03-23 10:53:29,001 [ERROR] LogOutputStream:75 - [STDERR_REDIRECT] [Fatal Error] :1:1: Premature end of file.
2025-03-23 10:53:29,001 [ERROR] LogOutputStream:75 - [STDERR_REDIRECT] 
2025-03-23 10:53:30,001 [ERROR] LogOutputStream:75 - [STDERR_REDIRECT] [Fatal Error] :1:1: Premature end of file.
2025-03-23 10:53:30,001 [ERROR] LogOutputStream:75 - [STDERR_REDIRECT] 
2025-03-23 10:53:30,999 [ERROR] LogOutputStream:75 - [STDERR_REDIRECT] [Fatal Error] :1:1: Premature end of file.
2025-03-23 10:53:30,999 [ERROR] LogOutputStream:75 - [STDERR_REDIRECT] 
2025-03-23 10:53:32,009 [ERROR] LogOutputStream:75 - [STDERR_REDIRECT] [Fatal Error] :1:1: Premature end of file.
2025-03-23 10:53:32,009 [ERROR] LogOutputStream:75 - [STDERR_REDIRECT] 
2025-03-23 10:53:33,010 [ERROR] LogOutputStream:75 - [STDERR_REDIRECT] [Fatal Error] :1:1: Premature end of file.
2025-03-23 10:53:33,010 [ERROR] LogOutputStream:75 - [STDERR_REDIRECT] 
2025-03-23 10:53:34,000 [ERROR] LogOutputStream:75 - [STDERR_REDIRECT] [Fatal Error] :1:1: Premature end of file.
2025-03-23 10:53:34,000 [ERROR] LogOutputStream:75 - [STDERR_REDIRECT] 
2025-03-23 10:53:35,007 [ERROR] LogOutputStream:75 - [STDERR_REDIRECT] [Fatal Error] :1:1: Premature end of file.
2025-03-23 10:53:35,007 [ERROR] LogOutputStream:75 - [STDERR_REDIRECT] 
2025-03-23 10:53:36,004 [ERROR] LogOutputStream:75 - [STDERR_REDIRECT] [Fatal Error] :1:1: Premature end of file.
2025-03-23 10:53:36,004 [ERROR] LogOutputStream:75 - [STDERR_REDIRECT] 
2025-03-23 10:53:37,003 [ERROR] LogOutputStream:75 - [STDERR_REDIRECT] [Fatal Error] :1:1: Premature end of file.
2025-03-23 10:53:37,003 [ERROR] LogOutputStream:75 - [STDERR_REDIRECT] 
2025-03-23 10:53:38,003 [ERROR] LogOutputStream:75 - [STDERR_REDIRECT] [Fatal Error] :1:1: Premature end of file.
2025-03-23 10:53:38,003 [ERROR] LogOutputStream:75 - [STDERR_REDIRECT] 
2025-03-23 10:53:39,004 [ERROR] LogOutputStream:75 - [STDERR_REDIRECT] [Fatal Error] :1:1: Premature end of file.
2025-03-23 10:53:39,004 [ERROR] LogOutputStream:75 - [STDERR_REDIRECT] 
2025-03-23 10:53:40,005 [ERROR] LogOutputStream:75 - [STDERR_REDIRECT] [Fatal Error] :1:1: Premature end of file.
2025-03-23 10:53:40,005 [ERROR] LogOutputStream:75 - [STDERR_REDIRECT] 
2025-03-23 10:53:41,005 [ERROR] LogOutputStream:75 - [STDERR_REDIRECT] [Fatal Error] :1:1: Premature end of file.
2025-03-23 10:53:41,005 [ERROR] LogOutputStream:75 - [STDERR_REDIRECT] 
2025-03-23 10:53:42,017 [ERROR] LogOutputStream:75 - [STDERR_REDIRECT] [Fatal Error] :1:1: Premature end of file.
2025-03-23 10:53:42,017 [ERROR] LogOutputStream:75 - [STDERR_REDIRECT] 
2025-03-23 10:53:43,002 [ERROR] LogOutputStream:75 - [STDERR_REDIRECT] [Fatal Error] :1:1: Premature end of file.
2025-03-23 10:53:43,002 [ERROR] LogOutputStream:75 - [STDERR_REDIRECT] 
2025-03-23 10:53:43,999 [ERROR] LogOutputStream:75 - [STDERR_REDIRECT] [Fatal Error] :1:1: Premature end of file.
2025-03-23 10:53:43,999 [ERROR] LogOutputStream:75 - [STDERR_REDIRECT] 
2025-03-23 10:53:45,007 [ERROR] LogOutputStream:75 - [STDERR_REDIRECT] [Fatal Error] :1:1: Premature end of file.
2025-03-23 10:53:45,007 [ERROR] LogOutputStream:75 - [STDERR_REDIRECT] 
2025-03-23 10:53:46,009 [ERROR] LogOutputStream:75 - [STDERR_REDIRECT] [Fatal Error] :1:1: Premature end of file.
2025-03-23 10:53:46,009 [ERROR] LogOutputStream:75 - [STDERR_REDIRECT] 
2025-03-23 10:53:46,999 [ERROR] LogOutputStream:75 - [STDERR_REDIRECT] [Fatal Error] :1:1: Premature end of file.
2025-03-23 10:53:46,999 [ERROR] LogOutputStream:75 - [STDERR_REDIRECT] 
2025-03-23 10:53:48,007 [ERROR] LogOutputStream:75 - [STDERR_REDIRECT] [Fatal Error] :1:1: Premature end of file.
2025-03-23 10:53:48,007 [ERROR] LogOutputStream:75 - [STDERR_REDIRECT] 
2025-03-23 10:53:49,002 [ERROR] LogOutputStream:75 - [STDERR_REDIRECT] [Fatal Error] :1:1: Premature end of file.
2025-03-23 10:53:49,002 [ERROR] LogOutputStream:75 - [STDERR_REDIRECT] 
2025-03-23 10:53:50,001 [ERROR] LogOutputStream:75 - [STDERR_REDIRECT] [Fatal Error] :1:1: Premature end of file.
2025-03-23 10:53:50,001 [ERROR] LogOutputStream:75 - [STDERR_REDIRECT] 
2025-03-23 10:53:51,007 [ERROR] LogOutputStream:75 - [STDERR_REDIRECT] [Fatal Error] :1:1: Premature end of file.
2025-03-23 10:53:51,007 [ERROR] LogOutputStream:75 - [STDERR_REDIRECT] 
2025-03-23 10:53:52,002 [ERROR] LogOutputStream:75 - [STDERR_REDIRECT] [Fatal Error] :1:1: Premature end of file.
2025-03-23 10:53:52,002 [ERROR] LogOutputStream:75 - [STDERR_REDIRECT] 
2025-03-23 10:53:53,002 [ERROR] LogOutputStream:75 - [STDERR_REDIRECT] [Fatal Error] :1:1: Premature end of file.
2025-03-23 10:53:53,002 [ERROR] LogOutputStream:75 - [STDERR_REDIRECT] 
2025-03-23 10:53:54,003 [ERROR] LogOutputStream:75 - [STDERR_REDIRECT] [Fatal Error] :1:1: Premature end of file.
2025-03-23 10:53:54,003 [ERROR] LogOutputStream:75 - [STDERR_REDIRECT] 
2025-03-23 10:53:55,005 [ERROR] LogOutputStream:75 - [STDERR_REDIRECT] [Fatal Error] :1:1: Premature end of file.
2025-03-23 10:53:55,005 [ERROR] LogOutputStream:75 - [STDERR_REDIRECT] 
2025-03-23 10:53:56,002 [ERROR] LogOutputStream:75 - [STDERR_REDIRECT] [Fatal Error] :1:1: Premature end of file.
2025-03-23 10:53:56,002 [ERROR] LogOutputStream:75 - [STDERR_REDIRECT] 
2025-03-23 10:53:57,003 [ERROR] LogOutputStream:75 - [STDERR_REDIRECT] [Fatal Error] :1:1: Premature end of file.
2025-03-23 10:53:57,003 [ERROR] LogOutputStream:75 - [STDERR_REDIRECT] 
2025-03-23 10:53:58,002 [ERROR] LogOutputStream:75 - [STDERR_REDIRECT] [Fatal Error] :1:1: Premature end of file.
2025-03-23 10:53:58,002 [ERROR] LogOutputStream:75 - [STDERR_REDIRECT] 
2025-03-23 10:53:59,005 [ERROR] LogOutputStream:75 - [STDERR_REDIRECT] [Fatal Error] :1:1: Premature end of file.
2025-03-23 10:53:59,005 [ERROR] LogOutputStream:75 - [STDERR_REDIRECT] 
2025-03-23 10:54:00,001 [ERROR] LogOutputStream:75 - [STDERR_REDIRECT] [Fatal Error] :1:1: Premature end of file.
2025-03-23 10:54:00,001 [ERROR] LogOutputStream:75 - [STDERR_REDIRECT] 
2025-03-23 10:54:01,001 [ERROR] LogOutputStream:75 - [STDERR_REDIRECT] [Fatal Error] :1:1: Premature end of file.
2025-03-23 10:54:01,001 [ERROR] LogOutputStream:75 - [STDERR_REDIRECT] 
2025-03-23 10:54:02,005 [ERROR] LogOutputStream:75 - [STDERR_REDIRECT] [Fatal Error] :1:1: Premature end of file.
2025-03-23 10:54:02,005 [ERROR] LogOutputStream:75 - [STDERR_REDIRECT] 
2025-03-23 10:54:03,003 [ERROR] LogOutputStream:75 - [STDERR_REDIRECT] [Fatal Error] :1:1: Premature end of file.
2025-03-23 10:54:03,003 [ERROR] LogOutputStream:75 - [STDERR_REDIRECT] 
2025-03-23 10:54:04,003 [ERROR] LogOutputStream:75 - [STDERR_REDIRECT] [Fatal Error] :1:1: Premature end of file.
2025-03-23 10:54:04,003 [ERROR] LogOutputStream:75 - [STDERR_REDIRECT] 
2025-03-23 10:54:05,009 [ERROR] LogOutputStream:75 - [STDERR_REDIRECT] [Fatal Error] :1:1: Premature end of file.
2025-03-23 10:54:05,009 [ERROR] LogOutputStream:75 - [STDERR_REDIRECT] 
2025-03-23 10:54:06,000 [ERROR] LogOutputStream:75 - [STDERR_REDIRECT] [Fatal Error] :1:1: Premature end of file.
2025-03-23 10:54:06,000 [ERROR] LogOutputStream:75 - [STDERR_REDIRECT] 
2025-03-23 10:54:07,010 [ERROR] LogOutputStream:75 - [STDERR_REDIRECT] [Fatal Error] :1:1: Premature end of file.
2025-03-23 10:54:07,010 [ERROR] LogOutputStream:75 - [STDERR_REDIRECT] 
2025-03-23 10:54:08,002 [ERROR] LogOutputStream:75 - [STDERR_REDIRECT] [Fatal Error] :1:1: Premature end of file.
2025-03-23 10:54:08,002 [ERROR] LogOutputStream:75 - [STDERR_REDIRECT] 
2025-03-23 10:54:09,001 [ERROR] LogOutputStream:75 - [STDERR_REDIRECT] [Fatal Error] :1:1: Premature end of file.
2025-03-23 10:54:09,001 [ERROR] LogOutputStream:75 - [STDERR_REDIRECT] 
2025-03-23 10:54:10,003 [ERROR] LogOutputStream:75 - [STDERR_REDIRECT] [Fatal Error] :1:1: Premature end of file.
2025-03-23 10:54:10,003 [ERROR] LogOutputStream:75 - [STDERR_REDIRECT] 
2025-03-23 10:54:11,001 [ERROR] LogOutputStream:75 - [STDERR_REDIRECT] [Fatal Error] :1:1: Premature end of file.
2025-03-23 10:54:11,001 [ERROR] LogOutputStream:75 - [STDERR_REDIRECT] 
2025-03-23 10:54:12,000 [ERROR] LogOutputStream:75 - [STDERR_REDIRECT] [Fatal Error] :1:1: Premature end of file.
2025-03-23 10:54:12,000 [ERROR] LogOutputStream:75 - [STDERR_REDIRECT] 
2025-03-23 10:54:13,007 [ERROR] LogOutputStream:75 - [STDERR_REDIRECT] [Fatal Error] :1:1: Premature end of file.
2025-03-23 10:54:13,007 [ERROR] LogOutputStream:75 - [STDERR_REDIRECT] 
2025-03-23 10:54:13,998 [ERROR] LogOutputStream:75 - [STDERR_REDIRECT] [Fatal Error] :1:1: Premature end of file.
2025-03-23 10:54:13,998 [ERROR] LogOutputStream:75 - [STDERR_REDIRECT] 
2025-03-23 10:54:15,010 [ERROR] LogOutputStream:75 - [STDERR_REDIRECT] [Fatal Error] :1:1: Premature end of file.
2025-03-23 10:54:15,010 [ERROR] LogOutputStream:75 - [STDERR_REDIRECT] 
2025-03-23 10:54:16,006 [ERROR] LogOutputStream:75 - [STDERR_REDIRECT] [Fatal Error] :1:1: Premature end of file.
2025-03-23 10:54:16,006 [ERROR] LogOutputStream:75 - [STDERR_REDIRECT] 
2025-03-23 10:54:17,006 [ERROR] LogOutputStream:75 - [STDERR_REDIRECT] [Fatal Error] :1:1: Premature end of file.
2025-03-23 10:54:17,006 [ERROR] LogOutputStream:75 - [STDERR_REDIRECT] 
2025-03-23 10:54:18,006 [ERROR] LogOutputStream:75 - [STDERR_REDIRECT] [Fatal Error] :1:1: Premature end of file.
2025-03-23 10:54:18,006 [ERROR] LogOutputStream:75 - [STDERR_REDIRECT] 
2025-03-23 10:54:19,000 [ERROR] LogOutputStream:75 - [STDERR_REDIRECT] [Fatal Error] :1:1: Premature end of file.
2025-03-23 10:54:19,000 [ERROR] LogOutputStream:75 - [STDERR_REDIRECT] 
2025-03-23 10:54:19,998 [ERROR] LogOutputStream:75 - [STDERR_REDIRECT] [Fatal Error] :1:1: Premature end of file.
2025-03-23 10:54:19,998 [ERROR] LogOutputStream:75 - [STDERR_REDIRECT] 
2025-03-23 10:54:21,017 [ERROR] LogOutputStream:75 - [STDERR_REDIRECT] [Fatal Error] :1:1: Premature end of file.
2025-03-23 10:54:21,017 [ERROR] LogOutputStream:75 - [STDERR_REDIRECT] 
2025-03-23 10:54:22,005 [ERROR] LogOutputStream:75 - [STDERR_REDIRECT] [Fatal Error] :1:1: Premature end of file.
2025-03-23 10:54:22,005 [ERROR] LogOutputStream:75 - [STDERR_REDIRECT] 
2025-03-23 10:54:23,001 [ERROR] LogOutputStream:75 - [STDERR_REDIRECT] [Fatal Error] :1:1: Premature end of file.
2025-03-23 10:54:23,001 [ERROR] LogOutputStream:75 - [STDERR_REDIRECT] 
2025-03-23 10:54:24,002 [ERROR] LogOutputStream:75 - [STDERR_REDIRECT] [Fatal Error] :1:1: Premature end of file.
2025-03-23 10:54:24,002 [ERROR] LogOutputStream:75 - [STDERR_REDIRECT] 
2025-03-23 10:54:25,002 [ERROR] LogOutputStream:75 - [STDERR_REDIRECT] [Fatal Error] :1:1: Premature end of file.
2025-03-23 10:54:25,002 [ERROR] LogOutputStream:75 - [STDERR_REDIRECT] 
2025-03-23 10:54:26,006 [ERROR] LogOutputStream:75 - [STDERR_REDIRECT] [Fatal Error] :1:1: Premature end of file.
2025-03-23 10:54:26,006 [ERROR] LogOutputStream:75 - [STDERR_REDIRECT] 
2025-03-23 10:54:27,001 [ERROR] LogOutputStream:75 - [STDERR_REDIRECT] [Fatal Error] :1:1: Premature end of file.
2025-03-23 10:54:27,001 [ERROR] LogOutputStream:75 - [STDERR_REDIRECT] 
2025-03-23 10:54:28,010 [ERROR] LogOutputStream:75 - [STDERR_REDIRECT] [Fatal Error] :1:1: Premature end of file.
2025-03-23 10:54:28,010 [ERROR] LogOutputStream:75 - [STDERR_REDIRECT] 
2025-03-23 10:54:29,003 [ERROR] LogOutputStream:75 - [STDERR_REDIRECT] [Fatal Error] :1:1: Premature end of file.
2025-03-23 10:54:29,003 [ERROR] LogOutputStream:75 - [STDERR_REDIRECT] 
2025-03-23 10:54:30,002 [ERROR] LogOutputStream:75 - [STDERR_REDIRECT] [Fatal Error] :1:1: Premature end of file.
2025-03-23 10:54:30,002 [ERROR] LogOutputStream:75 - [STDERR_REDIRECT] 
2025-03-23 10:54:31,004 [ERROR] LogOutputStream:75 - [STDERR_REDIRECT] [Fatal Error] :1:1: Premature end of file.
2025-03-23 10:54:31,004 [ERROR] LogOutputStream:75 - [STDERR_REDIRECT] 
2025-03-23 10:54:32,002 [ERROR] LogOutputStream:75 - [STDERR_REDIRECT] [Fatal Error] :1:1: Premature end of file.
2025-03-23 10:54:32,002 [ERROR] LogOutputStream:75 - [STDERR_REDIRECT] 
2025-03-23 10:54:33,002 [ERROR] LogOutputStream:75 - [STDERR_REDIRECT] [Fatal Error] :1:1: Premature end of file.
2025-03-23 10:54:33,002 [ERROR] LogOutputStream:75 - [STDERR_REDIRECT] 
2025-03-23 10:54:34,014 [ERROR] LogOutputStream:75 - [STDERR_REDIRECT] [Fatal Error] :1:1: Premature end of file.
2025-03-23 10:54:34,014 [ERROR] LogOutputStream:75 - [STDERR_REDIRECT] 
2025-03-23 10:54:35,006 [ERROR] LogOutputStream:75 - [STDERR_REDIRECT] [Fatal Error] :1:1: Premature end of file.
2025-03-23 10:54:35,006 [ERROR] LogOutputStream:75 - [STDERR_REDIRECT] 
2025-03-23 10:54:36,007 [ERROR] LogOutputStream:75 - [STDERR_REDIRECT] [Fatal Error] :1:1: Premature end of file.
2025-03-23 10:54:36,009 [ERROR] LogOutputStream:75 - [STDERR_REDIRECT] 
2025-03-23 10:54:37,000 [ERROR] LogOutputStream:75 - [STDERR_REDIRECT] [Fatal Error] :1:1: Premature end of file.
2025-03-23 10:54:37,000 [ERROR] LogOutputStream:75 - [STDERR_REDIRECT] 
2025-03-23 10:54:37,999 [ERROR] LogOutputStream:75 - [STDERR_REDIRECT] [Fatal Error] :1:1: Premature end of file.
2025-03-23 10:54:37,999 [ERROR] LogOutputStream:75 - [STDERR_REDIRECT] 
2025-03-23 10:54:39,004 [ERROR] LogOutputStream:75 - [STDERR_REDIRECT] [Fatal Error] :1:1: Premature end of file.
2025-03-23 10:54:39,004 [ERROR] LogOutputStream:75 - [STDERR_REDIRECT] 
2025-03-23 10:54:40,002 [ERROR] LogOutputStream:75 - [STDERR_REDIRECT] [Fatal Error] :1:1: Premature end of file.
2025-03-23 10:54:40,002 [ERROR] LogOutputStream:75 - [STDERR_REDIRECT] 
2025-03-23 10:54:41,002 [ERROR] LogOutputStream:75 - [STDERR_REDIRECT] [Fatal Error] :1:1: Premature end of file.
2025-03-23 10:54:41,005 [ERROR] LogOutputStream:75 - [STDERR_REDIRECT] 
2025-03-23 10:54:42,002 [ERROR] LogOutputStream:75 - [STDERR_REDIRECT] [Fatal Error] :1:1: Premature end of file.
2025-03-23 10:54:42,002 [ERROR] LogOutputStream:75 - [STDERR_REDIRECT] 
2025-03-23 10:54:42,999 [ERROR] LogOutputStream:75 - [STDERR_REDIRECT] [Fatal Error] :1:1: Premature end of file.
2025-03-23 10:54:42,999 [ERROR] LogOutputStream:75 - [STDERR_REDIRECT] 
2025-03-23 10:54:44,009 [ERROR] LogOutputStream:75 - [STDERR_REDIRECT] [Fatal Error] :1:1: Premature end of file.
2025-03-23 10:54:44,009 [ERROR] LogOutputStream:75 - [STDERR_REDIRECT] 
2025-03-23 10:54:45,004 [ERROR] LogOutputStream:75 - [STDERR_REDIRECT] [Fatal Error] :1:1: Premature end of file.
2025-03-23 10:54:45,004 [ERROR] LogOutputStream:75 - [STDERR_REDIRECT] 
2025-03-23 10:54:46,005 [ERROR] LogOutputStream:75 - [STDERR_REDIRECT] [Fatal Error] :1:1: Premature end of file.
2025-03-23 10:54:46,005 [ERROR] LogOutputStream:75 - [STDERR_REDIRECT] 
2025-03-23 10:54:46,999 [ERROR] LogOutputStream:75 - [STDERR_REDIRECT] [Fatal Error] :1:1: Premature end of file.
2025-03-23 10:54:46,999 [ERROR] LogOutputStream:75 - [STDERR_REDIRECT] 
2025-03-23 10:54:48,005 [ERROR] LogOutputStream:75 - [STDERR_REDIRECT] [Fatal Error] :1:1: Premature end of file.
2025-03-23 10:54:48,005 [ERROR] LogOutputStream:75 - [STDERR_REDIRECT] 
2025-03-23 10:54:49,009 [ERROR] LogOutputStream:75 - [STDERR_REDIRECT] [Fatal Error] :1:1: Premature end of file.
2025-03-23 10:54:49,009 [ERROR] LogOutputStream:75 - [STDERR_REDIRECT] 
2025-03-23 10:54:50,000 [ERROR] LogOutputStream:75 - [STDERR_REDIRECT] [Fatal Error] :1:1: Premature end of file.
2025-03-23 10:54:50,000 [ERROR] LogOutputStream:75 - [STDERR_REDIRECT] 
2025-03-23 10:54:51,005 [ERROR] LogOutputStream:75 - [STDERR_REDIRECT] [Fatal Error] :1:1: Premature end of file.
2025-03-23 10:54:51,007 [ERROR] LogOutputStream:75 - [STDERR_REDIRECT] 
2025-03-23 10:54:52,005 [ERROR] LogOutputStream:75 - [STDERR_REDIRECT] [Fatal Error] :1:1: Premature end of file.
2025-03-23 10:54:52,005 [ERROR] LogOutputStream:75 - [STDERR_REDIRECT] 
2025-03-23 10:54:53,005 [ERROR] LogOutputStream:75 - [STDERR_REDIRECT] [Fatal Error] :1:1: Premature end of file.
2025-03-23 10:54:53,005 [ERROR] LogOutputStream:75 - [STDERR_REDIRECT] 
2025-03-23 10:54:54,003 [ERROR] LogOutputStream:75 - [STDERR_REDIRECT] [Fatal Error] :1:1: Premature end of file.
2025-03-23 10:54:54,003 [ERROR] LogOutputStream:75 - [STDERR_REDIRECT] 
2025-03-23 10:54:55,001 [ERROR] LogOutputStream:75 - [STDERR_REDIRECT] [Fatal Error] :1:1: Premature end of file.
2025-03-23 10:54:55,001 [ERROR] LogOutputStream:75 - [STDERR_REDIRECT] 
2025-03-23 10:54:56,003 [ERROR] LogOutputStream:75 - [STDERR_REDIRECT] [Fatal Error] :1:1: Premature end of file.
2025-03-23 10:54:56,003 [ERROR] LogOutputStream:75 - [STDERR_REDIRECT] 
2025-03-23 10:54:57,008 [ERROR] LogOutputStream:75 - [STDERR_REDIRECT] [Fatal Error] :1:1: Premature end of file.
2025-03-23 10:54:57,008 [ERROR] LogOutputStream:75 - [STDERR_REDIRECT] 
2025-03-23 10:54:58,004 [ERROR] LogOutputStream:75 - [STDERR_REDIRECT] [Fatal Error] :1:1: Premature end of file.
2025-03-23 10:54:58,005 [ERROR] LogOutputStream:75 - [STDERR_REDIRECT] 
2025-03-23 10:54:59,001 [ERROR] LogOutputStream:75 - [STDERR_REDIRECT] [Fatal Error] :1:1: Premature end of file.
2025-03-23 10:54:59,001 [ERROR] LogOutputStream:75 - [STDERR_REDIRECT] 
2025-03-23 10:55:00,003 [ERROR] LogOutputStream:75 - [STDERR_REDIRECT] [Fatal Error] :1:1: Premature end of file.
2025-03-23 10:55:00,003 [ERROR] LogOutputStream:75 - [STDERR_REDIRECT] 
2025-03-23 10:55:00,999 [ERROR] LogOutputStream:75 - [STDERR_REDIRECT] [Fatal Error] :1:1: Premature end of file.
2025-03-23 10:55:00,999 [ERROR] LogOutputStream:75 - [STDERR_REDIRECT] 
2025-03-23 10:55:01,999 [ERROR] LogOutputStream:75 - [STDERR_REDIRECT] [Fatal Error] :1:1: Premature end of file.
2025-03-23 10:55:01,999 [ERROR] LogOutputStream:75 - [STDERR_REDIRECT] 
2025-03-23 10:55:02,997 [ERROR] LogOutputStream:75 - [STDERR_REDIRECT] [Fatal Error] :1:1: Premature end of file.
2025-03-23 10:55:02,997 [ERROR] LogOutputStream:75 - [STDERR_REDIRECT] 
2025-03-23 10:55:04,005 [ERROR] LogOutputStream:75 - [STDERR_REDIRECT] [Fatal Error] :1:1: Premature end of file.
2025-03-23 10:55:04,005 [ERROR] LogOutputStream:75 - [STDERR_REDIRECT] 
2025-03-23 10:55:05,005 [ERROR] LogOutputStream:75 - [STDERR_REDIRECT] [Fatal Error] :1:1: Premature end of file.
2025-03-23 10:55:05,005 [ERROR] LogOutputStream:75 - [STDERR_REDIRECT] 
2025-03-23 10:55:06,002 [ERROR] LogOutputStream:75 - [STDERR_REDIRECT] [Fatal Error] :1:1: Premature end of file.
2025-03-23 10:55:06,002 [ERROR] LogOutputStream:75 - [STDERR_REDIRECT] 
2025-03-23 10:55:07,005 [ERROR] LogOutputStream:75 - [STDERR_REDIRECT] [Fatal Error] :1:1: Premature end of file.
2025-03-23 10:55:07,005 [ERROR] LogOutputStream:75 - [STDERR_REDIRECT] 
2025-03-23 10:55:07,999 [ERROR] LogOutputStream:75 - [STDERR_REDIRECT] [Fatal Error] :1:1: Premature end of file.
2025-03-23 10:55:07,999 [ERROR] LogOutputStream:75 - [STDERR_REDIRECT] 
2025-03-23 10:55:09,005 [ERROR] LogOutputStream:75 - [STDERR_REDIRECT] [Fatal Error] :1:1: Premature end of file.
2025-03-23 10:55:09,005 [ERROR] LogOutputStream:75 - [STDERR_REDIRECT] 
2025-03-23 10:55:09,997 [ERROR] LogOutputStream:75 - [STDERR_REDIRECT] [Fatal Error] :1:1: Premature end of file.
2025-03-23 10:55:09,997 [ERROR] LogOutputStream:75 - [STDERR_REDIRECT] 
2025-03-23 10:55:11,005 [ERROR] LogOutputStream:75 - [STDERR_REDIRECT] [Fatal Error] :1:1: Premature end of file.
2025-03-23 10:55:11,005 [ERROR] LogOutputStream:75 - [STDERR_REDIRECT] 
2025-03-23 10:55:12,003 [ERROR] LogOutputStream:75 - [STDERR_REDIRECT] [Fatal Error] :1:1: Premature end of file.
2025-03-23 10:55:12,003 [ERROR] LogOutputStream:75 - [STDERR_REDIRECT] 
2025-03-23 10:55:13,000 [ERROR] LogOutputStream:75 - [STDERR_REDIRECT] [Fatal Error] :1:1: Premature end of file.
2025-03-23 10:55:13,000 [ERROR] LogOutputStream:75 - [STDERR_REDIRECT] 
2025-03-23 10:55:14,002 [ERROR] LogOutputStream:75 - [STDERR_REDIRECT] [Fatal Error] :1:1: Premature end of file.
2025-03-23 10:55:14,002 [ERROR] LogOutputStream:75 - [STDERR_REDIRECT] 
2025-03-23 10:55:15,002 [ERROR] LogOutputStream:75 - [STDERR_REDIRECT] [Fatal Error] :1:1: Premature end of file.
2025-03-23 10:55:15,004 [ERROR] LogOutputStream:75 - [STDERR_REDIRECT] 
2025-03-23 10:55:16,009 [ERROR] LogOutputStream:75 - [STDERR_REDIRECT] [Fatal Error] :1:1: Premature end of file.
2025-03-23 10:55:16,009 [ERROR] LogOutputStream:75 - [STDERR_REDIRECT] 
2025-03-23 10:55:17,001 [ERROR] LogOutputStream:75 - [STDERR_REDIRECT] [Fatal Error] :1:1: Premature end of file.
2025-03-23 10:55:17,001 [ERROR] LogOutputStream:75 - [STDERR_REDIRECT] 
2025-03-23 10:55:17,996 [ERROR] LogOutputStream:75 - [STDERR_REDIRECT] [Fatal Error] :1:1: Premature end of file.
2025-03-23 10:55:17,996 [ERROR] LogOutputStream:75 - [STDERR_REDIRECT] 
2025-03-23 10:55:19,011 [ERROR] LogOutputStream:75 - [STDERR_REDIRECT] [Fatal Error] :1:1: Premature end of file.
2025-03-23 10:55:19,012 [ERROR] LogOutputStream:75 - [STDERR_REDIRECT] 
2025-03-23 10:55:19,998 [ERROR] LogOutputStream:75 - [STDERR_REDIRECT] [Fatal Error] :1:1: Premature end of file.
2025-03-23 10:55:19,999 [ERROR] LogOutputStream:75 - [STDERR_REDIRECT] 
2025-03-23 10:55:21,005 [ERROR] LogOutputStream:75 - [STDERR_REDIRECT] [Fatal Error] :1:1: Premature end of file.
2025-03-23 10:55:21,005 [ERROR] LogOutputStream:75 - [STDERR_REDIRECT] 
2025-03-23 10:55:22,008 [ERROR] LogOutputStream:75 - [STDERR_REDIRECT] [Fatal Error] :1:1: Premature end of file.
2025-03-23 10:55:22,008 [ERROR] LogOutputStream:75 - [STDERR_REDIRECT] 
2025-03-23 10:55:23,008 [ERROR] LogOutputStream:75 - [STDERR_REDIRECT] [Fatal Error] :1:1: Premature end of file.
2025-03-23 10:55:23,008 [ERROR] LogOutputStream:75 - [STDERR_REDIRECT] 
2025-03-23 10:55:24,005 [ERROR] LogOutputStream:75 - [STDERR_REDIRECT] [Fatal Error] :1:1: Premature end of file.
2025-03-23 10:55:24,005 [ERROR] LogOutputStream:75 - [STDERR_REDIRECT] 
2025-03-23 10:55:25,003 [ERROR] LogOutputStream:75 - [STDERR_REDIRECT] [Fatal Error] :1:1: Premature end of file.
2025-03-23 10:55:25,004 [ERROR] LogOutputStream:75 - [STDERR_REDIRECT] 
2025-03-23 10:55:26,004 [ERROR] LogOutputStream:75 - [STDERR_REDIRECT] [Fatal Error] :1:1: Premature end of file.
2025-03-23 10:55:26,004 [ERROR] LogOutputStream:75 - [STDERR_REDIRECT] 
2025-03-23 10:55:27,002 [ERROR] LogOutputStream:75 - [STDERR_REDIRECT] [Fatal Error] :1:1: Premature end of file.
2025-03-23 10:55:27,002 [ERROR] LogOutputStream:75 - [STDERR_REDIRECT] 
2025-03-23 10:55:28,004 [ERROR] LogOutputStream:75 - [STDERR_REDIRECT] [Fatal Error] :1:1: Premature end of file.
2025-03-23 10:55:28,004 [ERROR] LogOutputStream:75 - [STDERR_REDIRECT] 
2025-03-23 10:55:29,003 [ERROR] LogOutputStream:75 - [STDERR_REDIRECT] [Fatal Error] :1:1: Premature end of file.
2025-03-23 10:55:29,003 [ERROR] LogOutputStream:75 - [STDERR_REDIRECT] 
2025-03-23 10:55:30,002 [ERROR] LogOutputStream:75 - [STDERR_REDIRECT] [Fatal Error] :1:1: Premature end of file.
2025-03-23 10:55:30,002 [ERROR] LogOutputStream:75 - [STDERR_REDIRECT] 
2025-03-23 10:55:31,005 [ERROR] LogOutputStream:75 - [STDERR_REDIRECT] [Fatal Error] :1:1: Premature end of file.
2025-03-23 10:55:31,005 [ERROR] LogOutputStream:75 - [STDERR_REDIRECT] 
2025-03-23 10:55:32,003 [ERROR] LogOutputStream:75 - [STDERR_REDIRECT] [Fatal Error] :1:1: Premature end of file.
2025-03-23 10:55:32,003 [ERROR] LogOutputStream:75 - [STDERR_REDIRECT] 
2025-03-23 10:55:33,001 [ERROR] LogOutputStream:75 - [STDERR_REDIRECT] [Fatal Error] :1:1: Premature end of file.
2025-03-23 10:55:33,001 [ERROR] LogOutputStream:75 - [STDERR_REDIRECT] 
2025-03-23 10:55:34,011 [ERROR] LogOutputStream:75 - [STDERR_REDIRECT] [Fatal Error] :1:1: Premature end of file.
2025-03-23 10:55:34,011 [ERROR] LogOutputStream:75 - [STDERR_REDIRECT] 
2025-03-23 10:55:35,002 [ERROR] LogOutputStream:75 - [STDERR_REDIRECT] [Fatal Error] :1:1: Premature end of file.
2025-03-23 10:55:35,004 [ERROR] LogOutputStream:75 - [STDERR_REDIRECT] 
2025-03-23 10:55:36,001 [ERROR] LogOutputStream:75 - [STDERR_REDIRECT] [Fatal Error] :1:1: Premature end of file.
2025-03-23 10:55:36,001 [ERROR] LogOutputStream:75 - [STDERR_REDIRECT] 
2025-03-23 10:55:37,004 [ERROR] LogOutputStream:75 - [STDERR_REDIRECT] [Fatal Error] :1:1: Premature end of file.
2025-03-23 10:55:37,004 [ERROR] LogOutputStream:75 - [STDERR_REDIRECT] 
2025-03-23 10:55:38,004 [ERROR] LogOutputStream:75 - [STDERR_REDIRECT] [Fatal Error] :1:1: Premature end of file.
2025-03-23 10:55:38,004 [ERROR] LogOutputStream:75 - [STDERR_REDIRECT] 
2025-03-23 10:55:39,004 [ERROR] LogOutputStream:75 - [STDERR_REDIRECT] [Fatal Error] :1:1: Premature end of file.
2025-03-23 10:55:39,004 [ERROR] LogOutputStream:75 - [STDERR_REDIRECT] 
2025-03-23 10:55:40,007 [ERROR] LogOutputStream:75 - [STDERR_REDIRECT] [Fatal Error] :1:1: Premature end of file.
2025-03-23 10:55:40,007 [ERROR] LogOutputStream:75 - [STDERR_REDIRECT] 
2025-03-23 10:55:41,003 [ERROR] LogOutputStream:75 - [STDERR_REDIRECT] [Fatal Error] :1:1: Premature end of file.
2025-03-23 10:55:41,004 [ERROR] LogOutputStream:75 - [STDERR_REDIRECT] 
2025-03-23 10:55:42,004 [ERROR] LogOutputStream:75 - [STDERR_REDIRECT] [Fatal Error] :1:1: Premature end of file.
2025-03-23 10:55:42,004 [ERROR] LogOutputStream:75 - [STDERR_REDIRECT] 
2025-03-23 10:55:43,004 [ERROR] LogOutputStream:75 - [STDERR_REDIRECT] [Fatal Error] :1:1: Premature end of file.
2025-03-23 10:55:43,004 [ERROR] LogOutputStream:75 - [STDERR_REDIRECT] 
2025-03-23 10:55:44,000 [ERROR] LogOutputStream:75 - [STDERR_REDIRECT] [Fatal Error] :1:1: Premature end of file.
2025-03-23 10:55:44,000 [ERROR] LogOutputStream:75 - [STDERR_REDIRECT] 
2025-03-23 10:55:45,007 [ERROR] LogOutputStream:75 - [STDERR_REDIRECT] [Fatal Error] :1:1: Premature end of file.
2025-03-23 10:55:45,007 [ERROR] LogOutputStream:75 - [STDERR_REDIRECT] 
2025-03-23 10:55:46,004 [ERROR] LogOutputStream:75 - [STDERR_REDIRECT] [Fatal Error] :1:1: Premature end of file.
2025-03-23 10:55:46,004 [ERROR] LogOutputStream:75 - [STDERR_REDIRECT] 
2025-03-23 10:55:47,001 [ERROR] LogOutputStream:75 - [STDERR_REDIRECT] [Fatal Error] :1:1: Premature end of file.
2025-03-23 10:55:47,001 [ERROR] LogOutputStream:75 - [STDERR_REDIRECT] 
2025-03-23 10:55:48,004 [ERROR] LogOutputStream:75 - [STDERR_REDIRECT] [Fatal Error] :1:1: Premature end of file.
2025-03-23 10:55:48,004 [ERROR] LogOutputStream:75 - [STDERR_REDIRECT] 
2025-03-23 10:55:49,004 [ERROR] LogOutputStream:75 - [STDERR_REDIRECT] [Fatal Error] :1:1: Premature end of file.
2025-03-23 10:55:49,004 [ERROR] LogOutputStream:75 - [STDERR_REDIRECT] 
2025-03-23 10:55:50,004 [ERROR] LogOutputStream:75 - [STDERR_REDIRECT] [Fatal Error] :1:1: Premature end of file.
2025-03-23 10:55:50,004 [ERROR] LogOutputStream:75 - [STDERR_REDIRECT] 
2025-03-23 10:55:51,004 [ERROR] LogOutputStream:75 - [STDERR_REDIRECT] [Fatal Error] :1:1: Premature end of file.
2025-03-23 10:55:51,004 [ERROR] LogOutputStream:75 - [STDERR_REDIRECT] 
2025-03-23 10:55:52,004 [ERROR] LogOutputStream:75 - [STDERR_REDIRECT] [Fatal Error] :1:1: Premature end of file.
2025-03-23 10:55:52,004 [ERROR] LogOutputStream:75 - [STDERR_REDIRECT] 
2025-03-23 10:55:53,002 [ERROR] LogOutputStream:75 - [STDERR_REDIRECT] [Fatal Error] :1:1: Premature end of file.
2025-03-23 10:55:53,002 [ERROR] LogOutputStream:75 - [STDERR_REDIRECT] 
2025-03-23 10:55:54,006 [ERROR] LogOutputStream:75 - [STDERR_REDIRECT] [Fatal Error] :1:1: Premature end of file.
2025-03-23 10:55:54,006 [ERROR] LogOutputStream:75 - [STDERR_REDIRECT] 
2025-03-23 10:55:55,009 [ERROR] LogOutputStream:75 - [STDERR_REDIRECT] [Fatal Error] :1:1: Premature end of file.
2025-03-23 10:55:55,009 [ERROR] LogOutputStream:75 - [STDERR_REDIRECT] 
2025-03-23 10:55:56,001 [ERROR] LogOutputStream:75 - [STDERR_REDIRECT] [Fatal Error] :1:1: Premature end of file.
2025-03-23 10:55:56,001 [ERROR] LogOutputStream:75 - [STDERR_REDIRECT] 
2025-03-23 10:55:57,029 [ERROR] LogOutputStream:75 - [STDERR_REDIRECT] [Fatal Error] :1:1: Premature end of file.
2025-03-23 10:55:57,029 [ERROR] LogOutputStream:75 - [STDERR_REDIRECT] 
2025-03-23 10:55:58,003 [ERROR] LogOutputStream:75 - [STDERR_REDIRECT] [Fatal Error] :1:1: Premature end of file.
2025-03-23 10:55:58,003 [ERROR] LogOutputStream:75 - [STDERR_REDIRECT] 
2025-03-23 10:55:59,003 [ERROR] LogOutputStream:75 - [STDERR_REDIRECT] [Fatal Error] :1:1: Premature end of file.
2025-03-23 10:55:59,003 [ERROR] LogOutputStream:75 - [STDERR_REDIRECT] 
2025-03-23 10:56:00,004 [ERROR] LogOutputStream:75 - [STDERR_REDIRECT] [Fatal Error] :1:1: Premature end of file.
2025-03-23 10:56:00,004 [ERROR] LogOutputStream:75 - [STDERR_REDIRECT] 
2025-03-23 10:56:01,004 [ERROR] LogOutputStream:75 - [STDERR_REDIRECT] [Fatal Error] :1:1: Premature end of file.
2025-03-23 10:56:01,004 [ERROR] LogOutputStream:75 - [STDERR_REDIRECT] 
2025-03-23 10:56:02,003 [ERROR] LogOutputStream:75 - [STDERR_REDIRECT] [Fatal Error] :1:1: Premature end of file.
2025-03-23 10:56:02,003 [ERROR] LogOutputStream:75 - [STDERR_REDIRECT] 
2025-03-23 10:56:03,003 [ERROR] LogOutputStream:75 - [STDERR_REDIRECT] [Fatal Error] :1:1: Premature end of file.
2025-03-23 10:56:03,003 [ERROR] LogOutputStream:75 - [STDERR_REDIRECT] 
2025-03-23 10:56:04,007 [ERROR] LogOutputStream:75 - [STDERR_REDIRECT] [Fatal Error] :1:1: Premature end of file.
2025-03-23 10:56:04,007 [ERROR] LogOutputStream:75 - [STDERR_REDIRECT] 
2025-03-23 10:56:05,003 [ERROR] LogOutputStream:75 - [STDERR_REDIRECT] [Fatal Error] :1:1: Premature end of file.
2025-03-23 10:56:05,004 [ERROR] LogOutputStream:75 - [STDERR_REDIRECT] 
2025-03-23 10:56:06,013 [ERROR] LogOutputStream:75 - [STDERR_REDIRECT] [Fatal Error] :1:1: Premature end of file.
2025-03-23 10:56:06,013 [ERROR] LogOutputStream:75 - [STDERR_REDIRECT] 
2025-03-23 10:56:07,007 [ERROR] LogOutputStream:75 - [STDERR_REDIRECT] [Fatal Error] :1:1: Premature end of file.
2025-03-23 10:56:07,008 [ERROR] LogOutputStream:75 - [STDERR_REDIRECT] 
2025-03-23 10:56:08,012 [ERROR] LogOutputStream:75 - [STDERR_REDIRECT] [Fatal Error] :1:1: Premature end of file.
2025-03-23 10:56:08,012 [ERROR] LogOutputStream:75 - [STDERR_REDIRECT] 
2025-03-23 10:56:09,010 [ERROR] LogOutputStream:75 - [STDERR_REDIRECT] [Fatal Error] :1:1: Premature end of file.
2025-03-23 10:56:09,010 [ERROR] LogOutputStream:75 - [STDERR_REDIRECT] 
2025-03-23 10:56:10,001 [ERROR] LogOutputStream:75 - [STDERR_REDIRECT] [Fatal Error] :1:1: Premature end of file.
2025-03-23 10:56:10,001 [ERROR] LogOutputStream:75 - [STDERR_REDIRECT] 
2025-03-23 10:56:11,000 [ERROR] LogOutputStream:75 - [STDERR_REDIRECT] [Fatal Error] :1:1: Premature end of file.
2025-03-23 10:56:11,000 [ERROR] LogOutputStream:75 - [STDERR_REDIRECT] 
2025-03-23 10:56:12,002 [ERROR] LogOutputStream:75 - [STDERR_REDIRECT] [Fatal Error] :1:1: Premature end of file.
2025-03-23 10:56:12,002 [ERROR] LogOutputStream:75 - [STDERR_REDIRECT] 
2025-03-23 10:56:12,999 [ERROR] LogOutputStream:75 - [STDERR_REDIRECT] [Fatal Error] :1:1: Premature end of file.
2025-03-23 10:56:13,000 [ERROR] LogOutputStream:75 - [STDERR_REDIRECT] 
2025-03-23 10:56:14,004 [ERROR] LogOutputStream:75 - [STDERR_REDIRECT] [Fatal Error] :1:1: Premature end of file.
2025-03-23 10:56:14,004 [ERROR] LogOutputStream:75 - [STDERR_REDIRECT] 
2025-03-23 10:56:15,000 [ERROR] LogOutputStream:75 - [STDERR_REDIRECT] [Fatal Error] :1:1: Premature end of file.
2025-03-23 10:56:15,000 [ERROR] LogOutputStream:75 - [STDERR_REDIRECT] 
2025-03-23 10:56:16,006 [ERROR] LogOutputStream:75 - [STDERR_REDIRECT] [Fatal Error] :1:1: Premature end of file.
2025-03-23 10:56:16,006 [ERROR] LogOutputStream:75 - [STDERR_REDIRECT] 
2025-03-23 10:56:17,000 [ERROR] LogOutputStream:75 - [STDERR_REDIRECT] [Fatal Error] :1:1: Premature end of file.
2025-03-23 10:56:17,000 [ERROR] LogOutputStream:75 - [STDERR_REDIRECT] 
2025-03-23 10:56:18,006 [ERROR] LogOutputStream:75 - [STDERR_REDIRECT] [Fatal Error] :1:1: Premature end of file.
2025-03-23 10:56:18,006 [ERROR] LogOutputStream:75 - [STDERR_REDIRECT] 
2025-03-23 10:56:19,003 [ERROR] LogOutputStream:75 - [STDERR_REDIRECT] [Fatal Error] :1:1: Premature end of file.
2025-03-23 10:56:19,003 [ERROR] LogOutputStream:75 - [STDERR_REDIRECT] 
2025-03-23 10:56:20,002 [ERROR] LogOutputStream:75 - [STDERR_REDIRECT] [Fatal Error] :1:1: Premature end of file.
2025-03-23 10:56:20,002 [ERROR] LogOutputStream:75 - [STDERR_REDIRECT] 
2025-03-23 10:56:21,005 [ERROR] LogOutputStream:75 - [STDERR_REDIRECT] [Fatal Error] :1:1: Premature end of file.
2025-03-23 10:56:21,005 [ERROR] LogOutputStream:75 - [STDERR_REDIRECT] 
2025-03-23 10:56:22,004 [ERROR] LogOutputStream:75 - [STDERR_REDIRECT] [Fatal Error] :1:1: Premature end of file.
2025-03-23 10:56:22,005 [ERROR] LogOutputStream:75 - [STDERR_REDIRECT] 
2025-03-23 10:56:23,002 [ERROR] LogOutputStream:75 - [STDERR_REDIRECT] [Fatal Error] :1:1: Premature end of file.
2025-03-23 10:56:23,002 [ERROR] LogOutputStream:75 - [STDERR_REDIRECT] 
2025-03-23 10:56:24,004 [ERROR] LogOutputStream:75 - [STDERR_REDIRECT] [Fatal Error] :1:1: Premature end of file.
2025-03-23 10:56:24,004 [ERROR] LogOutputStream:75 - [STDERR_REDIRECT] 
2025-03-23 10:56:25,002 [ERROR] LogOutputStream:75 - [STDERR_REDIRECT] [Fatal Error] :1:1: Premature end of file.
2025-03-23 10:56:25,003 [ERROR] LogOutputStream:75 - [STDERR_REDIRECT] 
2025-03-23 10:56:26,000 [ERROR] LogOutputStream:75 - [STDERR_REDIRECT] [Fatal Error] :1:1: Premature end of file.
2025-03-23 10:56:26,001 [ERROR] LogOutputStream:75 - [STDERR_REDIRECT] 
2025-03-23 10:56:27,005 [ERROR] LogOutputStream:75 - [STDERR_REDIRECT] [Fatal Error] :1:1: Premature end of file.
2025-03-23 10:56:27,005 [ERROR] LogOutputStream:75 - [STDERR_REDIRECT] 
2025-03-23 10:56:28,010 [ERROR] LogOutputStream:75 - [STDERR_REDIRECT] [Fatal Error] :1:1: Premature end of file.
2025-03-23 10:56:28,010 [ERROR] LogOutputStream:75 - [STDERR_REDIRECT] 
2025-03-23 10:56:29,000 [ERROR] LogOutputStream:75 - [STDERR_REDIRECT] [Fatal Error] :1:1: Premature end of file.
2025-03-23 10:56:29,000 [ERROR] LogOutputStream:75 - [STDERR_REDIRECT] 
2025-03-23 10:56:30,001 [ERROR] LogOutputStream:75 - [STDERR_REDIRECT] [Fatal Error] :1:1: Premature end of file.
2025-03-23 10:56:30,001 [ERROR] LogOutputStream:75 - [STDERR_REDIRECT] 
2025-03-23 10:56:31,004 [ERROR] LogOutputStream:75 - [STDERR_REDIRECT] [Fatal Error] :1:1: Premature end of file.
2025-03-23 10:56:31,004 [ERROR] LogOutputStream:75 - [STDERR_REDIRECT] 
2025-03-23 10:56:32,003 [ERROR] LogOutputStream:75 - [STDERR_REDIRECT] [Fatal Error] :1:1: Premature end of file.
2025-03-23 10:56:32,003 [ERROR] LogOutputStream:75 - [STDERR_REDIRECT] 
2025-03-23 10:56:33,006 [ERROR] LogOutputStream:75 - [STDERR_REDIRECT] [Fatal Error] :1:1: Premature end of file.
2025-03-23 10:56:33,007 [ERROR] LogOutputStream:75 - [STDERR_REDIRECT] 
2025-03-23 10:56:34,002 [ERROR] LogOutputStream:75 - [STDERR_REDIRECT] [Fatal Error] :1:1: Premature end of file.
2025-03-23 10:56:34,002 [ERROR] LogOutputStream:75 - [STDERR_REDIRECT] 
2025-03-23 10:56:35,004 [ERROR] LogOutputStream:75 - [STDERR_REDIRECT] [Fatal Error] :1:1: Premature end of file.
2025-03-23 10:56:35,004 [ERROR] LogOutputStream:75 - [STDERR_REDIRECT] 
2025-03-23 10:56:36,007 [ERROR] LogOutputStream:75 - [STDERR_REDIRECT] [Fatal Error] :1:1: Premature end of file.
2025-03-23 10:56:36,008 [ERROR] LogOutputStream:75 - [STDERR_REDIRECT] 
2025-03-23 10:56:37,002 [ERROR] LogOutputStream:75 - [STDERR_REDIRECT] [Fatal Error] :1:1: Premature end of file.
2025-03-23 10:56:37,003 [ERROR] LogOutputStream:75 - [STDERR_REDIRECT] 
2025-03-23 10:56:38,003 [ERROR] LogOutputStream:75 - [STDERR_REDIRECT] [Fatal Error] :1:1: Premature end of file.
2025-03-23 10:56:38,003 [ERROR] LogOutputStream:75 - [STDERR_REDIRECT] 
2025-03-23 10:56:39,002 [ERROR] LogOutputStream:75 - [STDERR_REDIRECT] [Fatal Error] :1:1: Premature end of file.
2025-03-23 10:56:39,002 [ERROR] LogOutputStream:75 - [STDERR_REDIRECT] 
2025-03-23 10:56:40,001 [ERROR] LogOutputStream:75 - [STDERR_REDIRECT] [Fatal Error] :1:1: Premature end of file.
2025-03-23 10:56:40,002 [ERROR] LogOutputStream:75 - [STDERR_REDIRECT] 
2025-03-23 10:56:41,004 [ERROR] LogOutputStream:75 - [STDERR_REDIRECT] [Fatal Error] :1:1: Premature end of file.
2025-03-23 10:56:41,004 [ERROR] LogOutputStream:75 - [STDERR_REDIRECT] 
2025-03-23 10:56:42,004 [ERROR] LogOutputStream:75 - [STDERR_REDIRECT] [Fatal Error] :1:1: Premature end of file.
2025-03-23 10:56:42,004 [ERROR] LogOutputStream:75 - [STDERR_REDIRECT] 
2025-03-23 10:56:43,002 [ERROR] LogOutputStream:75 - [STDERR_REDIRECT] [Fatal Error] :1:1: Premature end of file.
2025-03-23 10:56:43,003 [ERROR] LogOutputStream:75 - [STDERR_REDIRECT] 
2025-03-23 10:56:44,004 [ERROR] LogOutputStream:75 - [STDERR_REDIRECT] [Fatal Error] :1:1: Premature end of file.
2025-03-23 10:56:44,004 [ERROR] LogOutputStream:75 - [STDERR_REDIRECT] 
2025-03-23 10:56:45,002 [ERROR] LogOutputStream:75 - [STDERR_REDIRECT] [Fatal Error] :1:1: Premature end of file.
2025-03-23 10:56:45,002 [ERROR] LogOutputStream:75 - [STDERR_REDIRECT] 
2025-03-23 10:56:46,004 [ERROR] LogOutputStream:75 - [STDERR_REDIRECT] [Fatal Error] :1:1: Premature end of file.
2025-03-23 10:56:46,004 [ERROR] LogOutputStream:75 - [STDERR_REDIRECT] 
2025-03-23 10:56:47,002 [ERROR] LogOutputStream:75 - [STDERR_REDIRECT] [Fatal Error] :1:1: Premature end of file.
2025-03-23 10:56:47,003 [ERROR] LogOutputStream:75 - [STDERR_REDIRECT] 
2025-03-23 10:56:48,003 [ERROR] LogOutputStream:75 - [STDERR_REDIRECT] [Fatal Error] :1:1: Premature end of file.
2025-03-23 10:56:48,004 [ERROR] LogOutputStream:75 - [STDERR_REDIRECT] 
2025-03-23 10:56:49,000 [ERROR] LogOutputStream:75 - [STDERR_REDIRECT] [Fatal Error] :1:1: Premature end of file.
2025-03-23 10:56:49,000 [ERROR] LogOutputStream:75 - [STDERR_REDIRECT] 
2025-03-23 10:56:50,002 [ERROR] LogOutputStream:75 - [STDERR_REDIRECT] [Fatal Error] :1:1: Premature end of file.
2025-03-23 10:56:50,002 [ERROR] LogOutputStream:75 - [STDERR_REDIRECT] 
2025-03-23 10:56:51,003 [ERROR] LogOutputStream:75 - [STDERR_REDIRECT] [Fatal Error] :1:1: Premature end of file.
2025-03-23 10:56:51,004 [ERROR] LogOutputStream:75 - [STDERR_REDIRECT] 
2025-03-23 10:56:52,004 [ERROR] LogOutputStream:75 - [STDERR_REDIRECT] [Fatal Error] :1:1: Premature end of file.
2025-03-23 10:56:52,005 [ERROR] LogOutputStream:75 - [STDERR_REDIRECT] 
2025-03-23 10:56:53,009 [ERROR] LogOutputStream:75 - [STDERR_REDIRECT] [Fatal Error] :1:1: Premature end of file.
2025-03-23 10:56:53,009 [ERROR] LogOutputStream:75 - [STDERR_REDIRECT] 
2025-03-23 10:56:54,010 [ERROR] LogOutputStream:75 - [STDERR_REDIRECT] [Fatal Error] :1:1: Premature end of file.
2025-03-23 10:56:54,010 [ERROR] LogOutputStream:75 - [STDERR_REDIRECT] 
2025-03-23 10:56:55,002 [ERROR] LogOutputStream:75 - [STDERR_REDIRECT] [Fatal Error] :1:1: Premature end of file.
2025-03-23 10:56:55,002 [ERROR] LogOutputStream:75 - [STDERR_REDIRECT] 
2025-03-23 10:56:56,003 [ERROR] LogOutputStream:75 - [STDERR_REDIRECT] [Fatal Error] :1:1: Premature end of file.
2025-03-23 10:56:56,003 [ERROR] LogOutputStream:75 - [STDERR_REDIRECT] 
2025-03-23 10:56:57,004 [ERROR] LogOutputStream:75 - [STDERR_REDIRECT] [Fatal Error] :1:1: Premature end of file.
2025-03-23 10:56:57,004 [ERROR] LogOutputStream:75 - [STDERR_REDIRECT] 
2025-03-23 10:56:58,002 [ERROR] LogOutputStream:75 - [STDERR_REDIRECT] [Fatal Error] :1:1: Premature end of file.
2025-03-23 10:56:58,002 [ERROR] LogOutputStream:75 - [STDERR_REDIRECT] 
2025-03-23 10:56:59,006 [ERROR] LogOutputStream:75 - [STDERR_REDIRECT] [Fatal Error] :1:1: Premature end of file.
2025-03-23 10:56:59,006 [ERROR] LogOutputStream:75 - [STDERR_REDIRECT] 
2025-03-23 10:57:00,003 [ERROR] LogOutputStream:75 - [STDERR_REDIRECT] [Fatal Error] :1:1: Premature end of file.
2025-03-23 10:57:00,003 [ERROR] LogOutputStream:75 - [STDERR_REDIRECT] 
2025-03-23 10:57:01,000 [ERROR] LogOutputStream:75 - [STDERR_REDIRECT] [Fatal Error] :1:1: Premature end of file.
2025-03-23 10:57:01,000 [ERROR] LogOutputStream:75 - [STDERR_REDIRECT] 
2025-03-23 10:57:02,005 [ERROR] LogOutputStream:75 - [STDERR_REDIRECT] [Fatal Error] :1:1: Premature end of file.
2025-03-23 10:57:02,005 [ERROR] LogOutputStream:75 - [STDERR_REDIRECT] 
2025-03-23 10:57:03,007 [ERROR] LogOutputStream:75 - [STDERR_REDIRECT] [Fatal Error] :1:1: Premature end of file.
2025-03-23 10:57:03,007 [ERROR] LogOutputStream:75 - [STDERR_REDIRECT] 
2025-03-23 10:57:04,000 [ERROR] LogOutputStream:75 - [STDERR_REDIRECT] [Fatal Error] :1:1: Premature end of file.
2025-03-23 10:57:04,000 [ERROR] LogOutputStream:75 - [STDERR_REDIRECT] 
2025-03-23 10:57:05,004 [ERROR] LogOutputStream:75 - [STDERR_REDIRECT] [Fatal Error] :1:1: Premature end of file.
2025-03-23 10:57:05,004 [ERROR] LogOutputStream:75 - [STDERR_REDIRECT] 
2025-03-23 10:57:06,005 [ERROR] LogOutputStream:75 - [STDERR_REDIRECT] [Fatal Error] :1:1: Premature end of file.
2025-03-23 10:57:06,005 [ERROR] LogOutputStream:75 - [STDERR_REDIRECT] 
2025-03-23 10:57:06,998 [ERROR] LogOutputStream:75 - [STDERR_REDIRECT] [Fatal Error] :1:1: Premature end of file.
2025-03-23 10:57:07,005 [ERROR] LogOutputStream:75 - [STDERR_REDIRECT] 
2025-03-23 10:57:07,997 [ERROR] LogOutputStream:75 - [STDERR_REDIRECT] [Fatal Error] :1:1: Premature end of file.
2025-03-23 10:57:07,997 [ERROR] LogOutputStream:75 - [STDERR_REDIRECT] 
2025-03-23 10:57:09,011 [ERROR] LogOutputStream:75 - [STDERR_REDIRECT] [Fatal Error] :1:1: Premature end of file.
2025-03-23 10:57:09,011 [ERROR] LogOutputStream:75 - [STDERR_REDIRECT] 
2025-03-23 10:57:09,997 [ERROR] LogOutputStream:75 - [STDERR_REDIRECT] [Fatal Error] :1:1: Premature end of file.
2025-03-23 10:57:09,997 [ERROR] LogOutputStream:75 - [STDERR_REDIRECT] 
2025-03-23 10:57:10,997 [ERROR] LogOutputStream:75 - [STDERR_REDIRECT] [Fatal Error] :1:1: Premature end of file.
2025-03-23 10:57:10,997 [ERROR] LogOutputStream:75 - [STDERR_REDIRECT] 
2025-03-23 10:57:11,998 [ERROR] LogOutputStream:75 - [STDERR_REDIRECT] [Fatal Error] :1:1: Premature end of file.
2025-03-23 10:57:11,998 [ERROR] LogOutputStream:75 - [STDERR_REDIRECT] 
2025-03-23 10:57:13,005 [ERROR] LogOutputStream:75 - [STDERR_REDIRECT] [Fatal Error] :1:1: Premature end of file.
2025-03-23 10:57:13,005 [ERROR] LogOutputStream:75 - [STDERR_REDIRECT] 
2025-03-23 10:57:14,000 [ERROR] LogOutputStream:75 - [STDERR_REDIRECT] [Fatal Error] :1:1: Premature end of file.
2025-03-23 10:57:14,000 [ERROR] LogOutputStream:75 - [STDERR_REDIRECT] 
2025-03-23 10:57:15,003 [ERROR] LogOutputStream:75 - [STDERR_REDIRECT] [Fatal Error] :1:1: Premature end of file.
2025-03-23 10:57:15,003 [ERROR] LogOutputStream:75 - [STDERR_REDIRECT] 
2025-03-23 10:57:16,034 [ERROR] LogOutputStream:75 - [STDERR_REDIRECT] [Fatal Error] :1:1: Premature end of file.
2025-03-23 10:57:16,034 [ERROR] LogOutputStream:75 - [STDERR_REDIRECT] 
2025-03-23 10:57:16,994 [ERROR] LogOutputStream:75 - [STDERR_REDIRECT] [Fatal Error] :1:1: Premature end of file.
2025-03-23 10:57:16,994 [ERROR] LogOutputStream:75 - [STDERR_REDIRECT] 
2025-03-23 10:57:18,009 [ERROR] LogOutputStream:75 - [STDERR_REDIRECT] [Fatal Error] :1:1: Premature end of file.
2025-03-23 10:57:18,009 [ERROR] LogOutputStream:75 - [STDERR_REDIRECT] 
2025-03-23 10:57:19,008 [ERROR] LogOutputStream:75 - [STDERR_REDIRECT] [Fatal Error] :1:1: Premature end of file.
2025-03-23 10:57:19,008 [ERROR] LogOutputStream:75 - [STDERR_REDIRECT] 
2025-03-23 10:57:20,001 [ERROR] LogOutputStream:75 - [STDERR_REDIRECT] [Fatal Error] :1:1: Premature end of file.
2025-03-23 10:57:20,002 [ERROR] LogOutputStream:75 - [STDERR_REDIRECT] 
2025-03-23 10:57:21,010 [ERROR] LogOutputStream:75 - [STDERR_REDIRECT] [Fatal Error] :1:1: Premature end of file.
2025-03-23 10:57:21,012 [ERROR] LogOutputStream:75 - [STDERR_REDIRECT] 
2025-03-23 10:57:22,010 [ERROR] LogOutputStream:75 - [STDERR_REDIRECT] [Fatal Error] :1:1: Premature end of file.
2025-03-23 10:57:22,010 [ERROR] LogOutputStream:75 - [STDERR_REDIRECT] 
2025-03-23 10:57:23,019 [ERROR] LogOutputStream:75 - [STDERR_REDIRECT] [Fatal Error] :1:1: Premature end of file.
2025-03-23 10:57:23,019 [ERROR] LogOutputStream:75 - [STDERR_REDIRECT] 
2025-03-23 10:57:23,998 [ERROR] LogOutputStream:75 - [STDERR_REDIRECT] [Fatal Error] :1:1: Premature end of file.
2025-03-23 10:57:23,999 [ERROR] LogOutputStream:75 - [STDERR_REDIRECT] 
2025-03-23 10:57:24,997 [ERROR] LogOutputStream:75 - [STDERR_REDIRECT] [Fatal Error] :1:1: Premature end of file.
2025-03-23 10:57:24,997 [ERROR] LogOutputStream:75 - [STDERR_REDIRECT] 
2025-03-23 10:57:26,000 [ERROR] LogOutputStream:75 - [STDERR_REDIRECT] [Fatal Error] :1:1: Premature end of file.
2025-03-23 10:57:26,000 [ERROR] LogOutputStream:75 - [STDERR_REDIRECT] 
2025-03-23 10:57:27,018 [ERROR] LogOutputStream:75 - [STDERR_REDIRECT] [Fatal Error] :1:1: Premature end of file.
2025-03-23 10:57:27,018 [ERROR] LogOutputStream:75 - [STDERR_REDIRECT] 
2025-03-23 10:57:28,010 [ERROR] LogOutputStream:75 - [STDERR_REDIRECT] [Fatal Error] :1:1: Premature end of file.
2025-03-23 10:57:28,011 [ERROR] LogOutputStream:75 - [STDERR_REDIRECT] 
2025-03-23 10:57:29,010 [ERROR] LogOutputStream:75 - [STDERR_REDIRECT] [Fatal Error] :1:1: Premature end of file.
2025-03-23 10:57:29,010 [ERROR] LogOutputStream:75 - [STDERR_REDIRECT] 
2025-03-23 10:57:30,005 [ERROR] LogOutputStream:75 - [STDERR_REDIRECT] [Fatal Error] :1:1: Premature end of file.
2025-03-23 10:57:30,005 [ERROR] LogOutputStream:75 - [STDERR_REDIRECT] 
2025-03-23 10:57:31,005 [ERROR] LogOutputStream:75 - [STDERR_REDIRECT] [Fatal Error] :1:1: Premature end of file.
2025-03-23 10:57:31,005 [ERROR] LogOutputStream:75 - [STDERR_REDIRECT] 
2025-03-23 10:57:32,017 [ERROR] LogOutputStream:75 - [STDERR_REDIRECT] [Fatal Error] :1:1: Premature end of file.
2025-03-23 10:57:32,017 [ERROR] LogOutputStream:75 - [STDERR_REDIRECT] 
2025-03-23 10:57:33,015 [ERROR] LogOutputStream:75 - [STDERR_REDIRECT] [Fatal Error] :1:1: Premature end of file.
2025-03-23 10:57:33,015 [ERROR] LogOutputStream:75 - [STDERR_REDIRECT] 
2025-03-23 10:57:34,004 [ERROR] LogOutputStream:75 - [STDERR_REDIRECT] [Fatal Error] :1:1: Premature end of file.
2025-03-23 10:57:34,004 [ERROR] LogOutputStream:75 - [STDERR_REDIRECT] 
2025-03-23 10:57:35,003 [ERROR] LogOutputStream:75 - [STDERR_REDIRECT] [Fatal Error] :1:1: Premature end of file.
2025-03-23 10:57:35,003 [ERROR] LogOutputStream:75 - [STDERR_REDIRECT] 
2025-03-23 10:57:36,011 [ERROR] LogOutputStream:75 - [STDERR_REDIRECT] [Fatal Error] :1:1: Premature end of file.
2025-03-23 10:57:36,011 [ERROR] LogOutputStream:75 - [STDERR_REDIRECT] 
2025-03-23 10:57:37,004 [ERROR] LogOutputStream:75 - [STDERR_REDIRECT] [Fatal Error] :1:1: Premature end of file.
2025-03-23 10:57:37,005 [ERROR] LogOutputStream:75 - [STDERR_REDIRECT] 
2025-03-23 10:57:38,004 [ERROR] LogOutputStream:75 - [STDERR_REDIRECT] [Fatal Error] :1:1: Premature end of file.
2025-03-23 10:57:38,004 [ERROR] LogOutputStream:75 - [STDERR_REDIRECT] 
2025-03-23 10:57:38,999 [ERROR] LogOutputStream:75 - [STDERR_REDIRECT] [Fatal Error] :1:1: Premature end of file.
2025-03-23 10:57:38,999 [ERROR] LogOutputStream:75 - [STDERR_REDIRECT] 
2025-03-23 10:57:40,003 [ERROR] LogOutputStream:75 - [STDERR_REDIRECT] [Fatal Error] :1:1: Premature end of file.
2025-03-23 10:57:40,003 [ERROR] LogOutputStream:75 - [STDERR_REDIRECT] 
2025-03-23 10:57:41,002 [ERROR] LogOutputStream:75 - [STDERR_REDIRECT] [Fatal Error] :1:1: Premature end of file.
2025-03-23 10:57:41,002 [ERROR] LogOutputStream:75 - [STDERR_REDIRECT] 
2025-03-23 10:57:42,001 [ERROR] LogOutputStream:75 - [STDERR_REDIRECT] [Fatal Error] :1:1: Premature end of file.
2025-03-23 10:57:42,001 [ERROR] LogOutputStream:75 - [STDERR_REDIRECT] 
2025-03-23 10:57:43,001 [ERROR] LogOutputStream:75 - [STDERR_REDIRECT] [Fatal Error] :1:1: Premature end of file.
2025-03-23 10:57:43,001 [ERROR] LogOutputStream:75 - [STDERR_REDIRECT] 
2025-03-23 10:57:44,004 [ERROR] LogOutputStream:75 - [STDERR_REDIRECT] [Fatal Error] :1:1: Premature end of file.
2025-03-23 10:57:44,004 [ERROR] LogOutputStream:75 - [STDERR_REDIRECT] 
2025-03-23 10:57:45,001 [ERROR] LogOutputStream:75 - [STDERR_REDIRECT] [Fatal Error] :1:1: Premature end of file.
2025-03-23 10:57:45,001 [ERROR] LogOutputStream:75 - [STDERR_REDIRECT] 
2025-03-23 10:57:46,003 [ERROR] LogOutputStream:75 - [STDERR_REDIRECT] [Fatal Error] :1:1: Premature end of file.
2025-03-23 10:57:46,003 [ERROR] LogOutputStream:75 - [STDERR_REDIRECT] 
2025-03-23 10:57:47,002 [ERROR] LogOutputStream:75 - [STDERR_REDIRECT] [Fatal Error] :1:1: Premature end of file.
2025-03-23 10:57:47,003 [ERROR] LogOutputStream:75 - [STDERR_REDIRECT] 
2025-03-23 10:57:48,000 [ERROR] LogOutputStream:75 - [STDERR_REDIRECT] [Fatal Error] :1:1: Premature end of file.
2025-03-23 10:57:48,000 [ERROR] LogOutputStream:75 - [STDERR_REDIRECT] 
2025-03-23 10:57:49,005 [ERROR] LogOutputStream:75 - [STDERR_REDIRECT] [Fatal Error] :1:1: Premature end of file.
2025-03-23 10:57:49,005 [ERROR] LogOutputStream:75 - [STDERR_REDIRECT] 
2025-03-23 10:57:50,002 [ERROR] LogOutputStream:75 - [STDERR_REDIRECT] [Fatal Error] :1:1: Premature end of file.
2025-03-23 10:57:50,002 [ERROR] LogOutputStream:75 - [STDERR_REDIRECT] 
2025-03-23 10:57:51,004 [ERROR] LogOutputStream:75 - [STDERR_REDIRECT] [Fatal Error] :1:1: Premature end of file.
2025-03-23 10:57:51,004 [ERROR] LogOutputStream:75 - [STDERR_REDIRECT] 
2025-03-23 10:57:52,000 [ERROR] LogOutputStream:75 - [STDERR_REDIRECT] [Fatal Error] :1:1: Premature end of file.
2025-03-23 10:57:52,000 [ERROR] LogOutputStream:75 - [STDERR_REDIRECT] 
2025-03-23 10:57:53,007 [ERROR] LogOutputStream:75 - [STDERR_REDIRECT] [Fatal Error] :1:1: Premature end of file.
2025-03-23 10:57:53,009 [ERROR] LogOutputStream:75 - [STDERR_REDIRECT] 
2025-03-23 10:57:54,002 [ERROR] LogOutputStream:75 - [STDERR_REDIRECT] [Fatal Error] :1:1: Premature end of file.
2025-03-23 10:57:54,002 [ERROR] LogOutputStream:75 - [STDERR_REDIRECT] 
2025-03-23 10:57:55,004 [ERROR] LogOutputStream:75 - [STDERR_REDIRECT] [Fatal Error] :1:1: Premature end of file.
2025-03-23 10:57:55,004 [ERROR] LogOutputStream:75 - [STDERR_REDIRECT] 
2025-03-23 10:57:56,006 [ERROR] LogOutputStream:75 - [STDERR_REDIRECT] [Fatal Error] :1:1: Premature end of file.
2025-03-23 10:57:56,006 [ERROR] LogOutputStream:75 - [STDERR_REDIRECT] 
2025-03-23 10:57:57,004 [ERROR] LogOutputStream:75 - [STDERR_REDIRECT] [Fatal Error] :1:1: Premature end of file.
2025-03-23 10:57:57,004 [ERROR] LogOutputStream:75 - [STDERR_REDIRECT] 
2025-03-23 10:57:58,001 [ERROR] LogOutputStream:75 - [STDERR_REDIRECT] [Fatal Error] :1:1: Premature end of file.
2025-03-23 10:57:58,001 [ERROR] LogOutputStream:75 - [STDERR_REDIRECT] 
2025-03-23 10:57:59,014 [ERROR] LogOutputStream:75 - [STDERR_REDIRECT] [Fatal Error] :1:1: Premature end of file.
2025-03-23 10:57:59,014 [ERROR] LogOutputStream:75 - [STDERR_REDIRECT] 
2025-03-23 10:58:00,004 [ERROR] LogOutputStream:75 - [STDERR_REDIRECT] [Fatal Error] :1:1: Premature end of file.
2025-03-23 10:58:00,004 [ERROR] LogOutputStream:75 - [STDERR_REDIRECT] 
2025-03-23 10:58:01,007 [ERROR] LogOutputStream:75 - [STDERR_REDIRECT] [Fatal Error] :1:1: Premature end of file.
2025-03-23 10:58:01,007 [ERROR] LogOutputStream:75 - [STDERR_REDIRECT] 
2025-03-23 10:58:02,000 [ERROR] LogOutputStream:75 - [STDERR_REDIRECT] [Fatal Error] :1:1: Premature end of file.
2025-03-23 10:58:02,000 [ERROR] LogOutputStream:75 - [STDERR_REDIRECT] 
2025-03-23 10:58:03,000 [ERROR] LogOutputStream:75 - [STDERR_REDIRECT] [Fatal Error] :1:1: Premature end of file.
2025-03-23 10:58:03,000 [ERROR] LogOutputStream:75 - [STDERR_REDIRECT] 
2025-03-23 10:58:04,005 [ERROR] LogOutputStream:75 - [STDERR_REDIRECT] [Fatal Error] :1:1: Premature end of file.
2025-03-23 10:58:04,005 [ERROR] LogOutputStream:75 - [STDERR_REDIRECT] 
2025-03-23 10:58:04,996 [ERROR] LogOutputStream:75 - [STDERR_REDIRECT] [Fatal Error] :1:1: Premature end of file.
2025-03-23 10:58:04,996 [ERROR] LogOutputStream:75 - [STDERR_REDIRECT] 
2025-03-23 10:58:06,009 [ERROR] LogOutputStream:75 - [STDERR_REDIRECT] [Fatal Error] :1:1: Premature end of file.
2025-03-23 10:58:06,009 [ERROR] LogOutputStream:75 - [STDERR_REDIRECT] 
2025-03-23 10:58:07,003 [ERROR] LogOutputStream:75 - [STDERR_REDIRECT] [Fatal Error] :1:1: Premature end of file.
2025-03-23 10:58:07,003 [ERROR] LogOutputStream:75 - [STDERR_REDIRECT] 
2025-03-23 10:58:07,996 [ERROR] LogOutputStream:75 - [STDERR_REDIRECT] [Fatal Error] :1:1: Premature end of file.
2025-03-23 10:58:07,996 [ERROR] LogOutputStream:75 - [STDERR_REDIRECT] 
2025-03-23 10:58:08,999 [ERROR] LogOutputStream:75 - [STDERR_REDIRECT] [Fatal Error] :1:1: Premature end of file.
2025-03-23 10:58:08,999 [ERROR] LogOutputStream:75 - [STDERR_REDIRECT] 
2025-03-23 10:58:10,005 [ERROR] LogOutputStream:75 - [STDERR_REDIRECT] [Fatal Error] :1:1: Premature end of file.
2025-03-23 10:58:10,005 [ERROR] LogOutputStream:75 - [STDERR_REDIRECT] 
2025-03-23 10:58:11,001 [ERROR] LogOutputStream:75 - [STDERR_REDIRECT] [Fatal Error] :1:1: Premature end of file.
2025-03-23 10:58:11,001 [ERROR] LogOutputStream:75 - [STDERR_REDIRECT] 
2025-03-23 10:58:12,014 [ERROR] LogOutputStream:75 - [STDERR_REDIRECT] [Fatal Error] :1:1: Premature end of file.
2025-03-23 10:58:12,014 [ERROR] LogOutputStream:75 - [STDERR_REDIRECT] 
2025-03-23 10:58:13,000 [ERROR] LogOutputStream:75 - [STDERR_REDIRECT] [Fatal Error] :1:1: Premature end of file.
2025-03-23 10:58:13,000 [ERROR] LogOutputStream:75 - [STDERR_REDIRECT] 
2025-03-23 10:58:13,997 [ERROR] LogOutputStream:75 - [STDERR_REDIRECT] [Fatal Error] :1:1: Premature end of file.
2025-03-23 10:58:13,997 [ERROR] LogOutputStream:75 - [STDERR_REDIRECT] 
2025-03-23 10:58:15,009 [ERROR] LogOutputStream:75 - [STDERR_REDIRECT] [Fatal Error] :1:1: Premature end of file.
2025-03-23 10:58:15,009 [ERROR] LogOutputStream:75 - [STDERR_REDIRECT] 
2025-03-23 10:58:15,995 [ERROR] LogOutputStream:75 - [STDERR_REDIRECT] [Fatal Error] :1:1: Premature end of file.
2025-03-23 10:58:15,995 [ERROR] LogOutputStream:75 - [STDERR_REDIRECT] 
2025-03-23 10:58:17,002 [ERROR] LogOutputStream:75 - [STDERR_REDIRECT] [Fatal Error] :1:1: Premature end of file.
2025-03-23 10:58:17,002 [ERROR] LogOutputStream:75 - [STDERR_REDIRECT] 
2025-03-23 10:58:18,000 [ERROR] LogOutputStream:75 - [STDERR_REDIRECT] [Fatal Error] :1:1: Premature end of file.
2025-03-23 10:58:18,000 [ERROR] LogOutputStream:75 - [STDERR_REDIRECT] 
2025-03-23 10:58:19,012 [ERROR] LogOutputStream:75 - [STDERR_REDIRECT] [Fatal Error] :1:1: Premature end of file.
2025-03-23 10:58:19,012 [ERROR] LogOutputStream:75 - [STDERR_REDIRECT] 
2025-03-23 10:58:20,006 [ERROR] LogOutputStream:75 - [STDERR_REDIRECT] [Fatal Error] :1:1: Premature end of file.
2025-03-23 10:58:20,007 [ERROR] LogOutputStream:75 - [STDERR_REDIRECT] 
2025-03-23 10:58:21,005 [ERROR] LogOutputStream:75 - [STDERR_REDIRECT] [Fatal Error] :1:1: Premature end of file.
2025-03-23 10:58:21,006 [ERROR] LogOutputStream:75 - [STDERR_REDIRECT] 
2025-03-23 10:58:22,002 [ERROR] LogOutputStream:75 - [STDERR_REDIRECT] [Fatal Error] :1:1: Premature end of file.
2025-03-23 10:58:22,002 [ERROR] LogOutputStream:75 - [STDERR_REDIRECT] 
2025-03-23 10:58:23,006 [ERROR] LogOutputStream:75 - [STDERR_REDIRECT] [Fatal Error] :1:1: Premature end of file.
2025-03-23 10:58:23,007 [ERROR] LogOutputStream:75 - [STDERR_REDIRECT] 
2025-03-23 10:58:24,000 [ERROR] LogOutputStream:75 - [STDERR_REDIRECT] [Fatal Error] :1:1: Premature end of file.
2025-03-23 10:58:24,001 [ERROR] LogOutputStream:75 - [STDERR_REDIRECT] 
2025-03-23 10:58:25,009 [ERROR] LogOutputStream:75 - [STDERR_REDIRECT] [Fatal Error] :1:1: Premature end of file.
2025-03-23 10:58:25,009 [ERROR] LogOutputStream:75 - [STDERR_REDIRECT] 
2025-03-23 10:58:26,002 [ERROR] LogOutputStream:75 - [STDERR_REDIRECT] [Fatal Error] :1:1: Premature end of file.
2025-03-23 10:58:26,002 [ERROR] LogOutputStream:75 - [STDERR_REDIRECT] 
2025-03-23 10:58:26,998 [ERROR] LogOutputStream:75 - [STDERR_REDIRECT] [Fatal Error] :1:1: Premature end of file.
2025-03-23 10:58:26,998 [ERROR] LogOutputStream:75 - [STDERR_REDIRECT] 
2025-03-23 10:58:27,998 [ERROR] LogOutputStream:75 - [STDERR_REDIRECT] [Fatal Error] :1:1: Premature end of file.
2025-03-23 10:58:27,998 [ERROR] LogOutputStream:75 - [STDERR_REDIRECT] 
2025-03-23 10:58:28,997 [ERROR] LogOutputStream:75 - [STDERR_REDIRECT] [Fatal Error] :1:1: Premature end of file.
2025-03-23 10:58:28,997 [ERROR] LogOutputStream:75 - [STDERR_REDIRECT] 
2025-03-23 10:58:30,003 [ERROR] LogOutputStream:75 - [STDERR_REDIRECT] [Fatal Error] :1:1: Premature end of file.
2025-03-23 10:58:30,003 [ERROR] LogOutputStream:75 - [STDERR_REDIRECT] 
2025-03-23 10:58:31,002 [ERROR] LogOutputStream:75 - [STDERR_REDIRECT] [Fatal Error] :1:1: Premature end of file.
2025-03-23 10:58:31,002 [ERROR] LogOutputStream:75 - [STDERR_REDIRECT] 
2025-03-23 10:58:32,004 [ERROR] LogOutputStream:75 - [STDERR_REDIRECT] [Fatal Error] :1:1: Premature end of file.
2025-03-23 10:58:32,004 [ERROR] LogOutputStream:75 - [STDERR_REDIRECT] 
2025-03-23 10:58:33,002 [ERROR] LogOutputStream:75 - [STDERR_REDIRECT] [Fatal Error] :1:1: Premature end of file.
2025-03-23 10:58:33,002 [ERROR] LogOutputStream:75 - [STDERR_REDIRECT] 
2025-03-23 10:58:34,002 [ERROR] LogOutputStream:75 - [STDERR_REDIRECT] [Fatal Error] :1:1: Premature end of file.
2025-03-23 10:58:34,002 [ERROR] LogOutputStream:75 - [STDERR_REDIRECT] 
2025-03-23 10:58:35,003 [ERROR] LogOutputStream:75 - [STDERR_REDIRECT] [Fatal Error] :1:1: Premature end of file.
2025-03-23 10:58:35,003 [ERROR] LogOutputStream:75 - [STDERR_REDIRECT] 
2025-03-23 10:58:36,006 [ERROR] LogOutputStream:75 - [STDERR_REDIRECT] [Fatal Error] :1:1: Premature end of file.
2025-03-23 10:58:36,006 [ERROR] LogOutputStream:75 - [STDERR_REDIRECT] 
2025-03-23 10:58:37,006 [ERROR] LogOutputStream:75 - [STDERR_REDIRECT] [Fatal Error] :1:1: Premature end of file.
2025-03-23 10:58:37,006 [ERROR] LogOutputStream:75 - [STDERR_REDIRECT] 
2025-03-23 10:58:38,009 [ERROR] LogOutputStream:75 - [STDERR_REDIRECT] [Fatal Error] :1:1: Premature end of file.
2025-03-23 10:58:38,009 [ERROR] LogOutputStream:75 - [STDERR_REDIRECT] 
2025-03-23 10:58:39,001 [ERROR] LogOutputStream:75 - [STDERR_REDIRECT] [Fatal Error] :1:1: Premature end of file.
2025-03-23 10:58:39,001 [ERROR] LogOutputStream:75 - [STDERR_REDIRECT] 
2025-03-23 10:58:40,003 [ERROR] LogOutputStream:75 - [STDERR_REDIRECT] [Fatal Error] :1:1: Premature end of file.
2025-03-23 10:58:40,003 [ERROR] LogOutputStream:75 - [STDERR_REDIRECT] 
2025-03-23 10:58:41,003 [ERROR] LogOutputStream:75 - [STDERR_REDIRECT] [Fatal Error] :1:1: Premature end of file.
2025-03-23 10:58:41,003 [ERROR] LogOutputStream:75 - [STDERR_REDIRECT] 
2025-03-23 10:58:42,002 [ERROR] LogOutputStream:75 - [STDERR_REDIRECT] [Fatal Error] :1:1: Premature end of file.
2025-03-23 10:58:42,002 [ERROR] LogOutputStream:75 - [STDERR_REDIRECT] 
2025-03-23 10:58:43,001 [ERROR] LogOutputStream:75 - [STDERR_REDIRECT] [Fatal Error] :1:1: Premature end of file.
2025-03-23 10:58:43,001 [ERROR] LogOutputStream:75 - [STDERR_REDIRECT] 
2025-03-23 10:58:44,003 [ERROR] LogOutputStream:75 - [STDERR_REDIRECT] [Fatal Error] :1:1: Premature end of file.
2025-03-23 10:58:44,003 [ERROR] LogOutputStream:75 - [STDERR_REDIRECT] 
2025-03-23 10:58:45,002 [ERROR] LogOutputStream:75 - [STDERR_REDIRECT] [Fatal Error] :1:1: Premature end of file.
2025-03-23 10:58:45,002 [ERROR] LogOutputStream:75 - [STDERR_REDIRECT] 
2025-03-23 10:58:46,006 [ERROR] LogOutputStream:75 - [STDERR_REDIRECT] [Fatal Error] :1:1: Premature end of file.
2025-03-23 10:58:46,006 [ERROR] LogOutputStream:75 - [STDERR_REDIRECT] 
2025-03-23 10:58:47,000 [ERROR] LogOutputStream:75 - [STDERR_REDIRECT] [Fatal Error] :1:1: Premature end of file.
2025-03-23 10:58:47,001 [ERROR] LogOutputStream:75 - [STDERR_REDIRECT] 
2025-03-23 10:58:48,016 [ERROR] LogOutputStream:75 - [STDERR_REDIRECT] [Fatal Error] :1:1: Premature end of file.
2025-03-23 10:58:48,016 [ERROR] LogOutputStream:75 - [STDERR_REDIRECT] 
2025-03-23 10:58:49,003 [ERROR] LogOutputStream:75 - [STDERR_REDIRECT] [Fatal Error] :1:1: Premature end of file.
2025-03-23 10:58:49,003 [ERROR] LogOutputStream:75 - [STDERR_REDIRECT] 
2025-03-23 10:58:50,001 [ERROR] LogOutputStream:75 - [STDERR_REDIRECT] [Fatal Error] :1:1: Premature end of file.
2025-03-23 10:58:50,001 [ERROR] LogOutputStream:75 - [STDERR_REDIRECT] 
2025-03-23 10:58:51,002 [ERROR] LogOutputStream:75 - [STDERR_REDIRECT] [Fatal Error] :1:1: Premature end of file.
2025-03-23 10:58:51,002 [ERROR] LogOutputStream:75 - [STDERR_REDIRECT] 
2025-03-23 10:58:52,004 [ERROR] LogOutputStream:75 - [STDERR_REDIRECT] [Fatal Error] :1:1: Premature end of file.
2025-03-23 10:58:52,004 [ERROR] LogOutputStream:75 - [STDERR_REDIRECT] 
2025-03-23 10:58:53,006 [ERROR] LogOutputStream:75 - [STDERR_REDIRECT] [Fatal Error] :1:1: Premature end of file.
2025-03-23 10:58:53,006 [ERROR] LogOutputStream:75 - [STDERR_REDIRECT] 
2025-03-23 10:58:54,002 [ERROR] LogOutputStream:75 - [STDERR_REDIRECT] [Fatal Error] :1:1: Premature end of file.
2025-03-23 10:58:54,002 [ERROR] LogOutputStream:75 - [STDERR_REDIRECT] 
2025-03-23 10:58:55,002 [ERROR] LogOutputStream:75 - [STDERR_REDIRECT] [Fatal Error] :1:1: Premature end of file.
2025-03-23 10:58:55,002 [ERROR] LogOutputStream:75 - [STDERR_REDIRECT] 
2025-03-23 10:58:56,006 [ERROR] LogOutputStream:75 - [STDERR_REDIRECT] [Fatal Error] :1:1: Premature end of file.
2025-03-23 10:58:56,006 [ERROR] LogOutputStream:75 - [STDERR_REDIRECT] 
2025-03-23 10:58:57,002 [ERROR] LogOutputStream:75 - [STDERR_REDIRECT] [Fatal Error] :1:1: Premature end of file.
2025-03-23 10:58:57,002 [ERROR] LogOutputStream:75 - [STDERR_REDIRECT] 
2025-03-23 10:58:58,002 [ERROR] LogOutputStream:75 - [STDERR_REDIRECT] [Fatal Error] :1:1: Premature end of file.
2025-03-23 10:58:58,002 [ERROR] LogOutputStream:75 - [STDERR_REDIRECT] 
2025-03-23 10:58:59,007 [ERROR] LogOutputStream:75 - [STDERR_REDIRECT] [Fatal Error] :1:1: Premature end of file.
2025-03-23 10:58:59,007 [ERROR] LogOutputStream:75 - [STDERR_REDIRECT] 
2025-03-23 10:59:00,001 [ERROR] LogOutputStream:75 - [STDERR_REDIRECT] [Fatal Error] :1:1: Premature end of file.
2025-03-23 10:59:00,001 [ERROR] LogOutputStream:75 - [STDERR_REDIRECT] 
2025-03-23 10:59:00,997 [ERROR] LogOutputStream:75 - [STDERR_REDIRECT] [Fatal Error] :1:1: Premature end of file.
2025-03-23 10:59:00,998 [ERROR] LogOutputStream:75 - [STDERR_REDIRECT] 
2025-03-23 10:59:02,002 [ERROR] LogOutputStream:75 - [STDERR_REDIRECT] [Fatal Error] :1:1: Premature end of file.
2025-03-23 10:59:02,002 [ERROR] LogOutputStream:75 - [STDERR_REDIRECT] 
2025-03-23 10:59:03,002 [ERROR] LogOutputStream:75 - [STDERR_REDIRECT] [Fatal Error] :1:1: Premature end of file.
2025-03-23 10:59:03,002 [ERROR] LogOutputStream:75 - [STDERR_REDIRECT] 
2025-03-23 10:59:04,001 [ERROR] LogOutputStream:75 - [STDERR_REDIRECT] [Fatal Error] :1:1: Premature end of file.
2025-03-23 10:59:04,001 [ERROR] LogOutputStream:75 - [STDERR_REDIRECT] 
2025-03-23 10:59:05,002 [ERROR] LogOutputStream:75 - [STDERR_REDIRECT] [Fatal Error] :1:1: Premature end of file.
2025-03-23 10:59:05,002 [ERROR] LogOutputStream:75 - [STDERR_REDIRECT] 
2025-03-23 10:59:05,999 [ERROR] LogOutputStream:75 - [STDERR_REDIRECT] [Fatal Error] :1:1: Premature end of file.
2025-03-23 10:59:05,999 [ERROR] LogOutputStream:75 - [STDERR_REDIRECT] 
2025-03-23 10:59:07,009 [ERROR] LogOutputStream:75 - [STDERR_REDIRECT] [Fatal Error] :1:1: Premature end of file.
2025-03-23 10:59:07,009 [ERROR] LogOutputStream:75 - [STDERR_REDIRECT] 
2025-03-23 10:59:08,003 [ERROR] LogOutputStream:75 - [STDERR_REDIRECT] [Fatal Error] :1:1: Premature end of file.
2025-03-23 10:59:08,003 [ERROR] LogOutputStream:75 - [STDERR_REDIRECT] 
2025-03-23 10:59:09,001 [ERROR] LogOutputStream:75 - [STDERR_REDIRECT] [Fatal Error] :1:1: Premature end of file.
2025-03-23 10:59:09,001 [ERROR] LogOutputStream:75 - [STDERR_REDIRECT] 
2025-03-23 10:59:09,998 [ERROR] LogOutputStream:75 - [STDERR_REDIRECT] [Fatal Error] :1:1: Premature end of file.
2025-03-23 10:59:09,998 [ERROR] LogOutputStream:75 - [STDERR_REDIRECT] 
2025-03-23 10:59:11,005 [ERROR] LogOutputStream:75 - [STDERR_REDIRECT] [Fatal Error] :1:1: Premature end of file.
2025-03-23 10:59:11,005 [ERROR] LogOutputStream:75 - [STDERR_REDIRECT] 
2025-03-23 10:59:12,003 [ERROR] LogOutputStream:75 - [STDERR_REDIRECT] [Fatal Error] :1:1: Premature end of file.
2025-03-23 10:59:12,003 [ERROR] LogOutputStream:75 - [STDERR_REDIRECT] 
2025-03-23 10:59:13,002 [ERROR] LogOutputStream:75 - [STDERR_REDIRECT] [Fatal Error] :1:1: Premature end of file.
2025-03-23 10:59:13,002 [ERROR] LogOutputStream:75 - [STDERR_REDIRECT] 
2025-03-23 10:59:14,003 [ERROR] LogOutputStream:75 - [STDERR_REDIRECT] [Fatal Error] :1:1: Premature end of file.
2025-03-23 10:59:14,003 [ERROR] LogOutputStream:75 - [STDERR_REDIRECT] 
2025-03-23 10:59:15,007 [ERROR] LogOutputStream:75 - [STDERR_REDIRECT] [Fatal Error] :1:1: Premature end of file.
2025-03-23 10:59:15,007 [ERROR] LogOutputStream:75 - [STDERR_REDIRECT] 
2025-03-23 10:59:16,003 [ERROR] LogOutputStream:75 - [STDERR_REDIRECT] [Fatal Error] :1:1: Premature end of file.
2025-03-23 10:59:16,003 [ERROR] LogOutputStream:75 - [STDERR_REDIRECT] 
2025-03-23 10:59:17,001 [ERROR] LogOutputStream:75 - [STDERR_REDIRECT] [Fatal Error] :1:1: Premature end of file.
2025-03-23 10:59:17,001 [ERROR] LogOutputStream:75 - [STDERR_REDIRECT] 
2025-03-23 10:59:18,002 [ERROR] LogOutputStream:75 - [STDERR_REDIRECT] [Fatal Error] :1:1: Premature end of file.
2025-03-23 10:59:18,002 [ERROR] LogOutputStream:75 - [STDERR_REDIRECT] 
2025-03-23 10:59:19,003 [ERROR] LogOutputStream:75 - [STDERR_REDIRECT] [Fatal Error] :1:1: Premature end of file.
2025-03-23 10:59:19,003 [ERROR] LogOutputStream:75 - [STDERR_REDIRECT] 
2025-03-23 10:59:20,007 [ERROR] LogOutputStream:75 - [STDERR_REDIRECT] [Fatal Error] :1:1: Premature end of file.
2025-03-23 10:59:20,007 [ERROR] LogOutputStream:75 - [STDERR_REDIRECT] 
2025-03-23 10:59:21,002 [ERROR] LogOutputStream:75 - [STDERR_REDIRECT] [Fatal Error] :1:1: Premature end of file.
2025-03-23 10:59:21,002 [ERROR] LogOutputStream:75 - [STDERR_REDIRECT] 
2025-03-23 10:59:22,003 [ERROR] LogOutputStream:75 - [STDERR_REDIRECT] [Fatal Error] :1:1: Premature end of file.
2025-03-23 10:59:22,004 [ERROR] LogOutputStream:75 - [STDERR_REDIRECT] 
2025-03-23 10:59:23,005 [ERROR] LogOutputStream:75 - [STDERR_REDIRECT] [Fatal Error] :1:1: Premature end of file.
2025-03-23 10:59:23,005 [ERROR] LogOutputStream:75 - [STDERR_REDIRECT] 
2025-03-23 10:59:24,001 [ERROR] LogOutputStream:75 - [STDERR_REDIRECT] [Fatal Error] :1:1: Premature end of file.
2025-03-23 10:59:24,001 [ERROR] LogOutputStream:75 - [STDERR_REDIRECT] 
2025-03-23 10:59:25,002 [ERROR] LogOutputStream:75 - [STDERR_REDIRECT] [Fatal Error] :1:1: Premature end of file.
2025-03-23 10:59:25,002 [ERROR] LogOutputStream:75 - [STDERR_REDIRECT] 
2025-03-23 10:59:26,001 [ERROR] LogOutputStream:75 - [STDERR_REDIRECT] [Fatal Error] :1:1: Premature end of file.
2025-03-23 10:59:26,001 [ERROR] LogOutputStream:75 - [STDERR_REDIRECT] 
2025-03-23 10:59:27,012 [ERROR] LogOutputStream:75 - [STDERR_REDIRECT] [Fatal Error] :1:1: Premature end of file.
2025-03-23 10:59:27,012 [ERROR] LogOutputStream:75 - [STDERR_REDIRECT] 
2025-03-23 10:59:28,001 [ERROR] LogOutputStream:75 - [STDERR_REDIRECT] [Fatal Error] :1:1: Premature end of file.
2025-03-23 10:59:28,002 [ERROR] LogOutputStream:75 - [STDERR_REDIRECT] 
2025-03-23 10:59:29,005 [ERROR] LogOutputStream:75 - [STDERR_REDIRECT] [Fatal Error] :1:1: Premature end of file.
2025-03-23 10:59:29,005 [ERROR] LogOutputStream:75 - [STDERR_REDIRECT] 
2025-03-23 10:59:30,006 [ERROR] LogOutputStream:75 - [STDERR_REDIRECT] [Fatal Error] :1:1: Premature end of file.
2025-03-23 10:59:30,006 [ERROR] LogOutputStream:75 - [STDERR_REDIRECT] 
2025-03-23 10:59:31,003 [ERROR] LogOutputStream:75 - [STDERR_REDIRECT] [Fatal Error] :1:1: Premature end of file.
2025-03-23 10:59:31,004 [ERROR] LogOutputStream:75 - [STDERR_REDIRECT] 
2025-03-23 10:59:32,003 [ERROR] LogOutputStream:75 - [STDERR_REDIRECT] [Fatal Error] :1:1: Premature end of file.
2025-03-23 10:59:32,003 [ERROR] LogOutputStream:75 - [STDERR_REDIRECT] 
2025-03-23 10:59:33,001 [ERROR] LogOutputStream:75 - [STDERR_REDIRECT] [Fatal Error] :1:1: Premature end of file.
2025-03-23 10:59:33,001 [ERROR] LogOutputStream:75 - [STDERR_REDIRECT] 
2025-03-23 10:59:34,005 [ERROR] LogOutputStream:75 - [STDERR_REDIRECT] [Fatal Error] :1:1: Premature end of file.
2025-03-23 10:59:34,005 [ERROR] LogOutputStream:75 - [STDERR_REDIRECT] 
2025-03-23 10:59:35,001 [ERROR] LogOutputStream:75 - [STDERR_REDIRECT] [Fatal Error] :1:1: Premature end of file.
2025-03-23 10:59:35,001 [ERROR] LogOutputStream:75 - [STDERR_REDIRECT] 
2025-03-23 10:59:36,003 [ERROR] LogOutputStream:75 - [STDERR_REDIRECT] [Fatal Error] :1:1: Premature end of file.
2025-03-23 10:59:36,003 [ERROR] LogOutputStream:75 - [STDERR_REDIRECT] 
2025-03-23 10:59:36,999 [ERROR] LogOutputStream:75 - [STDERR_REDIRECT] [Fatal Error] :1:1: Premature end of file.
2025-03-23 10:59:36,999 [ERROR] LogOutputStream:75 - [STDERR_REDIRECT] 
2025-03-23 10:59:38,003 [ERROR] LogOutputStream:75 - [STDERR_REDIRECT] [Fatal Error] :1:1: Premature end of file.
2025-03-23 10:59:38,003 [ERROR] LogOutputStream:75 - [STDERR_REDIRECT] 
2025-03-23 10:59:39,004 [ERROR] LogOutputStream:75 - [STDERR_REDIRECT] [Fatal Error] :1:1: Premature end of file.
2025-03-23 10:59:39,005 [ERROR] LogOutputStream:75 - [STDERR_REDIRECT] 
2025-03-23 10:59:40,002 [ERROR] LogOutputStream:75 - [STDERR_REDIRECT] [Fatal Error] :1:1: Premature end of file.
2025-03-23 10:59:40,002 [ERROR] LogOutputStream:75 - [STDERR_REDIRECT] 
2025-03-23 10:59:41,003 [ERROR] LogOutputStream:75 - [STDERR_REDIRECT] [Fatal Error] :1:1: Premature end of file.
2025-03-23 10:59:41,003 [ERROR] LogOutputStream:75 - [STDERR_REDIRECT] 
2025-03-23 10:59:42,002 [ERROR] LogOutputStream:75 - [STDERR_REDIRECT] [Fatal Error] :1:1: Premature end of file.
2025-03-23 10:59:42,002 [ERROR] LogOutputStream:75 - [STDERR_REDIRECT] 
2025-03-23 10:59:43,002 [ERROR] LogOutputStream:75 - [STDERR_REDIRECT] [Fatal Error] :1:1: Premature end of file.
2025-03-23 10:59:43,002 [ERROR] LogOutputStream:75 - [STDERR_REDIRECT] 
2025-03-23 10:59:44,001 [ERROR] LogOutputStream:75 - [STDERR_REDIRECT] [Fatal Error] :1:1: Premature end of file.
2025-03-23 10:59:44,001 [ERROR] LogOutputStream:75 - [STDERR_REDIRECT] 
2025-03-23 10:59:45,001 [ERROR] LogOutputStream:75 - [STDERR_REDIRECT] [Fatal Error] :1:1: Premature end of file.
2025-03-23 10:59:45,001 [ERROR] LogOutputStream:75 - [STDERR_REDIRECT] 
2025-03-23 10:59:46,004 [ERROR] LogOutputStream:75 - [STDERR_REDIRECT] [Fatal Error] :1:1: Premature end of file.
2025-03-23 10:59:46,004 [ERROR] LogOutputStream:75 - [STDERR_REDIRECT] 
2025-03-23 10:59:47,002 [ERROR] LogOutputStream:75 - [STDERR_REDIRECT] [Fatal Error] :1:1: Premature end of file.
2025-03-23 10:59:47,002 [ERROR] LogOutputStream:75 - [STDERR_REDIRECT] 
2025-03-23 10:59:48,008 [ERROR] LogOutputStream:75 - [STDERR_REDIRECT] [Fatal Error] :1:1: Premature end of file.
2025-03-23 10:59:48,008 [ERROR] LogOutputStream:75 - [STDERR_REDIRECT] 
2025-03-23 10:59:49,002 [ERROR] LogOutputStream:75 - [STDERR_REDIRECT] [Fatal Error] :1:1: Premature end of file.
2025-03-23 10:59:49,002 [ERROR] LogOutputStream:75 - [STDERR_REDIRECT] 
2025-03-23 10:59:50,002 [ERROR] LogOutputStream:75 - [STDERR_REDIRECT] [Fatal Error] :1:1: Premature end of file.
2025-03-23 10:59:50,002 [ERROR] LogOutputStream:75 - [STDERR_REDIRECT] 
2025-03-23 10:59:51,005 [ERROR] LogOutputStream:75 - [STDERR_REDIRECT] [Fatal Error] :1:1: Premature end of file.
2025-03-23 10:59:51,006 [ERROR] LogOutputStream:75 - [STDERR_REDIRECT] 
2025-03-23 10:59:52,004 [ERROR] LogOutputStream:75 - [STDERR_REDIRECT] [Fatal Error] :1:1: Premature end of file.
2025-03-23 10:59:52,005 [ERROR] LogOutputStream:75 - [STDERR_REDIRECT] 
2025-03-23 10:59:53,002 [ERROR] LogOutputStream:75 - [STDERR_REDIRECT] [Fatal Error] :1:1: Premature end of file.
2025-03-23 10:59:53,003 [ERROR] LogOutputStream:75 - [STDERR_REDIRECT] 
2025-03-23 10:59:54,017 [ERROR] LogOutputStream:75 - [STDERR_REDIRECT] [Fatal Error] :1:1: Premature end of file.
2025-03-23 10:59:54,017 [ERROR] LogOutputStream:75 - [STDERR_REDIRECT] 
2025-03-23 10:59:55,004 [ERROR] LogOutputStream:75 - [STDERR_REDIRECT] [Fatal Error] :1:1: Premature end of file.
2025-03-23 10:59:55,004 [ERROR] LogOutputStream:75 - [STDERR_REDIRECT] 
2025-03-23 10:59:56,004 [ERROR] LogOutputStream:75 - [STDERR_REDIRECT] [Fatal Error] :1:1: Premature end of file.
2025-03-23 10:59:56,004 [ERROR] LogOutputStream:75 - [STDERR_REDIRECT] 
2025-03-23 10:59:57,008 [ERROR] LogOutputStream:75 - [STDERR_REDIRECT] [Fatal Error] :1:1: Premature end of file.
2025-03-23 10:59:57,008 [ERROR] LogOutputStream:75 - [STDERR_REDIRECT] 
2025-03-23 10:59:58,008 [ERROR] LogOutputStream:75 - [STDERR_REDIRECT] [Fatal Error] :1:1: Premature end of file.
2025-03-23 10:59:58,008 [ERROR] LogOutputStream:75 - [STDERR_REDIRECT] 
2025-03-23 10:59:59,003 [ERROR] LogOutputStream:75 - [STDERR_REDIRECT] [Fatal Error] :1:1: Premature end of file.
2025-03-23 10:59:59,003 [ERROR] LogOutputStream:75 - [STDERR_REDIRECT] 
2025-03-23 11:00:00,002 [ERROR] LogOutputStream:75 - [STDERR_REDIRECT] [Fatal Error] :1:1: Premature end of file.
2025-03-23 11:00:00,002 [ERROR] LogOutputStream:75 - [STDERR_REDIRECT] 
2025-03-23 11:00:01,003 [ERROR] LogOutputStream:75 - [STDERR_REDIRECT] [Fatal Error] :1:1: Premature end of file.
2025-03-23 11:00:01,003 [ERROR] LogOutputStream:75 - [STDERR_REDIRECT] 
2025-03-23 11:00:02,003 [ERROR] LogOutputStream:75 - [STDERR_REDIRECT] [Fatal Error] :1:1: Premature end of file.
2025-03-23 11:00:02,003 [ERROR] LogOutputStream:75 - [STDERR_REDIRECT] 
2025-03-23 11:00:03,003 [ERROR] LogOutputStream:75 - [STDERR_REDIRECT] [Fatal Error] :1:1: Premature end of file.
2025-03-23 11:00:03,004 [ERROR] LogOutputStream:75 - [STDERR_REDIRECT] 
2025-03-23 11:00:04,003 [ERROR] LogOutputStream:75 - [STDERR_REDIRECT] [Fatal Error] :1:1: Premature end of file.
2025-03-23 11:00:04,003 [ERROR] LogOutputStream:75 - [STDERR_REDIRECT] 
2025-03-23 11:00:05,000 [ERROR] LogOutputStream:75 - [STDERR_REDIRECT] [Fatal Error] :1:1: Premature end of file.
2025-03-23 11:00:05,000 [ERROR] LogOutputStream:75 - [STDERR_REDIRECT] 
2025-03-23 11:00:06,004 [ERROR] LogOutputStream:75 - [STDERR_REDIRECT] [Fatal Error] :1:1: Premature end of file.
2025-03-23 11:00:06,004 [ERROR] LogOutputStream:75 - [STDERR_REDIRECT] 
2025-03-23 11:00:07,003 [ERROR] LogOutputStream:75 - [STDERR_REDIRECT] [Fatal Error] :1:1: Premature end of file.
2025-03-23 11:00:07,003 [ERROR] LogOutputStream:75 - [STDERR_REDIRECT] 
2025-03-23 11:00:08,003 [ERROR] LogOutputStream:75 - [STDERR_REDIRECT] [Fatal Error] :1:1: Premature end of file.
2025-03-23 11:00:08,003 [ERROR] LogOutputStream:75 - [STDERR_REDIRECT] 
2025-03-23 11:00:09,009 [ERROR] LogOutputStream:75 - [STDERR_REDIRECT] [Fatal Error] :1:1: Premature end of file.
2025-03-23 11:00:09,009 [ERROR] LogOutputStream:75 - [STDERR_REDIRECT] 
2025-03-23 11:00:10,000 [ERROR] LogOutputStream:75 - [STDERR_REDIRECT] [Fatal Error] :1:1: Premature end of file.
2025-03-23 11:00:10,000 [ERROR] LogOutputStream:75 - [STDERR_REDIRECT] 
2025-03-23 11:00:11,011 [ERROR] LogOutputStream:75 - [STDERR_REDIRECT] [Fatal Error] :1:1: Premature end of file.
2025-03-23 11:00:11,011 [ERROR] LogOutputStream:75 - [STDERR_REDIRECT] 
2025-03-23 11:00:12,010 [ERROR] LogOutputStream:75 - [STDERR_REDIRECT] [Fatal Error] :1:1: Premature end of file.
2025-03-23 11:00:12,010 [ERROR] LogOutputStream:75 - [STDERR_REDIRECT] 
2025-03-23 11:00:13,017 [ERROR] LogOutputStream:75 - [STDERR_REDIRECT] [Fatal Error] :1:1: Premature end of file.
2025-03-23 11:00:13,017 [ERROR] LogOutputStream:75 - [STDERR_REDIRECT] 
2025-03-23 11:00:14,022 [ERROR] LogOutputStream:75 - [STDERR_REDIRECT] [Fatal Error] :1:1: Premature end of file.
2025-03-23 11:00:14,022 [ERROR] LogOutputStream:75 - [STDERR_REDIRECT] 
2025-03-23 11:00:15,013 [ERROR] LogOutputStream:75 - [STDERR_REDIRECT] [Fatal Error] :1:1: Premature end of file.
2025-03-23 11:00:15,013 [ERROR] LogOutputStream:75 - [STDERR_REDIRECT] 
2025-03-23 11:00:16,000 [ERROR] LogOutputStream:75 - [STDERR_REDIRECT] [Fatal Error] :1:1: Premature end of file.
2025-03-23 11:00:16,000 [ERROR] LogOutputStream:75 - [STDERR_REDIRECT] 
2025-03-23 11:00:17,005 [ERROR] LogOutputStream:75 - [STDERR_REDIRECT] [Fatal Error] :1:1: Premature end of file.
2025-03-23 11:00:17,005 [ERROR] LogOutputStream:75 - [STDERR_REDIRECT] 
2025-03-23 11:00:18,005 [ERROR] LogOutputStream:75 - [STDERR_REDIRECT] [Fatal Error] :1:1: Premature end of file.
2025-03-23 11:00:18,005 [ERROR] LogOutputStream:75 - [STDERR_REDIRECT] 
2025-03-23 11:00:19,005 [ERROR] LogOutputStream:75 - [STDERR_REDIRECT] [Fatal Error] :1:1: Premature end of file.
2025-03-23 11:00:19,005 [ERROR] LogOutputStream:75 - [STDERR_REDIRECT] 
2025-03-23 11:00:20,011 [ERROR] LogOutputStream:75 - [STDERR_REDIRECT] [Fatal Error] :1:1: Premature end of file.
2025-03-23 11:00:20,011 [ERROR] LogOutputStream:75 - [STDERR_REDIRECT] 
2025-03-23 11:00:21,005 [ERROR] LogOutputStream:75 - [STDERR_REDIRECT] [Fatal Error] :1:1: Premature end of file.
2025-03-23 11:00:21,005 [ERROR] LogOutputStream:75 - [STDERR_REDIRECT] 
2025-03-23 11:00:22,005 [ERROR] LogOutputStream:75 - [STDERR_REDIRECT] [Fatal Error] :1:1: Premature end of file.
2025-03-23 11:00:22,005 [ERROR] LogOutputStream:75 - [STDERR_REDIRECT] 
2025-03-23 11:00:23,005 [ERROR] LogOutputStream:75 - [STDERR_REDIRECT] [Fatal Error] :1:1: Premature end of file.
2025-03-23 11:00:23,005 [ERROR] LogOutputStream:75 - [STDERR_REDIRECT] 
2025-03-23 11:00:24,008 [ERROR] LogOutputStream:75 - [STDERR_REDIRECT] [Fatal Error] :1:1: Premature end of file.
2025-03-23 11:00:24,008 [ERROR] LogOutputStream:75 - [STDERR_REDIRECT] 
2025-03-23 11:00:25,002 [ERROR] LogOutputStream:75 - [STDERR_REDIRECT] [Fatal Error] :1:1: Premature end of file.
2025-03-23 11:00:25,004 [ERROR] LogOutputStream:75 - [STDERR_REDIRECT] 
2025-03-23 11:00:25,998 [ERROR] LogOutputStream:75 - [STDERR_REDIRECT] [Fatal Error] :1:1: Premature end of file.
2025-03-23 11:00:26,004 [ERROR] LogOutputStream:75 - [STDERR_REDIRECT] 
2025-03-23 11:00:27,006 [ERROR] LogOutputStream:75 - [STDERR_REDIRECT] [Fatal Error] :1:1: Premature end of file.
2025-03-23 11:00:27,006 [ERROR] LogOutputStream:75 - [STDERR_REDIRECT] 
2025-03-23 11:00:28,005 [ERROR] LogOutputStream:75 - [STDERR_REDIRECT] [Fatal Error] :1:1: Premature end of file.
2025-03-23 11:00:28,005 [ERROR] LogOutputStream:75 - [STDERR_REDIRECT] 
2025-03-23 11:00:28,997 [ERROR] LogOutputStream:75 - [STDERR_REDIRECT] [Fatal Error] :1:1: Premature end of file.
2025-03-23 11:00:28,998 [ERROR] LogOutputStream:75 - [STDERR_REDIRECT] 
2025-03-23 11:00:30,005 [ERROR] LogOutputStream:75 - [STDERR_REDIRECT] [Fatal Error] :1:1: Premature end of file.
2025-03-23 11:00:30,005 [ERROR] LogOutputStream:75 - [STDERR_REDIRECT] 
2025-03-23 11:00:31,010 [ERROR] LogOutputStream:75 - [STDERR_REDIRECT] [Fatal Error] :1:1: Premature end of file.
2025-03-23 11:00:31,010 [ERROR] LogOutputStream:75 - [STDERR_REDIRECT] 
2025-03-23 11:00:32,005 [ERROR] LogOutputStream:75 - [STDERR_REDIRECT] [Fatal Error] :1:1: Premature end of file.
2025-03-23 11:00:32,007 [ERROR] LogOutputStream:75 - [STDERR_REDIRECT] 
2025-03-23 11:00:33,007 [ERROR] LogOutputStream:75 - [STDERR_REDIRECT] [Fatal Error] :1:1: Premature end of file.
2025-03-23 11:00:33,007 [ERROR] LogOutputStream:75 - [STDERR_REDIRECT] 
2025-03-23 11:00:34,008 [ERROR] LogOutputStream:75 - [STDERR_REDIRECT] [Fatal Error] :1:1: Premature end of file.
2025-03-23 11:00:34,008 [ERROR] LogOutputStream:75 - [STDERR_REDIRECT] 
2025-03-23 11:00:35,007 [ERROR] LogOutputStream:75 - [STDERR_REDIRECT] [Fatal Error] :1:1: Premature end of file.
2025-03-23 11:00:35,007 [ERROR] LogOutputStream:75 - [STDERR_REDIRECT] 
2025-03-23 11:00:36,013 [ERROR] LogOutputStream:75 - [STDERR_REDIRECT] [Fatal Error] :1:1: Premature end of file.
2025-03-23 11:00:36,013 [ERROR] LogOutputStream:75 - [STDERR_REDIRECT] 
2025-03-23 11:00:36,999 [ERROR] LogOutputStream:75 - [STDERR_REDIRECT] [Fatal Error] :1:1: Premature end of file.
2025-03-23 11:00:36,999 [ERROR] LogOutputStream:75 - [STDERR_REDIRECT] 
2025-03-23 11:00:37,998 [ERROR] LogOutputStream:75 - [STDERR_REDIRECT] [Fatal Error] :1:1: Premature end of file.
2025-03-23 11:00:37,998 [ERROR] LogOutputStream:75 - [STDERR_REDIRECT] 
2025-03-23 11:00:39,002 [ERROR] LogOutputStream:75 - [STDERR_REDIRECT] [Fatal Error] :1:1: Premature end of file.
2025-03-23 11:00:39,002 [ERROR] LogOutputStream:75 - [STDERR_REDIRECT] 
2025-03-23 11:00:39,999 [ERROR] LogOutputStream:75 - [STDERR_REDIRECT] [Fatal Error] :1:1: Premature end of file.
2025-03-23 11:00:39,999 [ERROR] LogOutputStream:75 - [STDERR_REDIRECT] 
2025-03-23 11:00:40,998 [ERROR] LogOutputStream:75 - [STDERR_REDIRECT] [Fatal Error] :1:1: Premature end of file.
2025-03-23 11:00:40,998 [ERROR] LogOutputStream:75 - [STDERR_REDIRECT] 
2025-03-23 11:00:41,999 [ERROR] LogOutputStream:75 - [STDERR_REDIRECT] [Fatal Error] :1:1: Premature end of file.
2025-03-23 11:00:41,999 [ERROR] LogOutputStream:75 - [STDERR_REDIRECT] 
2025-03-23 11:00:43,007 [ERROR] LogOutputStream:75 - [STDERR_REDIRECT] [Fatal Error] :1:1: Premature end of file.
2025-03-23 11:00:43,007 [ERROR] LogOutputStream:75 - [STDERR_REDIRECT] 
2025-03-23 11:00:44,009 [ERROR] LogOutputStream:75 - [STDERR_REDIRECT] [Fatal Error] :1:1: Premature end of file.
2025-03-23 11:00:44,009 [ERROR] LogOutputStream:75 - [STDERR_REDIRECT] 
2025-03-23 11:00:45,000 [ERROR] LogOutputStream:75 - [STDERR_REDIRECT] [Fatal Error] :1:1: Premature end of file.
2025-03-23 11:00:45,000 [ERROR] LogOutputStream:75 - [STDERR_REDIRECT] 
2025-03-23 11:00:46,002 [ERROR] LogOutputStream:75 - [STDERR_REDIRECT] [Fatal Error] :1:1: Premature end of file.
2025-03-23 11:00:46,002 [ERROR] LogOutputStream:75 - [STDERR_REDIRECT] 
2025-03-23 11:00:46,996 [ERROR] LogOutputStream:75 - [STDERR_REDIRECT] [Fatal Error] :1:1: Premature end of file.
2025-03-23 11:00:46,997 [ERROR] LogOutputStream:75 - [STDERR_REDIRECT] 
2025-03-23 11:00:48,004 [ERROR] LogOutputStream:75 - [STDERR_REDIRECT] [Fatal Error] :1:1: Premature end of file.
2025-03-23 11:00:48,004 [ERROR] LogOutputStream:75 - [STDERR_REDIRECT] 
2025-03-23 11:00:49,000 [ERROR] LogOutputStream:75 - [STDERR_REDIRECT] [Fatal Error] :1:1: Premature end of file.
2025-03-23 11:00:49,000 [ERROR] LogOutputStream:75 - [STDERR_REDIRECT] 
2025-03-23 11:00:50,000 [ERROR] LogOutputStream:75 - [STDERR_REDIRECT] [Fatal Error] :1:1: Premature end of file.
2025-03-23 11:00:50,000 [ERROR] LogOutputStream:75 - [STDERR_REDIRECT] 
2025-03-23 11:00:51,005 [ERROR] LogOutputStream:75 - [STDERR_REDIRECT] [Fatal Error] :1:1: Premature end of file.
2025-03-23 11:00:51,005 [ERROR] LogOutputStream:75 - [STDERR_REDIRECT] 
2025-03-23 11:00:51,998 [ERROR] LogOutputStream:75 - [STDERR_REDIRECT] [Fatal Error] :1:1: Premature end of file.
2025-03-23 11:00:51,999 [ERROR] LogOutputStream:75 - [STDERR_REDIRECT] 
2025-03-23 11:00:53,000 [ERROR] LogOutputStream:75 - [STDERR_REDIRECT] [Fatal Error] :1:1: Premature end of file.
2025-03-23 11:00:53,000 [ERROR] LogOutputStream:75 - [STDERR_REDIRECT] 
2025-03-23 11:00:54,007 [ERROR] LogOutputStream:75 - [STDERR_REDIRECT] [Fatal Error] :1:1: Premature end of file.
2025-03-23 11:00:54,007 [ERROR] LogOutputStream:75 - [STDERR_REDIRECT] 
2025-03-23 11:00:55,001 [ERROR] LogOutputStream:75 - [STDERR_REDIRECT] [Fatal Error] :1:1: Premature end of file.
2025-03-23 11:00:55,001 [ERROR] LogOutputStream:75 - [STDERR_REDIRECT] 
2025-03-23 11:00:56,004 [ERROR] LogOutputStream:75 - [STDERR_REDIRECT] [Fatal Error] :1:1: Premature end of file.
2025-03-23 11:00:56,006 [ERROR] LogOutputStream:75 - [STDERR_REDIRECT] 
2025-03-23 11:00:57,004 [ERROR] LogOutputStream:75 - [STDERR_REDIRECT] [Fatal Error] :1:1: Premature end of file.
2025-03-23 11:00:57,004 [ERROR] LogOutputStream:75 - [STDERR_REDIRECT] 
2025-03-23 11:00:58,008 [ERROR] LogOutputStream:75 - [STDERR_REDIRECT] [Fatal Error] :1:1: Premature end of file.
2025-03-23 11:00:58,008 [ERROR] LogOutputStream:75 - [STDERR_REDIRECT] 
2025-03-23 11:00:59,004 [ERROR] LogOutputStream:75 - [STDERR_REDIRECT] [Fatal Error] :1:1: Premature end of file.
2025-03-23 11:00:59,005 [ERROR] LogOutputStream:75 - [STDERR_REDIRECT] 
2025-03-23 11:00:59,998 [ERROR] LogOutputStream:75 - [STDERR_REDIRECT] [Fatal Error] :1:1: Premature end of file.
2025-03-23 11:00:59,998 [ERROR] LogOutputStream:75 - [STDERR_REDIRECT] 
2025-03-23 11:01:01,010 [ERROR] LogOutputStream:75 - [STDERR_REDIRECT] [Fatal Error] :1:1: Premature end of file.
2025-03-23 11:01:01,010 [ERROR] LogOutputStream:75 - [STDERR_REDIRECT] 
2025-03-23 11:01:02,007 [ERROR] LogOutputStream:75 - [STDERR_REDIRECT] [Fatal Error] :1:1: Premature end of file.
2025-03-23 11:01:02,007 [ERROR] LogOutputStream:75 - [STDERR_REDIRECT] 
2025-03-23 11:01:03,006 [ERROR] LogOutputStream:75 - [STDERR_REDIRECT] [Fatal Error] :1:1: Premature end of file.
2025-03-23 11:01:03,006 [ERROR] LogOutputStream:75 - [STDERR_REDIRECT] 
2025-03-23 11:01:04,006 [ERROR] LogOutputStream:75 - [STDERR_REDIRECT] [Fatal Error] :1:1: Premature end of file.
2025-03-23 11:01:04,006 [ERROR] LogOutputStream:75 - [STDERR_REDIRECT] 
2025-03-23 11:01:05,007 [ERROR] LogOutputStream:75 - [STDERR_REDIRECT] [Fatal Error] :1:1: Premature end of file.
2025-03-23 11:01:05,007 [ERROR] LogOutputStream:75 - [STDERR_REDIRECT] 
2025-03-23 11:01:06,007 [ERROR] LogOutputStream:75 - [STDERR_REDIRECT] [Fatal Error] :1:1: Premature end of file.
2025-03-23 11:01:06,007 [ERROR] LogOutputStream:75 - [STDERR_REDIRECT] 
2025-03-23 11:01:07,008 [ERROR] LogOutputStream:75 - [STDERR_REDIRECT] [Fatal Error] :1:1: Premature end of file.
2025-03-23 11:01:07,008 [ERROR] LogOutputStream:75 - [STDERR_REDIRECT] 
2025-03-23 11:01:08,008 [ERROR] LogOutputStream:75 - [STDERR_REDIRECT] [Fatal Error] :1:1: Premature end of file.
2025-03-23 11:01:08,008 [ERROR] LogOutputStream:75 - [STDERR_REDIRECT] 
2025-03-23 11:01:09,001 [ERROR] LogOutputStream:75 - [STDERR_REDIRECT] [Fatal Error] :1:1: Premature end of file.
2025-03-23 11:01:09,001 [ERROR] LogOutputStream:75 - [STDERR_REDIRECT] 
2025-03-23 11:01:09,999 [ERROR] LogOutputStream:75 - [STDERR_REDIRECT] [Fatal Error] :1:1: Premature end of file.
2025-03-23 11:01:10,003 [ERROR] LogOutputStream:75 - [STDERR_REDIRECT] 
2025-03-23 11:01:10,998 [ERROR] LogOutputStream:75 - [STDERR_REDIRECT] [Fatal Error] :1:1: Premature end of file.
2025-03-23 11:01:10,998 [ERROR] LogOutputStream:75 - [STDERR_REDIRECT] 
2025-03-23 11:01:11,997 [ERROR] LogOutputStream:75 - [STDERR_REDIRECT] [Fatal Error] :1:1: Premature end of file.
2025-03-23 11:01:11,997 [ERROR] LogOutputStream:75 - [STDERR_REDIRECT] 
2025-03-23 11:01:12,995 [ERROR] LogOutputStream:75 - [STDERR_REDIRECT] [Fatal Error] :1:1: Premature end of file.
2025-03-23 11:01:12,995 [ERROR] LogOutputStream:75 - [STDERR_REDIRECT] 
2025-03-23 11:01:14,007 [ERROR] LogOutputStream:75 - [STDERR_REDIRECT] [Fatal Error] :1:1: Premature end of file.
2025-03-23 11:01:14,007 [ERROR] LogOutputStream:75 - [STDERR_REDIRECT] 
2025-03-23 11:01:15,009 [ERROR] LogOutputStream:75 - [STDERR_REDIRECT] [Fatal Error] :1:1: Premature end of file.
2025-03-23 11:01:15,009 [ERROR] LogOutputStream:75 - [STDERR_REDIRECT] 
2025-03-23 11:01:16,005 [ERROR] LogOutputStream:75 - [STDERR_REDIRECT] [Fatal Error] :1:1: Premature end of file.
2025-03-23 11:01:16,005 [ERROR] LogOutputStream:75 - [STDERR_REDIRECT] 
2025-03-23 11:01:17,003 [ERROR] LogOutputStream:75 - [STDERR_REDIRECT] [Fatal Error] :1:1: Premature end of file.
2025-03-23 11:01:17,003 [ERROR] LogOutputStream:75 - [STDERR_REDIRECT] 
2025-03-23 11:01:18,004 [ERROR] LogOutputStream:75 - [STDERR_REDIRECT] [Fatal Error] :1:1: Premature end of file.
2025-03-23 11:01:18,004 [ERROR] LogOutputStream:75 - [STDERR_REDIRECT] 
2025-03-23 11:01:19,003 [ERROR] LogOutputStream:75 - [STDERR_REDIRECT] [Fatal Error] :1:1: Premature end of file.
2025-03-23 11:01:19,003 [ERROR] LogOutputStream:75 - [STDERR_REDIRECT] 
2025-03-23 11:01:20,003 [ERROR] LogOutputStream:75 - [STDERR_REDIRECT] [Fatal Error] :1:1: Premature end of file.
2025-03-23 11:01:20,003 [ERROR] LogOutputStream:75 - [STDERR_REDIRECT] 
2025-03-23 11:01:21,006 [ERROR] LogOutputStream:75 - [STDERR_REDIRECT] [Fatal Error] :1:1: Premature end of file.
2025-03-23 11:01:21,006 [ERROR] LogOutputStream:75 - [STDERR_REDIRECT] 
2025-03-23 11:01:22,012 [ERROR] LogOutputStream:75 - [STDERR_REDIRECT] [Fatal Error] :1:1: Premature end of file.
2025-03-23 11:01:22,012 [ERROR] LogOutputStream:75 - [STDERR_REDIRECT] 
2025-03-23 11:01:23,006 [ERROR] LogOutputStream:75 - [STDERR_REDIRECT] [Fatal Error] :1:1: Premature end of file.
2025-03-23 11:01:23,006 [ERROR] LogOutputStream:75 - [STDERR_REDIRECT] 
2025-03-23 11:01:24,008 [ERROR] LogOutputStream:75 - [STDERR_REDIRECT] [Fatal Error] :1:1: Premature end of file.
2025-03-23 11:01:24,008 [ERROR] LogOutputStream:75 - [STDERR_REDIRECT] 
2025-03-23 11:01:25,014 [ERROR] LogOutputStream:75 - [STDERR_REDIRECT] [Fatal Error] :1:1: Premature end of file.
2025-03-23 11:01:25,014 [ERROR] LogOutputStream:75 - [STDERR_REDIRECT] 
2025-03-23 11:01:26,003 [ERROR] LogOutputStream:75 - [STDERR_REDIRECT] [Fatal Error] :1:1: Premature end of file.
2025-03-23 11:01:26,003 [ERROR] LogOutputStream:75 - [STDERR_REDIRECT] 
2025-03-23 11:01:27,064 [ERROR] LogOutputStream:75 - [STDERR_REDIRECT] [Fatal Error] :1:1: Premature end of file.
2025-03-23 11:01:27,064 [ERROR] LogOutputStream:75 - [STDERR_REDIRECT] 
2025-03-23 11:01:28,004 [ERROR] LogOutputStream:75 - [STDERR_REDIRECT] [Fatal Error] :1:1: Premature end of file.
2025-03-23 11:01:28,004 [ERROR] LogOutputStream:75 - [STDERR_REDIRECT] 
2025-03-23 11:01:29,005 [ERROR] LogOutputStream:75 - [STDERR_REDIRECT] [Fatal Error] :1:1: Premature end of file.
2025-03-23 11:01:29,005 [ERROR] LogOutputStream:75 - [STDERR_REDIRECT] 
2025-03-23 11:01:30,012 [ERROR] LogOutputStream:75 - [STDERR_REDIRECT] [Fatal Error] :1:1: Premature end of file.
2025-03-23 11:01:30,017 [ERROR] LogOutputStream:75 - [STDERR_REDIRECT] 
2025-03-23 11:01:31,001 [ERROR] LogOutputStream:75 - [STDERR_REDIRECT] [Fatal Error] :1:1: Premature end of file.
2025-03-23 11:01:31,001 [ERROR] LogOutputStream:75 - [STDERR_REDIRECT] 
2025-03-23 11:01:32,003 [ERROR] LogOutputStream:75 - [STDERR_REDIRECT] [Fatal Error] :1:1: Premature end of file.
2025-03-23 11:01:32,003 [ERROR] LogOutputStream:75 - [STDERR_REDIRECT] 
2025-03-23 11:01:33,003 [ERROR] LogOutputStream:75 - [STDERR_REDIRECT] [Fatal Error] :1:1: Premature end of file.
2025-03-23 11:01:33,003 [ERROR] LogOutputStream:75 - [STDERR_REDIRECT] 
2025-03-23 11:01:34,003 [ERROR] LogOutputStream:75 - [STDERR_REDIRECT] [Fatal Error] :1:1: Premature end of file.
2025-03-23 11:01:34,003 [ERROR] LogOutputStream:75 - [STDERR_REDIRECT] 
2025-03-23 11:01:35,005 [ERROR] LogOutputStream:75 - [STDERR_REDIRECT] [Fatal Error] :1:1: Premature end of file.
2025-03-23 11:01:35,005 [ERROR] LogOutputStream:75 - [STDERR_REDIRECT] 
2025-03-23 11:01:36,003 [ERROR] LogOutputStream:75 - [STDERR_REDIRECT] [Fatal Error] :1:1: Premature end of file.
2025-03-23 11:01:36,003 [ERROR] LogOutputStream:75 - [STDERR_REDIRECT] 
2025-03-23 11:01:37,005 [ERROR] LogOutputStream:75 - [STDERR_REDIRECT] [Fatal Error] :1:1: Premature end of file.
2025-03-23 11:01:37,005 [ERROR] LogOutputStream:75 - [STDERR_REDIRECT] 
2025-03-23 11:01:38,003 [ERROR] LogOutputStream:75 - [STDERR_REDIRECT] [Fatal Error] :1:1: Premature end of file.
2025-03-23 11:01:38,003 [ERROR] LogOutputStream:75 - [STDERR_REDIRECT] 
2025-03-23 11:01:39,005 [ERROR] LogOutputStream:75 - [STDERR_REDIRECT] [Fatal Error] :1:1: Premature end of file.
2025-03-23 11:01:39,005 [ERROR] LogOutputStream:75 - [STDERR_REDIRECT] 
2025-03-23 11:01:40,007 [ERROR] LogOutputStream:75 - [STDERR_REDIRECT] [Fatal Error] :1:1: Premature end of file.
2025-03-23 11:01:40,007 [ERROR] LogOutputStream:75 - [STDERR_REDIRECT] 
2025-03-23 11:01:41,005 [ERROR] LogOutputStream:75 - [STDERR_REDIRECT] [Fatal Error] :1:1: Premature end of file.
2025-03-23 11:01:41,005 [ERROR] LogOutputStream:75 - [STDERR_REDIRECT] 
2025-03-23 11:01:42,009 [ERROR] LogOutputStream:75 - [STDERR_REDIRECT] [Fatal Error] :1:1: Premature end of file.
2025-03-23 11:01:42,009 [ERROR] LogOutputStream:75 - [STDERR_REDIRECT] 
2025-03-23 11:01:43,001 [ERROR] LogOutputStream:75 - [STDERR_REDIRECT] [Fatal Error] :1:1: Premature end of file.
2025-03-23 11:01:43,001 [ERROR] LogOutputStream:75 - [STDERR_REDIRECT] 
2025-03-23 11:01:44,000 [ERROR] LogOutputStream:75 - [STDERR_REDIRECT] [Fatal Error] :1:1: Premature end of file.
2025-03-23 11:01:44,000 [ERROR] LogOutputStream:75 - [STDERR_REDIRECT] 
2025-03-23 11:01:45,004 [ERROR] LogOutputStream:75 - [STDERR_REDIRECT] [Fatal Error] :1:1: Premature end of file.
2025-03-23 11:01:45,004 [ERROR] LogOutputStream:75 - [STDERR_REDIRECT] 
2025-03-23 11:01:46,001 [ERROR] LogOutputStream:75 - [STDERR_REDIRECT] [Fatal Error] :1:1: Premature end of file.
2025-03-23 11:01:46,001 [ERROR] LogOutputStream:75 - [STDERR_REDIRECT] 
2025-03-23 11:01:47,002 [ERROR] LogOutputStream:75 - [STDERR_REDIRECT] [Fatal Error] :1:1: Premature end of file.
2025-03-23 11:01:47,002 [ERROR] LogOutputStream:75 - [STDERR_REDIRECT] 
2025-03-23 11:01:47,999 [ERROR] LogOutputStream:75 - [STDERR_REDIRECT] [Fatal Error] :1:1: Premature end of file.
2025-03-23 11:01:48,000 [ERROR] LogOutputStream:75 - [STDERR_REDIRECT] 
2025-03-23 11:01:49,001 [ERROR] LogOutputStream:75 - [STDERR_REDIRECT] [Fatal Error] :1:1: Premature end of file.
2025-03-23 11:01:49,001 [ERROR] LogOutputStream:75 - [STDERR_REDIRECT] 
2025-03-23 11:01:50,001 [ERROR] LogOutputStream:75 - [STDERR_REDIRECT] [Fatal Error] :1:1: Premature end of file.
2025-03-23 11:01:50,001 [ERROR] LogOutputStream:75 - [STDERR_REDIRECT] 
2025-03-23 11:01:51,003 [ERROR] LogOutputStream:75 - [STDERR_REDIRECT] [Fatal Error] :1:1: Premature end of file.
2025-03-23 11:01:51,003 [ERROR] LogOutputStream:75 - [STDERR_REDIRECT] 
2025-03-23 11:01:52,000 [ERROR] LogOutputStream:75 - [STDERR_REDIRECT] [Fatal Error] :1:1: Premature end of file.
2025-03-23 11:01:52,000 [ERROR] LogOutputStream:75 - [STDERR_REDIRECT] 
2025-03-23 11:01:53,009 [ERROR] LogOutputStream:75 - [STDERR_REDIRECT] [Fatal Error] :1:1: Premature end of file.
2025-03-23 11:01:53,009 [ERROR] LogOutputStream:75 - [STDERR_REDIRECT] 
2025-03-23 11:01:54,002 [ERROR] LogOutputStream:75 - [STDERR_REDIRECT] [Fatal Error] :1:1: Premature end of file.
2025-03-23 11:01:54,002 [ERROR] LogOutputStream:75 - [STDERR_REDIRECT] 
2025-03-23 11:01:54,996 [ERROR] LogOutputStream:75 - [STDERR_REDIRECT] [Fatal Error] :1:1: Premature end of file.
2025-03-23 11:01:54,996 [ERROR] LogOutputStream:75 - [STDERR_REDIRECT] 
2025-03-23 11:01:56,006 [ERROR] LogOutputStream:75 - [STDERR_REDIRECT] [Fatal Error] :1:1: Premature end of file.
2025-03-23 11:01:56,006 [ERROR] LogOutputStream:75 - [STDERR_REDIRECT] 
2025-03-23 11:01:57,002 [ERROR] LogOutputStream:75 - [STDERR_REDIRECT] [Fatal Error] :1:1: Premature end of file.
2025-03-23 11:01:57,002 [ERROR] LogOutputStream:75 - [STDERR_REDIRECT] 
2025-03-23 11:01:58,004 [ERROR] LogOutputStream:75 - [STDERR_REDIRECT] [Fatal Error] :1:1: Premature end of file.
2025-03-23 11:01:58,004 [ERROR] LogOutputStream:75 - [STDERR_REDIRECT] 
2025-03-23 11:01:59,004 [ERROR] LogOutputStream:75 - [STDERR_REDIRECT] [Fatal Error] :1:1: Premature end of file.
2025-03-23 11:01:59,004 [ERROR] LogOutputStream:75 - [STDERR_REDIRECT] 
2025-03-23 11:02:00,005 [ERROR] LogOutputStream:75 - [STDERR_REDIRECT] [Fatal Error] :1:1: Premature end of file.
2025-03-23 11:02:00,006 [ERROR] LogOutputStream:75 - [STDERR_REDIRECT] 
2025-03-23 11:02:01,003 [ERROR] LogOutputStream:75 - [STDERR_REDIRECT] [Fatal Error] :1:1: Premature end of file.
2025-03-23 11:02:01,003 [ERROR] LogOutputStream:75 - [STDERR_REDIRECT] 
2025-03-23 11:02:02,004 [ERROR] LogOutputStream:75 - [STDERR_REDIRECT] [Fatal Error] :1:1: Premature end of file.
2025-03-23 11:02:02,004 [ERROR] LogOutputStream:75 - [STDERR_REDIRECT] 
2025-03-23 11:02:03,003 [ERROR] LogOutputStream:75 - [STDERR_REDIRECT] [Fatal Error] :1:1: Premature end of file.
2025-03-23 11:02:03,003 [ERROR] LogOutputStream:75 - [STDERR_REDIRECT] 
2025-03-23 11:02:04,002 [ERROR] LogOutputStream:75 - [STDERR_REDIRECT] [Fatal Error] :1:1: Premature end of file.
2025-03-23 11:02:04,002 [ERROR] LogOutputStream:75 - [STDERR_REDIRECT] 
2025-03-23 11:02:05,014 [ERROR] LogOutputStream:75 - [STDERR_REDIRECT] [Fatal Error] :1:1: Premature end of file.
2025-03-23 11:02:05,014 [ERROR] LogOutputStream:75 - [STDERR_REDIRECT] 
2025-03-23 11:02:05,999 [ERROR] LogOutputStream:75 - [STDERR_REDIRECT] [Fatal Error] :1:1: Premature end of file.
2025-03-23 11:02:05,999 [ERROR] LogOutputStream:75 - [STDERR_REDIRECT] 
2025-03-23 11:02:07,010 [ERROR] LogOutputStream:75 - [STDERR_REDIRECT] [Fatal Error] :1:1: Premature end of file.
2025-03-23 11:02:07,010 [ERROR] LogOutputStream:75 - [STDERR_REDIRECT] 
2025-03-23 11:02:07,996 [ERROR] LogOutputStream:75 - [STDERR_REDIRECT] [Fatal Error] :1:1: Premature end of file.
2025-03-23 11:02:07,996 [ERROR] LogOutputStream:75 - [STDERR_REDIRECT] 
2025-03-23 11:02:09,012 [ERROR] LogOutputStream:75 - [STDERR_REDIRECT] [Fatal Error] :1:1: Premature end of file.
2025-03-23 11:02:09,012 [ERROR] LogOutputStream:75 - [STDERR_REDIRECT] 
2025-03-23 11:02:09,995 [ERROR] LogOutputStream:75 - [STDERR_REDIRECT] [Fatal Error] :1:1: Premature end of file.
2025-03-23 11:02:09,995 [ERROR] LogOutputStream:75 - [STDERR_REDIRECT] 
2025-03-23 11:02:11,009 [ERROR] LogOutputStream:75 - [STDERR_REDIRECT] [Fatal Error] :1:1: Premature end of file.
2025-03-23 11:02:11,009 [ERROR] LogOutputStream:75 - [STDERR_REDIRECT] 
2025-03-23 11:02:12,004 [ERROR] LogOutputStream:75 - [STDERR_REDIRECT] [Fatal Error] :1:1: Premature end of file.
2025-03-23 11:02:12,006 [ERROR] LogOutputStream:75 - [STDERR_REDIRECT] 
2025-03-23 11:02:12,993 [ERROR] LogOutputStream:75 - [STDERR_REDIRECT] [Fatal Error] :1:1: Premature end of file.
2025-03-23 11:02:12,993 [ERROR] LogOutputStream:75 - [STDERR_REDIRECT] 
2025-03-23 11:02:14,016 [ERROR] LogOutputStream:75 - [STDERR_REDIRECT] [Fatal Error] :1:1: Premature end of file.
2025-03-23 11:02:14,017 [ERROR] LogOutputStream:75 - [STDERR_REDIRECT] 
2025-03-23 11:02:15,000 [ERROR] LogOutputStream:75 - [STDERR_REDIRECT] [Fatal Error] :1:1: Premature end of file.
2025-03-23 11:02:15,000 [ERROR] LogOutputStream:75 - [STDERR_REDIRECT] 
2025-03-23 11:02:16,010 [ERROR] LogOutputStream:75 - [STDERR_REDIRECT] [Fatal Error] :1:1: Premature end of file.
2025-03-23 11:02:16,010 [ERROR] LogOutputStream:75 - [STDERR_REDIRECT] 
2025-03-23 11:02:17,003 [ERROR] LogOutputStream:75 - [STDERR_REDIRECT] [Fatal Error] :1:1: Premature end of file.
2025-03-23 11:02:17,003 [ERROR] LogOutputStream:75 - [STDERR_REDIRECT] 
2025-03-23 11:02:18,008 [ERROR] LogOutputStream:75 - [STDERR_REDIRECT] [Fatal Error] :1:1: Premature end of file.
2025-03-23 11:02:18,008 [ERROR] LogOutputStream:75 - [STDERR_REDIRECT] 
2025-03-23 11:02:19,000 [ERROR] LogOutputStream:75 - [STDERR_REDIRECT] [Fatal Error] :1:1: Premature end of file.
2025-03-23 11:02:19,000 [ERROR] LogOutputStream:75 - [STDERR_REDIRECT] 
2025-03-23 11:02:20,002 [ERROR] LogOutputStream:75 - [STDERR_REDIRECT] [Fatal Error] :1:1: Premature end of file.
2025-03-23 11:02:20,002 [ERROR] LogOutputStream:75 - [STDERR_REDIRECT] 
2025-03-23 11:02:21,005 [ERROR] LogOutputStream:75 - [STDERR_REDIRECT] [Fatal Error] :1:1: Premature end of file.
2025-03-23 11:02:21,005 [ERROR] LogOutputStream:75 - [STDERR_REDIRECT] 
2025-03-23 11:02:22,001 [ERROR] LogOutputStream:75 - [STDERR_REDIRECT] [Fatal Error] :1:1: Premature end of file.
2025-03-23 11:02:22,001 [ERROR] LogOutputStream:75 - [STDERR_REDIRECT] 
2025-03-23 11:02:23,006 [ERROR] LogOutputStream:75 - [STDERR_REDIRECT] [Fatal Error] :1:1: Premature end of file.
2025-03-23 11:02:23,006 [ERROR] LogOutputStream:75 - [STDERR_REDIRECT] 
2025-03-23 11:02:24,005 [ERROR] LogOutputStream:75 - [STDERR_REDIRECT] [Fatal Error] :1:1: Premature end of file.
2025-03-23 11:02:24,005 [ERROR] LogOutputStream:75 - [STDERR_REDIRECT] 
2025-03-23 11:02:25,000 [ERROR] LogOutputStream:75 - [STDERR_REDIRECT] [Fatal Error] :1:1: Premature end of file.
2025-03-23 11:02:25,000 [ERROR] LogOutputStream:75 - [STDERR_REDIRECT] 
2025-03-23 11:02:26,005 [ERROR] LogOutputStream:75 - [STDERR_REDIRECT] [Fatal Error] :1:1: Premature end of file.
2025-03-23 11:02:26,005 [ERROR] LogOutputStream:75 - [STDERR_REDIRECT] 
2025-03-23 11:02:27,001 [ERROR] LogOutputStream:75 - [STDERR_REDIRECT] [Fatal Error] :1:1: Premature end of file.
2025-03-23 11:02:27,001 [ERROR] LogOutputStream:75 - [STDERR_REDIRECT] 
2025-03-23 11:02:28,007 [ERROR] LogOutputStream:75 - [STDERR_REDIRECT] [Fatal Error] :1:1: Premature end of file.
2025-03-23 11:02:28,007 [ERROR] LogOutputStream:75 - [STDERR_REDIRECT] 
2025-03-23 11:02:28,999 [ERROR] LogOutputStream:75 - [STDERR_REDIRECT] [Fatal Error] :1:1: Premature end of file.
2025-03-23 11:02:28,999 [ERROR] LogOutputStream:75 - [STDERR_REDIRECT] 
2025-03-23 11:02:30,003 [ERROR] LogOutputStream:75 - [STDERR_REDIRECT] [Fatal Error] :1:1: Premature end of file.
2025-03-23 11:02:30,003 [ERROR] LogOutputStream:75 - [STDERR_REDIRECT] 
2025-03-23 11:02:31,005 [ERROR] LogOutputStream:75 - [STDERR_REDIRECT] [Fatal Error] :1:1: Premature end of file.
2025-03-23 11:02:31,005 [ERROR] LogOutputStream:75 - [STDERR_REDIRECT] 
2025-03-23 11:02:31,996 [ERROR] LogOutputStream:75 - [STDERR_REDIRECT] [Fatal Error] :1:1: Premature end of file.
2025-03-23 11:02:31,996 [ERROR] LogOutputStream:75 - [STDERR_REDIRECT] 
2025-03-23 11:02:33,017 [ERROR] LogOutputStream:75 - [STDERR_REDIRECT] [Fatal Error] :1:1: Premature end of file.
2025-03-23 11:02:33,017 [ERROR] LogOutputStream:75 - [STDERR_REDIRECT] 
2025-03-23 11:02:34,001 [ERROR] LogOutputStream:75 - [STDERR_REDIRECT] [Fatal Error] :1:1: Premature end of file.
2025-03-23 11:02:34,001 [ERROR] LogOutputStream:75 - [STDERR_REDIRECT] 
2025-03-23 11:02:35,006 [ERROR] LogOutputStream:75 - [STDERR_REDIRECT] [Fatal Error] :1:1: Premature end of file.
2025-03-23 11:02:35,006 [ERROR] LogOutputStream:75 - [STDERR_REDIRECT] 
2025-03-23 11:02:36,004 [ERROR] LogOutputStream:75 - [STDERR_REDIRECT] [Fatal Error] :1:1: Premature end of file.
2025-03-23 11:02:36,004 [ERROR] LogOutputStream:75 - [STDERR_REDIRECT] 
2025-03-23 11:02:37,002 [ERROR] LogOutputStream:75 - [STDERR_REDIRECT] [Fatal Error] :1:1: Premature end of file.
2025-03-23 11:02:37,002 [ERROR] LogOutputStream:75 - [STDERR_REDIRECT] 
2025-03-23 11:02:38,002 [ERROR] LogOutputStream:75 - [STDERR_REDIRECT] [Fatal Error] :1:1: Premature end of file.
2025-03-23 11:02:38,002 [ERROR] LogOutputStream:75 - [STDERR_REDIRECT] 
2025-03-23 11:02:38,999 [ERROR] LogOutputStream:75 - [STDERR_REDIRECT] [Fatal Error] :1:1: Premature end of file.
2025-03-23 11:02:38,999 [ERROR] LogOutputStream:75 - [STDERR_REDIRECT] 
2025-03-23 11:02:40,005 [ERROR] LogOutputStream:75 - [STDERR_REDIRECT] [Fatal Error] :1:1: Premature end of file.
2025-03-23 11:02:40,005 [ERROR] LogOutputStream:75 - [STDERR_REDIRECT] 
2025-03-23 11:02:41,004 [ERROR] LogOutputStream:75 - [STDERR_REDIRECT] [Fatal Error] :1:1: Premature end of file.
2025-03-23 11:02:41,004 [ERROR] LogOutputStream:75 - [STDERR_REDIRECT] 
2025-03-23 11:02:42,005 [ERROR] LogOutputStream:75 - [STDERR_REDIRECT] [Fatal Error] :1:1: Premature end of file.
2025-03-23 11:02:42,005 [ERROR] LogOutputStream:75 - [STDERR_REDIRECT] 
2025-03-23 11:02:43,018 [ERROR] LogOutputStream:75 - [STDERR_REDIRECT] [Fatal Error] :1:1: Premature end of file.
2025-03-23 11:02:43,018 [ERROR] LogOutputStream:75 - [STDERR_REDIRECT] 
2025-03-23 11:02:44,005 [ERROR] LogOutputStream:75 - [STDERR_REDIRECT] [Fatal Error] :1:1: Premature end of file.
2025-03-23 11:02:44,005 [ERROR] LogOutputStream:75 - [STDERR_REDIRECT] 
2025-03-23 11:02:45,000 [ERROR] LogOutputStream:75 - [STDERR_REDIRECT] [Fatal Error] :1:1: Premature end of file.
2025-03-23 11:02:45,000 [ERROR] LogOutputStream:75 - [STDERR_REDIRECT] 
2025-03-23 11:02:46,005 [ERROR] LogOutputStream:75 - [STDERR_REDIRECT] [Fatal Error] :1:1: Premature end of file.
2025-03-23 11:02:46,005 [ERROR] LogOutputStream:75 - [STDERR_REDIRECT] 
2025-03-23 11:02:47,000 [ERROR] LogOutputStream:75 - [STDERR_REDIRECT] [Fatal Error] :1:1: Premature end of file.
2025-03-23 11:02:47,000 [ERROR] LogOutputStream:75 - [STDERR_REDIRECT] 
2025-03-23 11:02:48,006 [ERROR] LogOutputStream:75 - [STDERR_REDIRECT] [Fatal Error] :1:1: Premature end of file.
2025-03-23 11:02:48,006 [ERROR] LogOutputStream:75 - [STDERR_REDIRECT] 
2025-03-23 11:02:49,004 [ERROR] LogOutputStream:75 - [STDERR_REDIRECT] [Fatal Error] :1:1: Premature end of file.
2025-03-23 11:02:49,004 [ERROR] LogOutputStream:75 - [STDERR_REDIRECT] 
2025-03-23 11:02:50,010 [ERROR] LogOutputStream:75 - [STDERR_REDIRECT] [Fatal Error] :1:1: Premature end of file.
2025-03-23 11:02:50,010 [ERROR] LogOutputStream:75 - [STDERR_REDIRECT] 
2025-03-23 11:02:51,003 [ERROR] LogOutputStream:75 - [STDERR_REDIRECT] [Fatal Error] :1:1: Premature end of file.
2025-03-23 11:02:51,003 [ERROR] LogOutputStream:75 - [STDERR_REDIRECT] 
2025-03-23 11:02:52,008 [ERROR] LogOutputStream:75 - [STDERR_REDIRECT] [Fatal Error] :1:1: Premature end of file.
2025-03-23 11:02:52,008 [ERROR] LogOutputStream:75 - [STDERR_REDIRECT] 
2025-03-23 11:02:53,013 [ERROR] LogOutputStream:75 - [STDERR_REDIRECT] [Fatal Error] :1:1: Premature end of file.
2025-03-23 11:02:53,016 [ERROR] LogOutputStream:75 - [STDERR_REDIRECT] 
2025-03-23 11:02:54,012 [ERROR] LogOutputStream:75 - [STDERR_REDIRECT] [Fatal Error] :1:1: Premature end of file.
2025-03-23 11:02:54,012 [ERROR] LogOutputStream:75 - [STDERR_REDIRECT] 
2025-03-23 11:02:55,009 [ERROR] LogOutputStream:75 - [STDERR_REDIRECT] [Fatal Error] :1:1: Premature end of file.
2025-03-23 11:02:55,009 [ERROR] LogOutputStream:75 - [STDERR_REDIRECT] 
2025-03-23 11:02:56,023 [ERROR] LogOutputStream:75 - [STDERR_REDIRECT] [Fatal Error] :1:1: Premature end of file.
2025-03-23 11:02:56,023 [ERROR] LogOutputStream:75 - [STDERR_REDIRECT] 
2025-03-23 11:02:57,006 [ERROR] LogOutputStream:75 - [STDERR_REDIRECT] [Fatal Error] :1:1: Premature end of file.
2025-03-23 11:02:57,006 [ERROR] LogOutputStream:75 - [STDERR_REDIRECT] 
2025-03-23 11:02:58,001 [ERROR] LogOutputStream:75 - [STDERR_REDIRECT] [Fatal Error] :1:1: Premature end of file.
2025-03-23 11:02:58,001 [ERROR] LogOutputStream:75 - [STDERR_REDIRECT] 
2025-03-23 11:02:59,003 [ERROR] LogOutputStream:75 - [STDERR_REDIRECT] [Fatal Error] :1:1: Premature end of file.
2025-03-23 11:02:59,003 [ERROR] LogOutputStream:75 - [STDERR_REDIRECT] 
2025-03-23 11:03:00,012 [ERROR] LogOutputStream:75 - [STDERR_REDIRECT] [Fatal Error] :1:1: Premature end of file.
2025-03-23 11:03:00,012 [ERROR] LogOutputStream:75 - [STDERR_REDIRECT] 
2025-03-23 11:03:01,005 [ERROR] LogOutputStream:75 - [STDERR_REDIRECT] [Fatal Error] :1:1: Premature end of file.
2025-03-23 11:03:01,005 [ERROR] LogOutputStream:75 - [STDERR_REDIRECT] 
2025-03-23 11:03:02,011 [ERROR] LogOutputStream:75 - [STDERR_REDIRECT] [Fatal Error] :1:1: Premature end of file.
2025-03-23 11:03:02,011 [ERROR] LogOutputStream:75 - [STDERR_REDIRECT] 
2025-03-23 11:03:03,008 [ERROR] LogOutputStream:75 - [STDERR_REDIRECT] [Fatal Error] :1:1: Premature end of file.
2025-03-23 11:03:03,008 [ERROR] LogOutputStream:75 - [STDERR_REDIRECT] 
2025-03-23 11:03:03,995 [ERROR] LogOutputStream:75 - [STDERR_REDIRECT] [Fatal Error] :1:1: Premature end of file.
2025-03-23 11:03:03,995 [ERROR] LogOutputStream:75 - [STDERR_REDIRECT] 
2025-03-23 11:03:05,008 [ERROR] LogOutputStream:75 - [STDERR_REDIRECT] [Fatal Error] :1:1: Premature end of file.
2025-03-23 11:03:05,008 [ERROR] LogOutputStream:75 - [STDERR_REDIRECT] 
2025-03-23 11:03:06,003 [ERROR] LogOutputStream:75 - [STDERR_REDIRECT] [Fatal Error] :1:1: Premature end of file.
2025-03-23 11:03:06,003 [ERROR] LogOutputStream:75 - [STDERR_REDIRECT] 
2025-03-23 11:03:07,002 [ERROR] LogOutputStream:75 - [STDERR_REDIRECT] [Fatal Error] :1:1: Premature end of file.
2025-03-23 11:03:07,002 [ERROR] LogOutputStream:75 - [STDERR_REDIRECT] 
2025-03-23 11:03:08,000 [ERROR] LogOutputStream:75 - [STDERR_REDIRECT] [Fatal Error] :1:1: Premature end of file.
2025-03-23 11:03:08,000 [ERROR] LogOutputStream:75 - [STDERR_REDIRECT] 
2025-03-23 11:03:09,001 [ERROR] LogOutputStream:75 - [STDERR_REDIRECT] [Fatal Error] :1:1: Premature end of file.
2025-03-23 11:03:09,001 [ERROR] LogOutputStream:75 - [STDERR_REDIRECT] 
2025-03-23 11:03:10,008 [ERROR] LogOutputStream:75 - [STDERR_REDIRECT] [Fatal Error] :1:1: Premature end of file.
2025-03-23 11:03:10,008 [ERROR] LogOutputStream:75 - [STDERR_REDIRECT] 
2025-03-23 11:03:11,021 [ERROR] LogOutputStream:75 - [STDERR_REDIRECT] [Fatal Error] :1:1: Premature end of file.
2025-03-23 11:03:11,021 [ERROR] LogOutputStream:75 - [STDERR_REDIRECT] 
2025-03-23 11:03:12,007 [ERROR] LogOutputStream:75 - [STDERR_REDIRECT] [Fatal Error] :1:1: Premature end of file.
2025-03-23 11:03:12,007 [ERROR] LogOutputStream:75 - [STDERR_REDIRECT] 
2025-03-23 11:03:13,001 [ERROR] LogOutputStream:75 - [STDERR_REDIRECT] [Fatal Error] :1:1: Premature end of file.
2025-03-23 11:03:13,001 [ERROR] LogOutputStream:75 - [STDERR_REDIRECT] 
2025-03-23 11:03:14,002 [ERROR] LogOutputStream:75 - [STDERR_REDIRECT] [Fatal Error] :1:1: Premature end of file.
2025-03-23 11:03:14,002 [ERROR] LogOutputStream:75 - [STDERR_REDIRECT] 
2025-03-23 11:03:15,009 [ERROR] LogOutputStream:75 - [STDERR_REDIRECT] [Fatal Error] :1:1: Premature end of file.
2025-03-23 11:03:15,009 [ERROR] LogOutputStream:75 - [STDERR_REDIRECT] 
2025-03-23 11:03:16,000 [ERROR] LogOutputStream:75 - [STDERR_REDIRECT] [Fatal Error] :1:1: Premature end of file.
2025-03-23 11:03:16,000 [ERROR] LogOutputStream:75 - [STDERR_REDIRECT] 
2025-03-23 11:03:17,001 [ERROR] LogOutputStream:75 - [STDERR_REDIRECT] [Fatal Error] :1:1: Premature end of file.
2025-03-23 11:03:17,001 [ERROR] LogOutputStream:75 - [STDERR_REDIRECT] 
2025-03-23 11:03:17,999 [ERROR] LogOutputStream:75 - [STDERR_REDIRECT] [Fatal Error] :1:1: Premature end of file.
2025-03-23 11:03:17,999 [ERROR] LogOutputStream:75 - [STDERR_REDIRECT] 
2025-03-23 11:03:19,008 [ERROR] LogOutputStream:75 - [STDERR_REDIRECT] [Fatal Error] :1:1: Premature end of file.
2025-03-23 11:03:19,008 [ERROR] LogOutputStream:75 - [STDERR_REDIRECT] 
2025-03-23 11:03:19,998 [ERROR] LogOutputStream:75 - [STDERR_REDIRECT] [Fatal Error] :1:1: Premature end of file.
2025-03-23 11:03:19,998 [ERROR] LogOutputStream:75 - [STDERR_REDIRECT] 
2025-03-23 11:03:21,010 [ERROR] LogOutputStream:75 - [STDERR_REDIRECT] [Fatal Error] :1:1: Premature end of file.
2025-03-23 11:03:21,011 [ERROR] LogOutputStream:75 - [STDERR_REDIRECT] 
2025-03-23 11:03:22,007 [ERROR] LogOutputStream:75 - [STDERR_REDIRECT] [Fatal Error] :1:1: Premature end of file.
2025-03-23 11:03:22,007 [ERROR] LogOutputStream:75 - [STDERR_REDIRECT] 
2025-03-23 11:03:23,005 [ERROR] LogOutputStream:75 - [STDERR_REDIRECT] [Fatal Error] :1:1: Premature end of file.
2025-03-23 11:03:23,005 [ERROR] LogOutputStream:75 - [STDERR_REDIRECT] 
2025-03-23 11:03:24,004 [ERROR] LogOutputStream:75 - [STDERR_REDIRECT] [Fatal Error] :1:1: Premature end of file.
2025-03-23 11:03:24,004 [ERROR] LogOutputStream:75 - [STDERR_REDIRECT] 
2025-03-23 11:03:25,002 [ERROR] LogOutputStream:75 - [STDERR_REDIRECT] [Fatal Error] :1:1: Premature end of file.
2025-03-23 11:03:25,002 [ERROR] LogOutputStream:75 - [STDERR_REDIRECT] 
2025-03-23 11:03:26,003 [ERROR] LogOutputStream:75 - [STDERR_REDIRECT] [Fatal Error] :1:1: Premature end of file.
2025-03-23 11:03:26,003 [ERROR] LogOutputStream:75 - [STDERR_REDIRECT] 
2025-03-23 11:03:27,000 [ERROR] LogOutputStream:75 - [STDERR_REDIRECT] [Fatal Error] :1:1: Premature end of file.
2025-03-23 11:03:27,000 [ERROR] LogOutputStream:75 - [STDERR_REDIRECT] 
2025-03-23 11:03:28,005 [ERROR] LogOutputStream:75 - [STDERR_REDIRECT] [Fatal Error] :1:1: Premature end of file.
2025-03-23 11:03:28,005 [ERROR] LogOutputStream:75 - [STDERR_REDIRECT] 
2025-03-23 11:03:29,008 [ERROR] LogOutputStream:75 - [STDERR_REDIRECT] [Fatal Error] :1:1: Premature end of file.
2025-03-23 11:03:29,008 [ERROR] LogOutputStream:75 - [STDERR_REDIRECT] 
2025-03-23 11:03:30,008 [ERROR] LogOutputStream:75 - [STDERR_REDIRECT] [Fatal Error] :1:1: Premature end of file.
2025-03-23 11:03:30,008 [ERROR] LogOutputStream:75 - [STDERR_REDIRECT] 
2025-03-23 11:03:31,004 [ERROR] LogOutputStream:75 - [STDERR_REDIRECT] [Fatal Error] :1:1: Premature end of file.
2025-03-23 11:03:31,004 [ERROR] LogOutputStream:75 - [STDERR_REDIRECT] 
2025-03-23 11:03:32,000 [ERROR] LogOutputStream:75 - [STDERR_REDIRECT] [Fatal Error] :1:1: Premature end of file.
2025-03-23 11:03:32,000 [ERROR] LogOutputStream:75 - [STDERR_REDIRECT] 
2025-03-23 11:03:33,004 [ERROR] LogOutputStream:75 - [STDERR_REDIRECT] [Fatal Error] :1:1: Premature end of file.
2025-03-23 11:03:33,004 [ERROR] LogOutputStream:75 - [STDERR_REDIRECT] 
2025-03-23 11:03:34,012 [ERROR] LogOutputStream:75 - [STDERR_REDIRECT] [Fatal Error] :1:1: Premature end of file.
2025-03-23 11:03:34,012 [ERROR] LogOutputStream:75 - [STDERR_REDIRECT] 
2025-03-23 11:03:35,006 [ERROR] LogOutputStream:75 - [STDERR_REDIRECT] [Fatal Error] :1:1: Premature end of file.
2025-03-23 11:03:35,006 [ERROR] LogOutputStream:75 - [STDERR_REDIRECT] 
2025-03-23 11:03:36,003 [ERROR] LogOutputStream:75 - [STDERR_REDIRECT] [Fatal Error] :1:1: Premature end of file.
2025-03-23 11:03:36,003 [ERROR] LogOutputStream:75 - [STDERR_REDIRECT] 
2025-03-23 11:03:36,997 [ERROR] LogOutputStream:75 - [STDERR_REDIRECT] [Fatal Error] :1:1: Premature end of file.
2025-03-23 11:03:36,997 [ERROR] LogOutputStream:75 - [STDERR_REDIRECT] 
2025-03-23 11:03:38,002 [ERROR] LogOutputStream:75 - [STDERR_REDIRECT] [Fatal Error] :1:1: Premature end of file.
2025-03-23 11:03:38,002 [ERROR] LogOutputStream:75 - [STDERR_REDIRECT] 
2025-03-23 11:03:39,005 [ERROR] LogOutputStream:75 - [STDERR_REDIRECT] [Fatal Error] :1:1: Premature end of file.
2025-03-23 11:03:39,005 [ERROR] LogOutputStream:75 - [STDERR_REDIRECT] 
2025-03-23 11:03:40,007 [ERROR] LogOutputStream:75 - [STDERR_REDIRECT] [Fatal Error] :1:1: Premature end of file.
2025-03-23 11:03:40,007 [ERROR] LogOutputStream:75 - [STDERR_REDIRECT] 
2025-03-23 11:03:41,003 [ERROR] LogOutputStream:75 - [STDERR_REDIRECT] [Fatal Error] :1:1: Premature end of file.
2025-03-23 11:03:41,003 [ERROR] LogOutputStream:75 - [STDERR_REDIRECT] 
2025-03-23 11:03:42,008 [ERROR] LogOutputStream:75 - [STDERR_REDIRECT] [Fatal Error] :1:1: Premature end of file.
2025-03-23 11:03:42,008 [ERROR] LogOutputStream:75 - [STDERR_REDIRECT] 
2025-03-23 11:03:43,002 [ERROR] LogOutputStream:75 - [STDERR_REDIRECT] [Fatal Error] :1:1: Premature end of file.
2025-03-23 11:03:43,002 [ERROR] LogOutputStream:75 - [STDERR_REDIRECT] 
2025-03-23 11:03:44,006 [ERROR] LogOutputStream:75 - [STDERR_REDIRECT] [Fatal Error] :1:1: Premature end of file.
2025-03-23 11:03:44,006 [ERROR] LogOutputStream:75 - [STDERR_REDIRECT] 
2025-03-23 11:03:45,006 [ERROR] LogOutputStream:75 - [STDERR_REDIRECT] [Fatal Error] :1:1: Premature end of file.
2025-03-23 11:03:45,006 [ERROR] LogOutputStream:75 - [STDERR_REDIRECT] 
2025-03-23 11:03:46,014 [ERROR] LogOutputStream:75 - [STDERR_REDIRECT] [Fatal Error] :1:1: Premature end of file.
2025-03-23 11:03:46,014 [ERROR] LogOutputStream:75 - [STDERR_REDIRECT] 
2025-03-23 11:03:47,012 [ERROR] LogOutputStream:75 - [STDERR_REDIRECT] [Fatal Error] :1:1: Premature end of file.
2025-03-23 11:03:47,012 [ERROR] LogOutputStream:75 - [STDERR_REDIRECT] 
2025-03-23 11:03:47,996 [ERROR] LogOutputStream:75 - [STDERR_REDIRECT] [Fatal Error] :1:1: Premature end of file.
2025-03-23 11:03:47,996 [ERROR] LogOutputStream:75 - [STDERR_REDIRECT] 
2025-03-23 11:03:49,007 [ERROR] LogOutputStream:75 - [STDERR_REDIRECT] [Fatal Error] :1:1: Premature end of file.
2025-03-23 11:03:49,007 [ERROR] LogOutputStream:75 - [STDERR_REDIRECT] 
2025-03-23 11:03:49,997 [ERROR] LogOutputStream:75 - [STDERR_REDIRECT] [Fatal Error] :1:1: Premature end of file.
2025-03-23 11:03:49,997 [ERROR] LogOutputStream:75 - [STDERR_REDIRECT] 
2025-03-23 11:03:51,011 [ERROR] LogOutputStream:75 - [STDERR_REDIRECT] [Fatal Error] :1:1: Premature end of file.
2025-03-23 11:03:51,011 [ERROR] LogOutputStream:75 - [STDERR_REDIRECT] 
2025-03-23 11:03:52,016 [ERROR] LogOutputStream:75 - [STDERR_REDIRECT] [Fatal Error] :1:1: Premature end of file.
2025-03-23 11:03:52,016 [ERROR] LogOutputStream:75 - [STDERR_REDIRECT] 
2025-03-23 11:03:52,996 [ERROR] LogOutputStream:75 - [STDERR_REDIRECT] [Fatal Error] :1:1: Premature end of file.
2025-03-23 11:03:52,996 [ERROR] LogOutputStream:75 - [STDERR_REDIRECT] 
2025-03-23 11:03:54,013 [ERROR] LogOutputStream:75 - [STDERR_REDIRECT] [Fatal Error] :1:1: Premature end of file.
2025-03-23 11:03:54,013 [ERROR] LogOutputStream:75 - [STDERR_REDIRECT] 
2025-03-23 11:03:55,012 [ERROR] LogOutputStream:75 - [STDERR_REDIRECT] [Fatal Error] :1:1: Premature end of file.
2025-03-23 11:03:55,012 [ERROR] LogOutputStream:75 - [STDERR_REDIRECT] 
2025-03-23 11:03:56,000 [ERROR] LogOutputStream:75 - [STDERR_REDIRECT] [Fatal Error] :1:1: Premature end of file.
2025-03-23 11:03:56,000 [ERROR] LogOutputStream:75 - [STDERR_REDIRECT] 
2025-03-23 11:03:56,997 [ERROR] LogOutputStream:75 - [STDERR_REDIRECT] [Fatal Error] :1:1: Premature end of file.
2025-03-23 11:03:56,997 [ERROR] LogOutputStream:75 - [STDERR_REDIRECT] 
2025-03-23 11:03:58,011 [ERROR] LogOutputStream:75 - [STDERR_REDIRECT] [Fatal Error] :1:1: Premature end of file.
2025-03-23 11:03:58,011 [ERROR] LogOutputStream:75 - [STDERR_REDIRECT] 
2025-03-23 11:03:59,011 [ERROR] LogOutputStream:75 - [STDERR_REDIRECT] [Fatal Error] :1:1: Premature end of file.
2025-03-23 11:03:59,011 [ERROR] LogOutputStream:75 - [STDERR_REDIRECT] 
2025-03-23 11:04:00,015 [ERROR] LogOutputStream:75 - [STDERR_REDIRECT] [Fatal Error] :1:1: Premature end of file.
2025-03-23 11:04:00,015 [ERROR] LogOutputStream:75 - [STDERR_REDIRECT] 
2025-03-23 11:04:01,001 [ERROR] LogOutputStream:75 - [STDERR_REDIRECT] [Fatal Error] :1:1: Premature end of file.
2025-03-23 11:04:01,005 [ERROR] LogOutputStream:75 - [STDERR_REDIRECT] 
2025-03-23 11:04:02,002 [ERROR] LogOutputStream:75 - [STDERR_REDIRECT] [Fatal Error] :1:1: Premature end of file.
2025-03-23 11:04:02,002 [ERROR] LogOutputStream:75 - [STDERR_REDIRECT] 
2025-03-23 11:04:02,997 [ERROR] LogOutputStream:75 - [STDERR_REDIRECT] [Fatal Error] :1:1: Premature end of file.
2025-03-23 11:04:02,997 [ERROR] LogOutputStream:75 - [STDERR_REDIRECT] 
2025-03-23 11:04:04,002 [ERROR] LogOutputStream:75 - [STDERR_REDIRECT] [Fatal Error] :1:1: Premature end of file.
2025-03-23 11:04:04,002 [ERROR] LogOutputStream:75 - [STDERR_REDIRECT] 
2025-03-23 11:04:05,002 [ERROR] LogOutputStream:75 - [STDERR_REDIRECT] [Fatal Error] :1:1: Premature end of file.
2025-03-23 11:04:05,002 [ERROR] LogOutputStream:75 - [STDERR_REDIRECT] 
2025-03-23 11:04:06,001 [ERROR] LogOutputStream:75 - [STDERR_REDIRECT] [Fatal Error] :1:1: Premature end of file.
2025-03-23 11:04:06,001 [ERROR] LogOutputStream:75 - [STDERR_REDIRECT] 
2025-03-23 11:04:07,010 [ERROR] LogOutputStream:75 - [STDERR_REDIRECT] [Fatal Error] :1:1: Premature end of file.
2025-03-23 11:04:07,010 [ERROR] LogOutputStream:75 - [STDERR_REDIRECT] 
2025-03-23 11:04:08,001 [ERROR] LogOutputStream:75 - [STDERR_REDIRECT] [Fatal Error] :1:1: Premature end of file.
2025-03-23 11:04:08,001 [ERROR] LogOutputStream:75 - [STDERR_REDIRECT] 
2025-03-23 11:04:09,005 [ERROR] LogOutputStream:75 - [STDERR_REDIRECT] [Fatal Error] :1:1: Premature end of file.
2025-03-23 11:04:09,012 [ERROR] LogOutputStream:75 - [STDERR_REDIRECT] 
2025-03-23 11:04:10,002 [ERROR] LogOutputStream:75 - [STDERR_REDIRECT] [Fatal Error] :1:1: Premature end of file.
2025-03-23 11:04:10,002 [ERROR] LogOutputStream:75 - [STDERR_REDIRECT] 
2025-03-23 11:04:11,003 [ERROR] LogOutputStream:75 - [STDERR_REDIRECT] [Fatal Error] :1:1: Premature end of file.
2025-03-23 11:04:11,003 [ERROR] LogOutputStream:75 - [STDERR_REDIRECT] 
2025-03-23 11:04:12,002 [ERROR] LogOutputStream:75 - [STDERR_REDIRECT] [Fatal Error] :1:1: Premature end of file.
2025-03-23 11:04:12,002 [ERROR] LogOutputStream:75 - [STDERR_REDIRECT] 
2025-03-23 11:04:13,000 [ERROR] LogOutputStream:75 - [STDERR_REDIRECT] [Fatal Error] :1:1: Premature end of file.
2025-03-23 11:04:13,000 [ERROR] LogOutputStream:75 - [STDERR_REDIRECT] 
2025-03-23 11:04:14,003 [ERROR] LogOutputStream:75 - [STDERR_REDIRECT] [Fatal Error] :1:1: Premature end of file.
2025-03-23 11:04:14,003 [ERROR] LogOutputStream:75 - [STDERR_REDIRECT] 
2025-03-23 11:04:15,003 [ERROR] LogOutputStream:75 - [STDERR_REDIRECT] [Fatal Error] :1:1: Premature end of file.
2025-03-23 11:04:15,003 [ERROR] LogOutputStream:75 - [STDERR_REDIRECT] 
2025-03-23 11:04:15,999 [ERROR] LogOutputStream:75 - [STDERR_REDIRECT] [Fatal Error] :1:1: Premature end of file.
2025-03-23 11:04:15,999 [ERROR] LogOutputStream:75 - [STDERR_REDIRECT] 
2025-03-23 11:04:17,003 [ERROR] LogOutputStream:75 - [STDERR_REDIRECT] [Fatal Error] :1:1: Premature end of file.
2025-03-23 11:04:17,003 [ERROR] LogOutputStream:75 - [STDERR_REDIRECT] 
2025-03-23 11:04:18,004 [ERROR] LogOutputStream:75 - [STDERR_REDIRECT] [Fatal Error] :1:1: Premature end of file.
2025-03-23 11:04:18,004 [ERROR] LogOutputStream:75 - [STDERR_REDIRECT] 
2025-03-23 11:04:19,005 [ERROR] LogOutputStream:75 - [STDERR_REDIRECT] [Fatal Error] :1:1: Premature end of file.
2025-03-23 11:04:19,005 [ERROR] LogOutputStream:75 - [STDERR_REDIRECT] 
2025-03-23 11:04:20,003 [ERROR] LogOutputStream:75 - [STDERR_REDIRECT] [Fatal Error] :1:1: Premature end of file.
2025-03-23 11:04:20,003 [ERROR] LogOutputStream:75 - [STDERR_REDIRECT] 
2025-03-23 11:04:21,003 [ERROR] LogOutputStream:75 - [STDERR_REDIRECT] [Fatal Error] :1:1: Premature end of file.
2025-03-23 11:04:21,003 [ERROR] LogOutputStream:75 - [STDERR_REDIRECT] 
2025-03-23 11:04:22,002 [ERROR] LogOutputStream:75 - [STDERR_REDIRECT] [Fatal Error] :1:1: Premature end of file.
2025-03-23 11:04:22,002 [ERROR] LogOutputStream:75 - [STDERR_REDIRECT] 
2025-03-23 11:04:23,001 [ERROR] LogOutputStream:75 - [STDERR_REDIRECT] [Fatal Error] :1:1: Premature end of file.
2025-03-23 11:04:23,001 [ERROR] LogOutputStream:75 - [STDERR_REDIRECT] 
2025-03-23 11:04:24,015 [ERROR] LogOutputStream:75 - [STDERR_REDIRECT] [Fatal Error] :1:1: Premature end of file.
2025-03-23 11:04:24,015 [ERROR] LogOutputStream:75 - [STDERR_REDIRECT] 
2025-03-23 11:04:25,003 [ERROR] LogOutputStream:75 - [STDERR_REDIRECT] [Fatal Error] :1:1: Premature end of file.
2025-03-23 11:04:25,003 [ERROR] LogOutputStream:75 - [STDERR_REDIRECT] 
2025-03-23 11:04:26,004 [ERROR] LogOutputStream:75 - [STDERR_REDIRECT] [Fatal Error] :1:1: Premature end of file.
2025-03-23 11:04:26,004 [ERROR] LogOutputStream:75 - [STDERR_REDIRECT] 
2025-03-23 11:04:27,001 [ERROR] LogOutputStream:75 - [STDERR_REDIRECT] [Fatal Error] :1:1: Premature end of file.
2025-03-23 11:04:27,001 [ERROR] LogOutputStream:75 - [STDERR_REDIRECT] 
2025-03-23 11:04:28,003 [ERROR] LogOutputStream:75 - [STDERR_REDIRECT] [Fatal Error] :1:1: Premature end of file.
2025-03-23 11:04:28,003 [ERROR] LogOutputStream:75 - [STDERR_REDIRECT] 
2025-03-23 11:04:29,003 [ERROR] LogOutputStream:75 - [STDERR_REDIRECT] [Fatal Error] :1:1: Premature end of file.
2025-03-23 11:04:29,003 [ERROR] LogOutputStream:75 - [STDERR_REDIRECT] 
2025-03-23 11:04:30,000 [ERROR] LogOutputStream:75 - [STDERR_REDIRECT] [Fatal Error] :1:1: Premature end of file.
2025-03-23 11:04:30,000 [ERROR] LogOutputStream:75 - [STDERR_REDIRECT] 
2025-03-23 11:04:31,004 [ERROR] LogOutputStream:75 - [STDERR_REDIRECT] [Fatal Error] :1:1: Premature end of file.
2025-03-23 11:04:31,004 [ERROR] LogOutputStream:75 - [STDERR_REDIRECT] 
2025-03-23 11:04:32,002 [ERROR] LogOutputStream:75 - [STDERR_REDIRECT] [Fatal Error] :1:1: Premature end of file.
2025-03-23 11:04:32,002 [ERROR] LogOutputStream:75 - [STDERR_REDIRECT] 
2025-03-23 11:04:33,002 [ERROR] LogOutputStream:75 - [STDERR_REDIRECT] [Fatal Error] :1:1: Premature end of file.
2025-03-23 11:04:33,002 [ERROR] LogOutputStream:75 - [STDERR_REDIRECT] 
2025-03-23 11:04:34,000 [ERROR] LogOutputStream:75 - [STDERR_REDIRECT] [Fatal Error] :1:1: Premature end of file.
2025-03-23 11:04:34,000 [ERROR] LogOutputStream:75 - [STDERR_REDIRECT] 
2025-03-23 11:04:35,005 [ERROR] LogOutputStream:75 - [STDERR_REDIRECT] [Fatal Error] :1:1: Premature end of file.
2025-03-23 11:04:35,005 [ERROR] LogOutputStream:75 - [STDERR_REDIRECT] 
2025-03-23 11:04:36,005 [ERROR] LogOutputStream:75 - [STDERR_REDIRECT] [Fatal Error] :1:1: Premature end of file.
2025-03-23 11:04:36,005 [ERROR] LogOutputStream:75 - [STDERR_REDIRECT] 
2025-03-23 11:04:36,994 [ERROR] LogOutputStream:75 - [STDERR_REDIRECT] [Fatal Error] :1:1: Premature end of file.
2025-03-23 11:04:36,994 [ERROR] LogOutputStream:75 - [STDERR_REDIRECT] 
2025-03-23 11:04:38,010 [ERROR] LogOutputStream:75 - [STDERR_REDIRECT] [Fatal Error] :1:1: Premature end of file.
2025-03-23 11:04:38,010 [ERROR] LogOutputStream:75 - [STDERR_REDIRECT] 
2025-03-23 11:04:39,004 [ERROR] LogOutputStream:75 - [STDERR_REDIRECT] [Fatal Error] :1:1: Premature end of file.
2025-03-23 11:04:39,004 [ERROR] LogOutputStream:75 - [STDERR_REDIRECT] 
2025-03-23 11:04:40,001 [ERROR] LogOutputStream:75 - [STDERR_REDIRECT] [Fatal Error] :1:1: Premature end of file.
2025-03-23 11:04:40,001 [ERROR] LogOutputStream:75 - [STDERR_REDIRECT] 
2025-03-23 11:04:41,008 [ERROR] LogOutputStream:75 - [STDERR_REDIRECT] [Fatal Error] :1:1: Premature end of file.
2025-03-23 11:04:41,008 [ERROR] LogOutputStream:75 - [STDERR_REDIRECT] 
2025-03-23 11:04:42,008 [ERROR] LogOutputStream:75 - [STDERR_REDIRECT] [Fatal Error] :1:1: Premature end of file.
2025-03-23 11:04:42,008 [ERROR] LogOutputStream:75 - [STDERR_REDIRECT] 
2025-03-23 11:04:43,002 [ERROR] LogOutputStream:75 - [STDERR_REDIRECT] [Fatal Error] :1:1: Premature end of file.
2025-03-23 11:04:43,002 [ERROR] LogOutputStream:75 - [STDERR_REDIRECT] 
2025-03-23 11:04:44,004 [ERROR] LogOutputStream:75 - [STDERR_REDIRECT] [Fatal Error] :1:1: Premature end of file.
2025-03-23 11:04:44,004 [ERROR] LogOutputStream:75 - [STDERR_REDIRECT] 
2025-03-23 11:04:45,000 [ERROR] LogOutputStream:75 - [STDERR_REDIRECT] [Fatal Error] :1:1: Premature end of file.
2025-03-23 11:04:45,000 [ERROR] LogOutputStream:75 - [STDERR_REDIRECT] 
2025-03-23 11:04:46,004 [ERROR] LogOutputStream:75 - [STDERR_REDIRECT] [Fatal Error] :1:1: Premature end of file.
2025-03-23 11:04:46,004 [ERROR] LogOutputStream:75 - [STDERR_REDIRECT] 
2025-03-23 11:04:46,999 [ERROR] LogOutputStream:75 - [STDERR_REDIRECT] [Fatal Error] :1:1: Premature end of file.
2025-03-23 11:04:46,999 [ERROR] LogOutputStream:75 - [STDERR_REDIRECT] 
2025-03-23 11:04:47,998 [ERROR] LogOutputStream:75 - [STDERR_REDIRECT] [Fatal Error] :1:1: Premature end of file.
2025-03-23 11:04:48,006 [ERROR] LogOutputStream:75 - [STDERR_REDIRECT] 
2025-03-23 11:04:49,002 [ERROR] LogOutputStream:75 - [STDERR_REDIRECT] [Fatal Error] :1:1: Premature end of file.
2025-03-23 11:04:49,002 [ERROR] LogOutputStream:75 - [STDERR_REDIRECT] 
2025-03-23 11:04:50,002 [ERROR] LogOutputStream:75 - [STDERR_REDIRECT] [Fatal Error] :1:1: Premature end of file.
2025-03-23 11:04:50,002 [ERROR] LogOutputStream:75 - [STDERR_REDIRECT] 
2025-03-23 11:04:51,009 [ERROR] LogOutputStream:75 - [STDERR_REDIRECT] [Fatal Error] :1:1: Premature end of file.
2025-03-23 11:04:51,009 [ERROR] LogOutputStream:75 - [STDERR_REDIRECT] 
2025-03-23 11:04:52,018 [ERROR] LogOutputStream:75 - [STDERR_REDIRECT] [Fatal Error] :1:1: Premature end of file.
2025-03-23 11:04:52,018 [ERROR] LogOutputStream:75 - [STDERR_REDIRECT] 
2025-03-23 11:04:52,995 [ERROR] LogOutputStream:75 - [STDERR_REDIRECT] [Fatal Error] :1:1: Premature end of file.
2025-03-23 11:04:52,995 [ERROR] LogOutputStream:75 - [STDERR_REDIRECT] 
2025-03-23 11:04:54,010 [ERROR] LogOutputStream:75 - [STDERR_REDIRECT] [Fatal Error] :1:1: Premature end of file.
2025-03-23 11:04:54,010 [ERROR] LogOutputStream:75 - [STDERR_REDIRECT] 
2025-03-23 11:04:55,001 [ERROR] LogOutputStream:75 - [STDERR_REDIRECT] [Fatal Error] :1:1: Premature end of file.
2025-03-23 11:04:55,001 [ERROR] LogOutputStream:75 - [STDERR_REDIRECT] 
2025-03-23 11:04:56,007 [ERROR] LogOutputStream:75 - [STDERR_REDIRECT] [Fatal Error] :1:1: Premature end of file.
2025-03-23 11:04:56,007 [ERROR] LogOutputStream:75 - [STDERR_REDIRECT] 
2025-03-23 11:04:57,004 [ERROR] LogOutputStream:75 - [STDERR_REDIRECT] [Fatal Error] :1:1: Premature end of file.
2025-03-23 11:04:57,005 [ERROR] LogOutputStream:75 - [STDERR_REDIRECT] 
2025-03-23 11:04:58,001 [ERROR] LogOutputStream:75 - [STDERR_REDIRECT] [Fatal Error] :1:1: Premature end of file.
2025-03-23 11:04:58,001 [ERROR] LogOutputStream:75 - [STDERR_REDIRECT] 
2025-03-23 11:04:59,003 [ERROR] LogOutputStream:75 - [STDERR_REDIRECT] [Fatal Error] :1:1: Premature end of file.
2025-03-23 11:04:59,003 [ERROR] LogOutputStream:75 - [STDERR_REDIRECT] 
2025-03-23 11:05:00,001 [ERROR] LogOutputStream:75 - [STDERR_REDIRECT] [Fatal Error] :1:1: Premature end of file.
2025-03-23 11:05:00,001 [ERROR] LogOutputStream:75 - [STDERR_REDIRECT] 
2025-03-23 11:05:01,008 [ERROR] LogOutputStream:75 - [STDERR_REDIRECT] [Fatal Error] :1:1: Premature end of file.
2025-03-23 11:05:01,008 [ERROR] LogOutputStream:75 - [STDERR_REDIRECT] 
2025-03-23 11:05:02,003 [ERROR] LogOutputStream:75 - [STDERR_REDIRECT] [Fatal Error] :1:1: Premature end of file.
2025-03-23 11:05:02,003 [ERROR] LogOutputStream:75 - [STDERR_REDIRECT] 
2025-03-23 11:05:03,002 [ERROR] LogOutputStream:75 - [STDERR_REDIRECT] [Fatal Error] :1:1: Premature end of file.
2025-03-23 11:05:03,002 [ERROR] LogOutputStream:75 - [STDERR_REDIRECT] 
2025-03-23 11:05:04,013 [ERROR] LogOutputStream:75 - [STDERR_REDIRECT] [Fatal Error] :1:1: Premature end of file.
2025-03-23 11:05:04,013 [ERROR] LogOutputStream:75 - [STDERR_REDIRECT] 
2025-03-23 11:05:05,004 [ERROR] LogOutputStream:75 - [STDERR_REDIRECT] [Fatal Error] :1:1: Premature end of file.
2025-03-23 11:05:05,004 [ERROR] LogOutputStream:75 - [STDERR_REDIRECT] 
2025-03-23 11:05:06,004 [ERROR] LogOutputStream:75 - [STDERR_REDIRECT] [Fatal Error] :1:1: Premature end of file.
2025-03-23 11:05:06,004 [ERROR] LogOutputStream:75 - [STDERR_REDIRECT] 
2025-03-23 11:05:06,998 [ERROR] LogOutputStream:75 - [STDERR_REDIRECT] [Fatal Error] :1:1: Premature end of file.
2025-03-23 11:05:07,006 [ERROR] LogOutputStream:75 - [STDERR_REDIRECT] 
2025-03-23 11:05:08,002 [ERROR] LogOutputStream:75 - [STDERR_REDIRECT] [Fatal Error] :1:1: Premature end of file.
2025-03-23 11:05:08,002 [ERROR] LogOutputStream:75 - [STDERR_REDIRECT] 
2025-03-23 11:05:09,004 [ERROR] LogOutputStream:75 - [STDERR_REDIRECT] [Fatal Error] :1:1: Premature end of file.
2025-03-23 11:05:09,004 [ERROR] LogOutputStream:75 - [STDERR_REDIRECT] 
2025-03-23 11:05:10,003 [ERROR] LogOutputStream:75 - [STDERR_REDIRECT] [Fatal Error] :1:1: Premature end of file.
2025-03-23 11:05:10,003 [ERROR] LogOutputStream:75 - [STDERR_REDIRECT] 
2025-03-23 11:05:10,999 [ERROR] LogOutputStream:75 - [STDERR_REDIRECT] [Fatal Error] :1:1: Premature end of file.
2025-03-23 11:05:10,999 [ERROR] LogOutputStream:75 - [STDERR_REDIRECT] 
2025-03-23 11:05:12,004 [ERROR] LogOutputStream:75 - [STDERR_REDIRECT] [Fatal Error] :1:1: Premature end of file.
2025-03-23 11:05:12,004 [ERROR] LogOutputStream:75 - [STDERR_REDIRECT] 
2025-03-23 11:05:13,003 [ERROR] LogOutputStream:75 - [STDERR_REDIRECT] [Fatal Error] :1:1: Premature end of file.
2025-03-23 11:05:13,005 [ERROR] LogOutputStream:75 - [STDERR_REDIRECT] 
2025-03-23 11:05:13,998 [ERROR] LogOutputStream:75 - [STDERR_REDIRECT] [Fatal Error] :1:1: Premature end of file.
2025-03-23 11:05:13,998 [ERROR] LogOutputStream:75 - [STDERR_REDIRECT] 
2025-03-23 11:05:15,006 [ERROR] LogOutputStream:75 - [STDERR_REDIRECT] [Fatal Error] :1:1: Premature end of file.
2025-03-23 11:05:15,006 [ERROR] LogOutputStream:75 - [STDERR_REDIRECT] 
2025-03-23 11:05:16,001 [ERROR] LogOutputStream:75 - [STDERR_REDIRECT] [Fatal Error] :1:1: Premature end of file.
2025-03-23 11:05:16,001 [ERROR] LogOutputStream:75 - [STDERR_REDIRECT] 
2025-03-23 11:05:17,012 [ERROR] LogOutputStream:75 - [STDERR_REDIRECT] [Fatal Error] :1:1: Premature end of file.
2025-03-23 11:05:17,012 [ERROR] LogOutputStream:75 - [STDERR_REDIRECT] 
2025-03-23 11:05:18,001 [ERROR] LogOutputStream:75 - [STDERR_REDIRECT] [Fatal Error] :1:1: Premature end of file.
2025-03-23 11:05:18,001 [ERROR] LogOutputStream:75 - [STDERR_REDIRECT] 
2025-03-23 11:05:18,995 [ERROR] LogOutputStream:75 - [STDERR_REDIRECT] [Fatal Error] :1:1: Premature end of file.
2025-03-23 11:05:18,995 [ERROR] LogOutputStream:75 - [STDERR_REDIRECT] 
2025-03-23 11:05:20,013 [ERROR] LogOutputStream:75 - [STDERR_REDIRECT] [Fatal Error] :1:1: Premature end of file.
2025-03-23 11:05:20,013 [ERROR] LogOutputStream:75 - [STDERR_REDIRECT] 
2025-03-23 11:05:21,007 [ERROR] LogOutputStream:75 - [STDERR_REDIRECT] [Fatal Error] :1:1: Premature end of file.
2025-03-23 11:05:21,007 [ERROR] LogOutputStream:75 - [STDERR_REDIRECT] 
2025-03-23 11:05:22,004 [ERROR] LogOutputStream:75 - [STDERR_REDIRECT] [Fatal Error] :1:1: Premature end of file.
2025-03-23 11:05:22,004 [ERROR] LogOutputStream:75 - [STDERR_REDIRECT] 
2025-03-23 11:05:23,001 [ERROR] LogOutputStream:75 - [STDERR_REDIRECT] [Fatal Error] :1:1: Premature end of file.
2025-03-23 11:05:23,001 [ERROR] LogOutputStream:75 - [STDERR_REDIRECT] 
2025-03-23 11:05:24,015 [ERROR] LogOutputStream:75 - [STDERR_REDIRECT] [Fatal Error] :1:1: Premature end of file.
2025-03-23 11:05:24,015 [ERROR] LogOutputStream:75 - [STDERR_REDIRECT] 
2025-03-23 11:05:24,999 [ERROR] LogOutputStream:75 - [STDERR_REDIRECT] [Fatal Error] :1:1: Premature end of file.
2025-03-23 11:05:24,999 [ERROR] LogOutputStream:75 - [STDERR_REDIRECT] 
2025-03-23 11:05:26,003 [ERROR] LogOutputStream:75 - [STDERR_REDIRECT] [Fatal Error] :1:1: Premature end of file.
2025-03-23 11:05:26,003 [ERROR] LogOutputStream:75 - [STDERR_REDIRECT] 
2025-03-23 11:05:27,004 [ERROR] LogOutputStream:75 - [STDERR_REDIRECT] [Fatal Error] :1:1: Premature end of file.
2025-03-23 11:05:27,004 [ERROR] LogOutputStream:75 - [STDERR_REDIRECT] 
2025-03-23 11:05:28,005 [ERROR] LogOutputStream:75 - [STDERR_REDIRECT] [Fatal Error] :1:1: Premature end of file.
2025-03-23 11:05:28,005 [ERROR] LogOutputStream:75 - [STDERR_REDIRECT] 
2025-03-23 11:05:29,001 [ERROR] LogOutputStream:75 - [STDERR_REDIRECT] [Fatal Error] :1:1: Premature end of file.
2025-03-23 11:05:29,001 [ERROR] LogOutputStream:75 - [STDERR_REDIRECT] 
2025-03-23 11:05:30,002 [ERROR] LogOutputStream:75 - [STDERR_REDIRECT] [Fatal Error] :1:1: Premature end of file.
2025-03-23 11:05:30,002 [ERROR] LogOutputStream:75 - [STDERR_REDIRECT] 
2025-03-23 11:05:30,999 [ERROR] LogOutputStream:75 - [STDERR_REDIRECT] [Fatal Error] :1:1: Premature end of file.
2025-03-23 11:05:30,999 [ERROR] LogOutputStream:75 - [STDERR_REDIRECT] 
2025-03-23 11:05:32,018 [ERROR] LogOutputStream:75 - [STDERR_REDIRECT] [Fatal Error] :1:1: Premature end of file.
2025-03-23 11:05:32,018 [ERROR] LogOutputStream:75 - [STDERR_REDIRECT] 
2025-03-23 11:05:32,995 [ERROR] LogOutputStream:75 - [STDERR_REDIRECT] [Fatal Error] :1:1: Premature end of file.
2025-03-23 11:05:32,995 [ERROR] LogOutputStream:75 - [STDERR_REDIRECT] 
2025-03-23 11:05:34,009 [ERROR] LogOutputStream:75 - [STDERR_REDIRECT] [Fatal Error] :1:1: Premature end of file.
2025-03-23 11:05:34,009 [ERROR] LogOutputStream:75 - [STDERR_REDIRECT] 
2025-03-23 11:05:35,000 [ERROR] LogOutputStream:75 - [STDERR_REDIRECT] [Fatal Error] :1:1: Premature end of file.
2025-03-23 11:05:35,004 [ERROR] LogOutputStream:75 - [STDERR_REDIRECT] 
2025-03-23 11:05:36,002 [ERROR] LogOutputStream:75 - [STDERR_REDIRECT] [Fatal Error] :1:1: Premature end of file.
2025-03-23 11:05:36,002 [ERROR] LogOutputStream:75 - [STDERR_REDIRECT] 
2025-03-23 11:05:37,001 [ERROR] LogOutputStream:75 - [STDERR_REDIRECT] [Fatal Error] :1:1: Premature end of file.
2025-03-23 11:05:37,001 [ERROR] LogOutputStream:75 - [STDERR_REDIRECT] 
2025-03-23 11:05:38,002 [ERROR] LogOutputStream:75 - [STDERR_REDIRECT] [Fatal Error] :1:1: Premature end of file.
2025-03-23 11:05:38,003 [ERROR] LogOutputStream:75 - [STDERR_REDIRECT] 
2025-03-23 11:05:39,001 [ERROR] LogOutputStream:75 - [STDERR_REDIRECT] [Fatal Error] :1:1: Premature end of file.
2025-03-23 11:05:39,001 [ERROR] LogOutputStream:75 - [STDERR_REDIRECT] 
2025-03-23 11:05:40,003 [ERROR] LogOutputStream:75 - [STDERR_REDIRECT] [Fatal Error] :1:1: Premature end of file.
2025-03-23 11:05:40,003 [ERROR] LogOutputStream:75 - [STDERR_REDIRECT] 
2025-03-23 11:05:41,001 [ERROR] LogOutputStream:75 - [STDERR_REDIRECT] [Fatal Error] :1:1: Premature end of file.
2025-03-23 11:05:41,001 [ERROR] LogOutputStream:75 - [STDERR_REDIRECT] 
2025-03-23 11:05:42,007 [ERROR] LogOutputStream:75 - [STDERR_REDIRECT] [Fatal Error] :1:1: Premature end of file.
2025-03-23 11:05:42,007 [ERROR] LogOutputStream:75 - [STDERR_REDIRECT] 
2025-03-23 11:05:43,005 [ERROR] LogOutputStream:75 - [STDERR_REDIRECT] [Fatal Error] :1:1: Premature end of file.
2025-03-23 11:05:43,005 [ERROR] LogOutputStream:75 - [STDERR_REDIRECT] 
2025-03-23 11:05:44,006 [ERROR] LogOutputStream:75 - [STDERR_REDIRECT] [Fatal Error] :1:1: Premature end of file.
2025-03-23 11:05:44,006 [ERROR] LogOutputStream:75 - [STDERR_REDIRECT] 
2025-03-23 11:05:45,006 [ERROR] LogOutputStream:75 - [STDERR_REDIRECT] [Fatal Error] :1:1: Premature end of file.
2025-03-23 11:05:45,006 [ERROR] LogOutputStream:75 - [STDERR_REDIRECT] 
2025-03-23 11:05:45,999 [ERROR] LogOutputStream:75 - [STDERR_REDIRECT] [Fatal Error] :1:1: Premature end of file.
2025-03-23 11:05:45,999 [ERROR] LogOutputStream:75 - [STDERR_REDIRECT] 
2025-03-23 11:05:46,997 [ERROR] LogOutputStream:75 - [STDERR_REDIRECT] [Fatal Error] :1:1: Premature end of file.
2025-03-23 11:05:46,997 [ERROR] LogOutputStream:75 - [STDERR_REDIRECT] 
2025-03-23 11:05:47,999 [ERROR] LogOutputStream:75 - [STDERR_REDIRECT] [Fatal Error] :1:1: Premature end of file.
2025-03-23 11:05:47,999 [ERROR] LogOutputStream:75 - [STDERR_REDIRECT] 
2025-03-23 11:05:49,007 [ERROR] LogOutputStream:75 - [STDERR_REDIRECT] [Fatal Error] :1:1: Premature end of file.
2025-03-23 11:05:49,007 [ERROR] LogOutputStream:75 - [STDERR_REDIRECT] 
2025-03-23 11:05:49,997 [ERROR] LogOutputStream:75 - [STDERR_REDIRECT] [Fatal Error] :1:1: Premature end of file.
2025-03-23 11:05:49,997 [ERROR] LogOutputStream:75 - [STDERR_REDIRECT] 
2025-03-23 11:05:51,003 [ERROR] LogOutputStream:75 - [STDERR_REDIRECT] [Fatal Error] :1:1: Premature end of file.
2025-03-23 11:05:51,003 [ERROR] LogOutputStream:75 - [STDERR_REDIRECT] 
2025-03-23 11:05:52,006 [ERROR] LogOutputStream:75 - [STDERR_REDIRECT] [Fatal Error] :1:1: Premature end of file.
2025-03-23 11:05:52,006 [ERROR] LogOutputStream:75 - [STDERR_REDIRECT] 
2025-03-23 11:05:53,005 [ERROR] LogOutputStream:75 - [STDERR_REDIRECT] [Fatal Error] :1:1: Premature end of file.
2025-03-23 11:05:53,006 [ERROR] LogOutputStream:75 - [STDERR_REDIRECT] 
2025-03-23 11:05:54,006 [ERROR] LogOutputStream:75 - [STDERR_REDIRECT] [Fatal Error] :1:1: Premature end of file.
2025-03-23 11:05:54,006 [ERROR] LogOutputStream:75 - [STDERR_REDIRECT] 
2025-03-23 11:05:55,005 [ERROR] LogOutputStream:75 - [STDERR_REDIRECT] [Fatal Error] :1:1: Premature end of file.
2025-03-23 11:05:55,005 [ERROR] LogOutputStream:75 - [STDERR_REDIRECT] 
2025-03-23 11:05:56,003 [ERROR] LogOutputStream:75 - [STDERR_REDIRECT] [Fatal Error] :1:1: Premature end of file.
2025-03-23 11:05:56,003 [ERROR] LogOutputStream:75 - [STDERR_REDIRECT] 
2025-03-23 11:05:57,006 [ERROR] LogOutputStream:75 - [STDERR_REDIRECT] [Fatal Error] :1:1: Premature end of file.
2025-03-23 11:05:57,006 [ERROR] LogOutputStream:75 - [STDERR_REDIRECT] 
2025-03-23 11:05:58,004 [ERROR] LogOutputStream:75 - [STDERR_REDIRECT] [Fatal Error] :1:1: Premature end of file.
2025-03-23 11:05:58,004 [ERROR] LogOutputStream:75 - [STDERR_REDIRECT] 
2025-03-23 11:05:59,005 [ERROR] LogOutputStream:75 - [STDERR_REDIRECT] [Fatal Error] :1:1: Premature end of file.
2025-03-23 11:05:59,005 [ERROR] LogOutputStream:75 - [STDERR_REDIRECT] 
2025-03-23 11:06:00,005 [ERROR] LogOutputStream:75 - [STDERR_REDIRECT] [Fatal Error] :1:1: Premature end of file.
2025-03-23 11:06:00,005 [ERROR] LogOutputStream:75 - [STDERR_REDIRECT] 
2025-03-23 11:06:01,004 [ERROR] LogOutputStream:75 - [STDERR_REDIRECT] [Fatal Error] :1:1: Premature end of file.
2025-03-23 11:06:01,004 [ERROR] LogOutputStream:75 - [STDERR_REDIRECT] 
2025-03-23 11:06:02,005 [ERROR] LogOutputStream:75 - [STDERR_REDIRECT] [Fatal Error] :1:1: Premature end of file.
2025-03-23 11:06:02,005 [ERROR] LogOutputStream:75 - [STDERR_REDIRECT] 
2025-03-23 11:06:03,005 [ERROR] LogOutputStream:75 - [STDERR_REDIRECT] [Fatal Error] :1:1: Premature end of file.
2025-03-23 11:06:03,006 [ERROR] LogOutputStream:75 - [STDERR_REDIRECT] 
2025-03-23 11:06:04,004 [ERROR] LogOutputStream:75 - [STDERR_REDIRECT] [Fatal Error] :1:1: Premature end of file.
2025-03-23 11:06:04,005 [ERROR] LogOutputStream:75 - [STDERR_REDIRECT] 
2025-03-23 11:06:05,007 [ERROR] LogOutputStream:75 - [STDERR_REDIRECT] [Fatal Error] :1:1: Premature end of file.
2025-03-23 11:06:05,007 [ERROR] LogOutputStream:75 - [STDERR_REDIRECT] 
2025-03-23 11:06:06,003 [ERROR] LogOutputStream:75 - [STDERR_REDIRECT] [Fatal Error] :1:1: Premature end of file.
2025-03-23 11:06:06,004 [ERROR] LogOutputStream:75 - [STDERR_REDIRECT] 
2025-03-23 11:06:07,007 [ERROR] LogOutputStream:75 - [STDERR_REDIRECT] [Fatal Error] :1:1: Premature end of file.
2025-03-23 11:06:07,007 [ERROR] LogOutputStream:75 - [STDERR_REDIRECT] 
2025-03-23 11:06:08,006 [ERROR] LogOutputStream:75 - [STDERR_REDIRECT] [Fatal Error] :1:1: Premature end of file.
2025-03-23 11:06:08,006 [ERROR] LogOutputStream:75 - [STDERR_REDIRECT] 
2025-03-23 11:06:09,008 [ERROR] LogOutputStream:75 - [STDERR_REDIRECT] [Fatal Error] :1:1: Premature end of file.
2025-03-23 11:06:09,008 [ERROR] LogOutputStream:75 - [STDERR_REDIRECT] 
2025-03-23 11:06:10,002 [ERROR] LogOutputStream:75 - [STDERR_REDIRECT] [Fatal Error] :1:1: Premature end of file.
2025-03-23 11:06:10,002 [ERROR] LogOutputStream:75 - [STDERR_REDIRECT] 
2025-03-23 11:06:11,005 [ERROR] LogOutputStream:75 - [STDERR_REDIRECT] [Fatal Error] :1:1: Premature end of file.
2025-03-23 11:06:11,005 [ERROR] LogOutputStream:75 - [STDERR_REDIRECT] 
2025-03-23 11:06:12,005 [ERROR] LogOutputStream:75 - [STDERR_REDIRECT] [Fatal Error] :1:1: Premature end of file.
2025-03-23 11:06:12,005 [ERROR] LogOutputStream:75 - [STDERR_REDIRECT] 
2025-03-23 11:06:13,004 [ERROR] LogOutputStream:75 - [STDERR_REDIRECT] [Fatal Error] :1:1: Premature end of file.
2025-03-23 11:06:13,004 [ERROR] LogOutputStream:75 - [STDERR_REDIRECT] 
2025-03-23 11:06:14,004 [ERROR] LogOutputStream:75 - [STDERR_REDIRECT] [Fatal Error] :1:1: Premature end of file.
2025-03-23 11:06:14,004 [ERROR] LogOutputStream:75 - [STDERR_REDIRECT] 
2025-03-23 11:06:14,996 [ERROR] LogOutputStream:75 - [STDERR_REDIRECT] [Fatal Error] :1:1: Premature end of file.
2025-03-23 11:06:14,997 [ERROR] LogOutputStream:75 - [STDERR_REDIRECT] 
2025-03-23 11:06:15,999 [ERROR] LogOutputStream:75 - [STDERR_REDIRECT] [Fatal Error] :1:1: Premature end of file.
2025-03-23 11:06:15,999 [ERROR] LogOutputStream:75 - [STDERR_REDIRECT] 
2025-03-23 11:06:17,002 [ERROR] LogOutputStream:75 - [STDERR_REDIRECT] [Fatal Error] :1:1: Premature end of file.
2025-03-23 11:06:17,002 [ERROR] LogOutputStream:75 - [STDERR_REDIRECT] 
2025-03-23 11:06:17,997 [ERROR] LogOutputStream:75 - [STDERR_REDIRECT] [Fatal Error] :1:1: Premature end of file.
2025-03-23 11:06:17,997 [ERROR] LogOutputStream:75 - [STDERR_REDIRECT] 
2025-03-23 11:06:18,998 [ERROR] LogOutputStream:75 - [STDERR_REDIRECT] [Fatal Error] :1:1: Premature end of file.
2025-03-23 11:06:18,998 [ERROR] LogOutputStream:75 - [STDERR_REDIRECT] 
2025-03-23 11:06:20,001 [ERROR] LogOutputStream:75 - [STDERR_REDIRECT] [Fatal Error] :1:1: Premature end of file.
2025-03-23 11:06:20,001 [ERROR] LogOutputStream:75 - [STDERR_REDIRECT] 
2025-03-23 11:06:21,003 [ERROR] LogOutputStream:75 - [STDERR_REDIRECT] [Fatal Error] :1:1: Premature end of file.
2025-03-23 11:06:21,004 [ERROR] LogOutputStream:75 - [STDERR_REDIRECT] 
2025-03-23 11:06:22,009 [ERROR] LogOutputStream:75 - [STDERR_REDIRECT] [Fatal Error] :1:1: Premature end of file.
2025-03-23 11:06:22,009 [ERROR] LogOutputStream:75 - [STDERR_REDIRECT] 
2025-03-23 11:06:23,002 [ERROR] LogOutputStream:75 - [STDERR_REDIRECT] [Fatal Error] :1:1: Premature end of file.
2025-03-23 11:06:23,002 [ERROR] LogOutputStream:75 - [STDERR_REDIRECT] 
2025-03-23 11:06:24,001 [ERROR] LogOutputStream:75 - [STDERR_REDIRECT] [Fatal Error] :1:1: Premature end of file.
2025-03-23 11:06:24,001 [ERROR] LogOutputStream:75 - [STDERR_REDIRECT] 
2025-03-23 11:06:25,002 [ERROR] LogOutputStream:75 - [STDERR_REDIRECT] [Fatal Error] :1:1: Premature end of file.
2025-03-23 11:06:25,002 [ERROR] LogOutputStream:75 - [STDERR_REDIRECT] 
2025-03-23 11:06:26,002 [ERROR] LogOutputStream:75 - [STDERR_REDIRECT] [Fatal Error] :1:1: Premature end of file.
2025-03-23 11:06:26,002 [ERROR] LogOutputStream:75 - [STDERR_REDIRECT] 
2025-03-23 11:06:27,008 [ERROR] LogOutputStream:75 - [STDERR_REDIRECT] [Fatal Error] :1:1: Premature end of file.
2025-03-23 11:06:27,008 [ERROR] LogOutputStream:75 - [STDERR_REDIRECT] 
2025-03-23 11:06:28,002 [ERROR] LogOutputStream:75 - [STDERR_REDIRECT] [Fatal Error] :1:1: Premature end of file.
2025-03-23 11:06:28,002 [ERROR] LogOutputStream:75 - [STDERR_REDIRECT] 
2025-03-23 11:06:29,005 [ERROR] LogOutputStream:75 - [STDERR_REDIRECT] [Fatal Error] :1:1: Premature end of file.
2025-03-23 11:06:29,005 [ERROR] LogOutputStream:75 - [STDERR_REDIRECT] 
2025-03-23 11:06:30,005 [ERROR] LogOutputStream:75 - [STDERR_REDIRECT] [Fatal Error] :1:1: Premature end of file.
2025-03-23 11:06:30,005 [ERROR] LogOutputStream:75 - [STDERR_REDIRECT] 
2025-03-23 11:06:31,002 [ERROR] LogOutputStream:75 - [STDERR_REDIRECT] [Fatal Error] :1:1: Premature end of file.
2025-03-23 11:06:31,002 [ERROR] LogOutputStream:75 - [STDERR_REDIRECT] 
2025-03-23 11:06:32,002 [ERROR] LogOutputStream:75 - [STDERR_REDIRECT] [Fatal Error] :1:1: Premature end of file.
2025-03-23 11:06:32,002 [ERROR] LogOutputStream:75 - [STDERR_REDIRECT] 
2025-03-23 11:06:33,001 [ERROR] LogOutputStream:75 - [STDERR_REDIRECT] [Fatal Error] :1:1: Premature end of file.
2025-03-23 11:06:33,001 [ERROR] LogOutputStream:75 - [STDERR_REDIRECT] 
2025-03-23 11:06:34,001 [ERROR] LogOutputStream:75 - [STDERR_REDIRECT] [Fatal Error] :1:1: Premature end of file.
2025-03-23 11:06:34,002 [ERROR] LogOutputStream:75 - [STDERR_REDIRECT] 
2025-03-23 11:06:34,998 [ERROR] LogOutputStream:75 - [STDERR_REDIRECT] [Fatal Error] :1:1: Premature end of file.
2025-03-23 11:06:34,998 [ERROR] LogOutputStream:75 - [STDERR_REDIRECT] 
2025-03-23 11:06:36,002 [ERROR] LogOutputStream:75 - [STDERR_REDIRECT] [Fatal Error] :1:1: Premature end of file.
2025-03-23 11:06:36,002 [ERROR] LogOutputStream:75 - [STDERR_REDIRECT] 
2025-03-23 11:06:37,002 [ERROR] LogOutputStream:75 - [STDERR_REDIRECT] [Fatal Error] :1:1: Premature end of file.
2025-03-23 11:06:37,002 [ERROR] LogOutputStream:75 - [STDERR_REDIRECT] 
2025-03-23 11:06:38,000 [ERROR] LogOutputStream:75 - [STDERR_REDIRECT] [Fatal Error] :1:1: Premature end of file.
2025-03-23 11:06:38,000 [ERROR] LogOutputStream:75 - [STDERR_REDIRECT] 
2025-03-23 11:06:39,002 [ERROR] LogOutputStream:75 - [STDERR_REDIRECT] [Fatal Error] :1:1: Premature end of file.
2025-03-23 11:06:39,002 [ERROR] LogOutputStream:75 - [STDERR_REDIRECT] 
2025-03-23 11:06:40,002 [ERROR] LogOutputStream:75 - [STDERR_REDIRECT] [Fatal Error] :1:1: Premature end of file.
2025-03-23 11:06:40,003 [ERROR] LogOutputStream:75 - [STDERR_REDIRECT] 
2025-03-23 11:06:41,000 [ERROR] LogOutputStream:75 - [STDERR_REDIRECT] [Fatal Error] :1:1: Premature end of file.
2025-03-23 11:06:41,000 [ERROR] LogOutputStream:75 - [STDERR_REDIRECT] 
2025-03-23 11:06:42,005 [ERROR] LogOutputStream:75 - [STDERR_REDIRECT] [Fatal Error] :1:1: Premature end of file.
2025-03-23 11:06:42,005 [ERROR] LogOutputStream:75 - [STDERR_REDIRECT] 
2025-03-23 11:06:43,001 [ERROR] LogOutputStream:75 - [STDERR_REDIRECT] [Fatal Error] :1:1: Premature end of file.
2025-03-23 11:06:43,001 [ERROR] LogOutputStream:75 - [STDERR_REDIRECT] 
2025-03-23 11:06:44,002 [ERROR] LogOutputStream:75 - [STDERR_REDIRECT] [Fatal Error] :1:1: Premature end of file.
2025-03-23 11:06:44,002 [ERROR] LogOutputStream:75 - [STDERR_REDIRECT] 
2025-03-23 11:06:45,003 [ERROR] LogOutputStream:75 - [STDERR_REDIRECT] [Fatal Error] :1:1: Premature end of file.
2025-03-23 11:06:45,003 [ERROR] LogOutputStream:75 - [STDERR_REDIRECT] 
2025-03-23 11:06:46,000 [ERROR] LogOutputStream:75 - [STDERR_REDIRECT] [Fatal Error] :1:1: Premature end of file.
2025-03-23 11:06:46,000 [ERROR] LogOutputStream:75 - [STDERR_REDIRECT] 
2025-03-23 11:06:47,004 [ERROR] LogOutputStream:75 - [STDERR_REDIRECT] [Fatal Error] :1:1: Premature end of file.
2025-03-23 11:06:47,004 [ERROR] LogOutputStream:75 - [STDERR_REDIRECT] 
2025-03-23 11:06:48,003 [ERROR] LogOutputStream:75 - [STDERR_REDIRECT] [Fatal Error] :1:1: Premature end of file.
2025-03-23 11:06:48,003 [ERROR] LogOutputStream:75 - [STDERR_REDIRECT] 
2025-03-23 11:06:49,002 [ERROR] LogOutputStream:75 - [STDERR_REDIRECT] [Fatal Error] :1:1: Premature end of file.
2025-03-23 11:06:49,002 [ERROR] LogOutputStream:75 - [STDERR_REDIRECT] 
2025-03-23 11:06:50,001 [ERROR] LogOutputStream:75 - [STDERR_REDIRECT] [Fatal Error] :1:1: Premature end of file.
2025-03-23 11:06:50,002 [ERROR] LogOutputStream:75 - [STDERR_REDIRECT] 
2025-03-23 11:06:51,012 [ERROR] LogOutputStream:75 - [STDERR_REDIRECT] [Fatal Error] :1:1: Premature end of file.
2025-03-23 11:06:51,012 [ERROR] LogOutputStream:75 - [STDERR_REDIRECT] 
2025-03-23 11:06:52,004 [ERROR] LogOutputStream:75 - [STDERR_REDIRECT] [Fatal Error] :1:1: Premature end of file.
2025-03-23 11:06:52,004 [ERROR] LogOutputStream:75 - [STDERR_REDIRECT] 
2025-03-23 11:06:53,006 [ERROR] LogOutputStream:75 - [STDERR_REDIRECT] [Fatal Error] :1:1: Premature end of file.
2025-03-23 11:06:53,006 [ERROR] LogOutputStream:75 - [STDERR_REDIRECT] 
2025-03-23 11:06:54,001 [ERROR] LogOutputStream:75 - [STDERR_REDIRECT] [Fatal Error] :1:1: Premature end of file.
2025-03-23 11:06:54,001 [ERROR] LogOutputStream:75 - [STDERR_REDIRECT] 
2025-03-23 11:06:55,001 [ERROR] LogOutputStream:75 - [STDERR_REDIRECT] [Fatal Error] :1:1: Premature end of file.
2025-03-23 11:06:55,001 [ERROR] LogOutputStream:75 - [STDERR_REDIRECT] 
2025-03-23 11:06:56,001 [ERROR] LogOutputStream:75 - [STDERR_REDIRECT] [Fatal Error] :1:1: Premature end of file.
2025-03-23 11:06:56,002 [ERROR] LogOutputStream:75 - [STDERR_REDIRECT] 
2025-03-23 11:06:57,000 [ERROR] LogOutputStream:75 - [STDERR_REDIRECT] [Fatal Error] :1:1: Premature end of file.
2025-03-23 11:06:57,000 [ERROR] LogOutputStream:75 - [STDERR_REDIRECT] 
2025-03-23 11:06:58,010 [ERROR] LogOutputStream:75 - [STDERR_REDIRECT] [Fatal Error] :1:1: Premature end of file.
2025-03-23 11:06:58,012 [ERROR] LogOutputStream:75 - [STDERR_REDIRECT] 
2025-03-23 11:06:59,000 [ERROR] LogOutputStream:75 - [STDERR_REDIRECT] [Fatal Error] :1:1: Premature end of file.
2025-03-23 11:06:59,001 [ERROR] LogOutputStream:75 - [STDERR_REDIRECT] 
2025-03-23 11:07:00,001 [ERROR] LogOutputStream:75 - [STDERR_REDIRECT] [Fatal Error] :1:1: Premature end of file.
2025-03-23 11:07:00,001 [ERROR] LogOutputStream:75 - [STDERR_REDIRECT] 
2025-03-23 11:07:01,000 [ERROR] LogOutputStream:75 - [STDERR_REDIRECT] [Fatal Error] :1:1: Premature end of file.
2025-03-23 11:07:01,000 [ERROR] LogOutputStream:75 - [STDERR_REDIRECT] 
2025-03-23 11:07:02,001 [ERROR] LogOutputStream:75 - [STDERR_REDIRECT] [Fatal Error] :1:1: Premature end of file.
2025-03-23 11:07:02,001 [ERROR] LogOutputStream:75 - [STDERR_REDIRECT] 
2025-03-23 11:07:03,001 [ERROR] LogOutputStream:75 - [STDERR_REDIRECT] [Fatal Error] :1:1: Premature end of file.
2025-03-23 11:07:03,002 [ERROR] LogOutputStream:75 - [STDERR_REDIRECT] 
2025-03-23 11:07:04,001 [ERROR] LogOutputStream:75 - [STDERR_REDIRECT] [Fatal Error] :1:1: Premature end of file.
2025-03-23 11:07:04,001 [ERROR] LogOutputStream:75 - [STDERR_REDIRECT] 
2025-03-23 11:07:05,019 [ERROR] LogOutputStream:75 - [STDERR_REDIRECT] [Fatal Error] :1:1: Premature end of file.
2025-03-23 11:07:05,021 [ERROR] LogOutputStream:75 - [STDERR_REDIRECT] 
2025-03-23 11:07:06,013 [ERROR] LogOutputStream:75 - [STDERR_REDIRECT] [Fatal Error] :1:1: Premature end of file.
2025-03-23 11:07:06,013 [ERROR] LogOutputStream:75 - [STDERR_REDIRECT] 
2025-03-23 11:07:07,005 [ERROR] LogOutputStream:75 - [STDERR_REDIRECT] [Fatal Error] :1:1: Premature end of file.
2025-03-23 11:07:07,005 [ERROR] LogOutputStream:75 - [STDERR_REDIRECT] 
2025-03-23 11:07:08,003 [ERROR] LogOutputStream:75 - [STDERR_REDIRECT] [Fatal Error] :1:1: Premature end of file.
2025-03-23 11:07:08,003 [ERROR] LogOutputStream:75 - [STDERR_REDIRECT] 
2025-03-23 11:07:09,000 [ERROR] LogOutputStream:75 - [STDERR_REDIRECT] [Fatal Error] :1:1: Premature end of file.
2025-03-23 11:07:09,000 [ERROR] LogOutputStream:75 - [STDERR_REDIRECT] 
2025-03-23 11:07:10,011 [ERROR] LogOutputStream:75 - [STDERR_REDIRECT] [Fatal Error] :1:1: Premature end of file.
2025-03-23 11:07:10,012 [ERROR] LogOutputStream:75 - [STDERR_REDIRECT] 
2025-03-23 11:07:11,002 [ERROR] LogOutputStream:75 - [STDERR_REDIRECT] [Fatal Error] :1:1: Premature end of file.
2025-03-23 11:07:11,002 [ERROR] LogOutputStream:75 - [STDERR_REDIRECT] 
2025-03-23 11:07:12,021 [ERROR] LogOutputStream:75 - [STDERR_REDIRECT] [Fatal Error] :1:1: Premature end of file.
2025-03-23 11:07:12,021 [ERROR] LogOutputStream:75 - [STDERR_REDIRECT] 
2025-03-23 11:07:13,001 [ERROR] LogOutputStream:75 - [STDERR_REDIRECT] [Fatal Error] :1:1: Premature end of file.
2025-03-23 11:07:13,001 [ERROR] LogOutputStream:75 - [STDERR_REDIRECT] 
2025-03-23 11:07:13,999 [ERROR] LogOutputStream:75 - [STDERR_REDIRECT] [Fatal Error] :1:1: Premature end of file.
2025-03-23 11:07:13,999 [ERROR] LogOutputStream:75 - [STDERR_REDIRECT] 
2025-03-23 11:07:15,001 [ERROR] LogOutputStream:75 - [STDERR_REDIRECT] [Fatal Error] :1:1: Premature end of file.
2025-03-23 11:07:15,001 [ERROR] LogOutputStream:75 - [STDERR_REDIRECT] 
2025-03-23 11:07:16,000 [ERROR] LogOutputStream:75 - [STDERR_REDIRECT] [Fatal Error] :1:1: Premature end of file.
2025-03-23 11:07:16,000 [ERROR] LogOutputStream:75 - [STDERR_REDIRECT] 
2025-03-23 11:07:17,002 [ERROR] LogOutputStream:75 - [STDERR_REDIRECT] [Fatal Error] :1:1: Premature end of file.
2025-03-23 11:07:17,002 [ERROR] LogOutputStream:75 - [STDERR_REDIRECT] 
2025-03-23 11:07:18,002 [ERROR] LogOutputStream:75 - [STDERR_REDIRECT] [Fatal Error] :1:1: Premature end of file.
2025-03-23 11:07:18,002 [ERROR] LogOutputStream:75 - [STDERR_REDIRECT] 
2025-03-23 11:07:19,003 [ERROR] LogOutputStream:75 - [STDERR_REDIRECT] [Fatal Error] :1:1: Premature end of file.
2025-03-23 11:07:19,003 [ERROR] LogOutputStream:75 - [STDERR_REDIRECT] 
2025-03-23 11:07:20,004 [ERROR] LogOutputStream:75 - [STDERR_REDIRECT] [Fatal Error] :1:1: Premature end of file.
2025-03-23 11:07:20,004 [ERROR] LogOutputStream:75 - [STDERR_REDIRECT] 
2025-03-23 11:07:21,005 [ERROR] LogOutputStream:75 - [STDERR_REDIRECT] [Fatal Error] :1:1: Premature end of file.
2025-03-23 11:07:21,005 [ERROR] LogOutputStream:75 - [STDERR_REDIRECT] 
2025-03-23 11:07:22,005 [ERROR] LogOutputStream:75 - [STDERR_REDIRECT] [Fatal Error] :1:1: Premature end of file.
2025-03-23 11:07:22,005 [ERROR] LogOutputStream:75 - [STDERR_REDIRECT] 
2025-03-23 11:07:23,004 [ERROR] LogOutputStream:75 - [STDERR_REDIRECT] [Fatal Error] :1:1: Premature end of file.
2025-03-23 11:07:23,004 [ERROR] LogOutputStream:75 - [STDERR_REDIRECT] 
2025-03-23 11:07:24,001 [ERROR] LogOutputStream:75 - [STDERR_REDIRECT] [Fatal Error] :1:1: Premature end of file.
2025-03-23 11:07:24,001 [ERROR] LogOutputStream:75 - [STDERR_REDIRECT] 
2025-03-23 11:07:25,012 [ERROR] LogOutputStream:75 - [STDERR_REDIRECT] [Fatal Error] :1:1: Premature end of file.
2025-03-23 11:07:25,012 [ERROR] LogOutputStream:75 - [STDERR_REDIRECT] 
2025-03-23 11:07:26,001 [ERROR] LogOutputStream:75 - [STDERR_REDIRECT] [Fatal Error] :1:1: Premature end of file.
2025-03-23 11:07:26,002 [ERROR] LogOutputStream:75 - [STDERR_REDIRECT] 
2025-03-23 11:07:27,001 [ERROR] LogOutputStream:75 - [STDERR_REDIRECT] [Fatal Error] :1:1: Premature end of file.
2025-03-23 11:07:27,001 [ERROR] LogOutputStream:75 - [STDERR_REDIRECT] 
2025-03-23 11:07:28,001 [ERROR] LogOutputStream:75 - [STDERR_REDIRECT] [Fatal Error] :1:1: Premature end of file.
2025-03-23 11:07:28,001 [ERROR] LogOutputStream:75 - [STDERR_REDIRECT] 
2025-03-23 11:07:29,001 [ERROR] LogOutputStream:75 - [STDERR_REDIRECT] [Fatal Error] :1:1: Premature end of file.
2025-03-23 11:07:29,001 [ERROR] LogOutputStream:75 - [STDERR_REDIRECT] 
2025-03-23 11:07:30,002 [ERROR] LogOutputStream:75 - [STDERR_REDIRECT] [Fatal Error] :1:1: Premature end of file.
2025-03-23 11:07:30,002 [ERROR] LogOutputStream:75 - [STDERR_REDIRECT] 
2025-03-23 11:07:31,004 [ERROR] LogOutputStream:75 - [STDERR_REDIRECT] [Fatal Error] :1:1: Premature end of file.
2025-03-23 11:07:31,005 [ERROR] LogOutputStream:75 - [STDERR_REDIRECT] 
2025-03-23 11:07:32,001 [ERROR] LogOutputStream:75 - [STDERR_REDIRECT] [Fatal Error] :1:1: Premature end of file.
2025-03-23 11:07:32,001 [ERROR] LogOutputStream:75 - [STDERR_REDIRECT] 
2025-03-23 11:07:33,004 [ERROR] LogOutputStream:75 - [STDERR_REDIRECT] [Fatal Error] :1:1: Premature end of file.
2025-03-23 11:07:33,004 [ERROR] LogOutputStream:75 - [STDERR_REDIRECT] 
2025-03-23 11:07:34,004 [ERROR] LogOutputStream:75 - [STDERR_REDIRECT] [Fatal Error] :1:1: Premature end of file.
2025-03-23 11:07:34,004 [ERROR] LogOutputStream:75 - [STDERR_REDIRECT] 
2025-03-23 11:07:35,003 [ERROR] LogOutputStream:75 - [STDERR_REDIRECT] [Fatal Error] :1:1: Premature end of file.
2025-03-23 11:07:35,003 [ERROR] LogOutputStream:75 - [STDERR_REDIRECT] 
2025-03-23 11:07:36,003 [ERROR] LogOutputStream:75 - [STDERR_REDIRECT] [Fatal Error] :1:1: Premature end of file.
2025-03-23 11:07:36,003 [ERROR] LogOutputStream:75 - [STDERR_REDIRECT] 
2025-03-23 11:07:37,002 [ERROR] LogOutputStream:75 - [STDERR_REDIRECT] [Fatal Error] :1:1: Premature end of file.
2025-03-23 11:07:37,002 [ERROR] LogOutputStream:75 - [STDERR_REDIRECT] 
2025-03-23 11:07:38,002 [ERROR] LogOutputStream:75 - [STDERR_REDIRECT] [Fatal Error] :1:1: Premature end of file.
2025-03-23 11:07:38,002 [ERROR] LogOutputStream:75 - [STDERR_REDIRECT] 
2025-03-23 11:07:39,000 [ERROR] LogOutputStream:75 - [STDERR_REDIRECT] [Fatal Error] :1:1: Premature end of file.
2025-03-23 11:07:39,000 [ERROR] LogOutputStream:75 - [STDERR_REDIRECT] 
2025-03-23 11:07:40,002 [ERROR] LogOutputStream:75 - [STDERR_REDIRECT] [Fatal Error] :1:1: Premature end of file.
2025-03-23 11:07:40,003 [ERROR] LogOutputStream:75 - [STDERR_REDIRECT] 
2025-03-23 11:07:41,001 [ERROR] LogOutputStream:75 - [STDERR_REDIRECT] [Fatal Error] :1:1: Premature end of file.
2025-03-23 11:07:41,001 [ERROR] LogOutputStream:75 - [STDERR_REDIRECT] 
2025-03-23 11:07:41,999 [ERROR] LogOutputStream:75 - [STDERR_REDIRECT] [Fatal Error] :1:1: Premature end of file.
2025-03-23 11:07:42,000 [ERROR] LogOutputStream:75 - [STDERR_REDIRECT] 
2025-03-23 11:07:43,001 [ERROR] LogOutputStream:75 - [STDERR_REDIRECT] [Fatal Error] :1:1: Premature end of file.
2025-03-23 11:07:43,002 [ERROR] LogOutputStream:75 - [STDERR_REDIRECT] 
2025-03-23 11:07:44,004 [ERROR] LogOutputStream:75 - [STDERR_REDIRECT] [Fatal Error] :1:1: Premature end of file.
2025-03-23 11:07:44,004 [ERROR] LogOutputStream:75 - [STDERR_REDIRECT] 
2025-03-23 11:07:45,002 [ERROR] LogOutputStream:75 - [STDERR_REDIRECT] [Fatal Error] :1:1: Premature end of file.
2025-03-23 11:07:45,003 [ERROR] LogOutputStream:75 - [STDERR_REDIRECT] 
2025-03-23 11:07:46,001 [ERROR] LogOutputStream:75 - [STDERR_REDIRECT] [Fatal Error] :1:1: Premature end of file.
2025-03-23 11:07:46,002 [ERROR] LogOutputStream:75 - [STDERR_REDIRECT] 
2025-03-23 11:07:47,000 [ERROR] LogOutputStream:75 - [STDERR_REDIRECT] [Fatal Error] :1:1: Premature end of file.
2025-03-23 11:07:47,000 [ERROR] LogOutputStream:75 - [STDERR_REDIRECT] 
2025-03-23 11:07:48,001 [ERROR] LogOutputStream:75 - [STDERR_REDIRECT] [Fatal Error] :1:1: Premature end of file.
2025-03-23 11:07:48,002 [ERROR] LogOutputStream:75 - [STDERR_REDIRECT] 
2025-03-23 11:07:49,002 [ERROR] LogOutputStream:75 - [STDERR_REDIRECT] [Fatal Error] :1:1: Premature end of file.
2025-03-23 11:07:49,002 [ERROR] LogOutputStream:75 - [STDERR_REDIRECT] 
2025-03-23 11:07:50,001 [ERROR] LogOutputStream:75 - [STDERR_REDIRECT] [Fatal Error] :1:1: Premature end of file.
2025-03-23 11:07:50,001 [ERROR] LogOutputStream:75 - [STDERR_REDIRECT] 
2025-03-23 11:07:51,007 [ERROR] LogOutputStream:75 - [STDERR_REDIRECT] [Fatal Error] :1:1: Premature end of file.
2025-03-23 11:07:51,007 [ERROR] LogOutputStream:75 - [STDERR_REDIRECT] 
2025-03-23 11:07:52,030 [ERROR] LogOutputStream:75 - [STDERR_REDIRECT] [Fatal Error] :1:1: Premature end of file.
2025-03-23 11:07:52,031 [ERROR] LogOutputStream:75 - [STDERR_REDIRECT] 
2025-03-23 11:07:53,000 [ERROR] LogOutputStream:75 - [STDERR_REDIRECT] [Fatal Error] :1:1: Premature end of file.
2025-03-23 11:07:53,000 [ERROR] LogOutputStream:75 - [STDERR_REDIRECT] 
2025-03-23 11:07:54,000 [ERROR] LogOutputStream:75 - [STDERR_REDIRECT] [Fatal Error] :1:1: Premature end of file.
2025-03-23 11:07:54,000 [ERROR] LogOutputStream:75 - [STDERR_REDIRECT] 
2025-03-23 11:07:55,007 [ERROR] LogOutputStream:75 - [STDERR_REDIRECT] [Fatal Error] :1:1: Premature end of file.
2025-03-23 11:07:55,007 [ERROR] LogOutputStream:75 - [STDERR_REDIRECT] 
2025-03-23 11:07:56,005 [ERROR] LogOutputStream:75 - [STDERR_REDIRECT] [Fatal Error] :1:1: Premature end of file.
2025-03-23 11:07:56,005 [ERROR] LogOutputStream:75 - [STDERR_REDIRECT] 
2025-03-23 11:07:57,003 [ERROR] LogOutputStream:75 - [STDERR_REDIRECT] [Fatal Error] :1:1: Premature end of file.
2025-03-23 11:07:57,003 [ERROR] LogOutputStream:75 - [STDERR_REDIRECT] 
2025-03-23 11:07:58,000 [ERROR] LogOutputStream:75 - [STDERR_REDIRECT] [Fatal Error] :1:1: Premature end of file.
2025-03-23 11:07:58,003 [ERROR] LogOutputStream:75 - [STDERR_REDIRECT] 
2025-03-23 11:07:59,004 [ERROR] LogOutputStream:75 - [STDERR_REDIRECT] [Fatal Error] :1:1: Premature end of file.
2025-03-23 11:07:59,004 [ERROR] LogOutputStream:75 - [STDERR_REDIRECT] 
2025-03-23 11:07:59,995 [ERROR] LogOutputStream:75 - [STDERR_REDIRECT] [Fatal Error] :1:1: Premature end of file.
2025-03-23 11:07:59,995 [ERROR] LogOutputStream:75 - [STDERR_REDIRECT] 
2025-03-23 11:08:01,007 [ERROR] LogOutputStream:75 - [STDERR_REDIRECT] [Fatal Error] :1:1: Premature end of file.
2025-03-23 11:08:01,007 [ERROR] LogOutputStream:75 - [STDERR_REDIRECT] 
2025-03-23 11:08:02,004 [ERROR] LogOutputStream:75 - [STDERR_REDIRECT] [Fatal Error] :1:1: Premature end of file.
2025-03-23 11:08:02,004 [ERROR] LogOutputStream:75 - [STDERR_REDIRECT] 
2025-03-23 11:08:03,004 [ERROR] LogOutputStream:75 - [STDERR_REDIRECT] [Fatal Error] :1:1: Premature end of file.
2025-03-23 11:08:03,004 [ERROR] LogOutputStream:75 - [STDERR_REDIRECT] 
2025-03-23 11:08:04,000 [ERROR] LogOutputStream:75 - [STDERR_REDIRECT] [Fatal Error] :1:1: Premature end of file.
2025-03-23 11:08:04,000 [ERROR] LogOutputStream:75 - [STDERR_REDIRECT] 
2025-03-23 11:08:05,016 [ERROR] LogOutputStream:75 - [STDERR_REDIRECT] [Fatal Error] :1:1: Premature end of file.
2025-03-23 11:08:05,017 [ERROR] LogOutputStream:75 - [STDERR_REDIRECT] 
2025-03-23 11:08:06,011 [ERROR] LogOutputStream:75 - [STDERR_REDIRECT] [Fatal Error] :1:1: Premature end of file.
2025-03-23 11:08:06,011 [ERROR] LogOutputStream:75 - [STDERR_REDIRECT] 
2025-03-23 11:08:06,998 [ERROR] LogOutputStream:75 - [STDERR_REDIRECT] [Fatal Error] :1:1: Premature end of file.
2025-03-23 11:08:06,998 [ERROR] LogOutputStream:75 - [STDERR_REDIRECT] 
2025-03-23 11:08:08,005 [ERROR] LogOutputStream:75 - [STDERR_REDIRECT] [Fatal Error] :1:1: Premature end of file.
2025-03-23 11:08:08,005 [ERROR] LogOutputStream:75 - [STDERR_REDIRECT] 
2025-03-23 11:08:09,003 [ERROR] LogOutputStream:75 - [STDERR_REDIRECT] [Fatal Error] :1:1: Premature end of file.
2025-03-23 11:08:09,003 [ERROR] LogOutputStream:75 - [STDERR_REDIRECT] 
2025-03-23 11:08:10,002 [ERROR] LogOutputStream:75 - [STDERR_REDIRECT] [Fatal Error] :1:1: Premature end of file.
2025-03-23 11:08:10,002 [ERROR] LogOutputStream:75 - [STDERR_REDIRECT] 
2025-03-23 11:08:11,002 [ERROR] LogOutputStream:75 - [STDERR_REDIRECT] [Fatal Error] :1:1: Premature end of file.
2025-03-23 11:08:11,002 [ERROR] LogOutputStream:75 - [STDERR_REDIRECT] 
2025-03-23 11:08:12,001 [ERROR] LogOutputStream:75 - [STDERR_REDIRECT] [Fatal Error] :1:1: Premature end of file.
2025-03-23 11:08:12,001 [ERROR] LogOutputStream:75 - [STDERR_REDIRECT] 
2025-03-23 11:08:13,002 [ERROR] LogOutputStream:75 - [STDERR_REDIRECT] [Fatal Error] :1:1: Premature end of file.
2025-03-23 11:08:13,002 [ERROR] LogOutputStream:75 - [STDERR_REDIRECT] 
2025-03-23 11:08:14,002 [ERROR] LogOutputStream:75 - [STDERR_REDIRECT] [Fatal Error] :1:1: Premature end of file.
2025-03-23 11:08:14,003 [ERROR] LogOutputStream:75 - [STDERR_REDIRECT] 
2025-03-23 11:08:15,000 [ERROR] LogOutputStream:75 - [STDERR_REDIRECT] [Fatal Error] :1:1: Premature end of file.
2025-03-23 11:08:15,001 [ERROR] LogOutputStream:75 - [STDERR_REDIRECT] 
2025-03-23 11:08:16,013 [ERROR] LogOutputStream:75 - [STDERR_REDIRECT] [Fatal Error] :1:1: Premature end of file.
2025-03-23 11:08:16,013 [ERROR] LogOutputStream:75 - [STDERR_REDIRECT] 
2025-03-23 11:08:17,001 [ERROR] LogOutputStream:75 - [STDERR_REDIRECT] [Fatal Error] :1:1: Premature end of file.
2025-03-23 11:08:17,001 [ERROR] LogOutputStream:75 - [STDERR_REDIRECT] 
2025-03-23 11:08:18,002 [ERROR] LogOutputStream:75 - [STDERR_REDIRECT] [Fatal Error] :1:1: Premature end of file.
2025-03-23 11:08:18,002 [ERROR] LogOutputStream:75 - [STDERR_REDIRECT] 
2025-03-23 11:08:19,005 [ERROR] LogOutputStream:75 - [STDERR_REDIRECT] [Fatal Error] :1:1: Premature end of file.
2025-03-23 11:08:19,005 [ERROR] LogOutputStream:75 - [STDERR_REDIRECT] 
2025-03-23 11:08:20,007 [ERROR] LogOutputStream:75 - [STDERR_REDIRECT] [Fatal Error] :1:1: Premature end of file.
2025-03-23 11:08:20,009 [ERROR] LogOutputStream:75 - [STDERR_REDIRECT] 
2025-03-23 11:08:21,007 [ERROR] LogOutputStream:75 - [STDERR_REDIRECT] [Fatal Error] :1:1: Premature end of file.
2025-03-23 11:08:21,007 [ERROR] LogOutputStream:75 - [STDERR_REDIRECT] 
2025-03-23 11:08:22,000 [ERROR] LogOutputStream:75 - [STDERR_REDIRECT] [Fatal Error] :1:1: Premature end of file.
2025-03-23 11:08:22,000 [ERROR] LogOutputStream:75 - [STDERR_REDIRECT] 
2025-03-23 11:08:23,003 [ERROR] LogOutputStream:75 - [STDERR_REDIRECT] [Fatal Error] :1:1: Premature end of file.
2025-03-23 11:08:23,003 [ERROR] LogOutputStream:75 - [STDERR_REDIRECT] 
2025-03-23 11:08:24,000 [ERROR] LogOutputStream:75 - [STDERR_REDIRECT] [Fatal Error] :1:1: Premature end of file.
2025-03-23 11:08:24,000 [ERROR] LogOutputStream:75 - [STDERR_REDIRECT] 
2025-03-23 11:08:25,000 [ERROR] LogOutputStream:75 - [STDERR_REDIRECT] [Fatal Error] :1:1: Premature end of file.
2025-03-23 11:08:25,000 [ERROR] LogOutputStream:75 - [STDERR_REDIRECT] 
2025-03-23 11:08:25,999 [ERROR] LogOutputStream:75 - [STDERR_REDIRECT] [Fatal Error] :1:1: Premature end of file.
2025-03-23 11:08:25,999 [ERROR] LogOutputStream:75 - [STDERR_REDIRECT] 
2025-03-23 11:08:26,999 [ERROR] LogOutputStream:75 - [STDERR_REDIRECT] [Fatal Error] :1:1: Premature end of file.
2025-03-23 11:08:26,999 [ERROR] LogOutputStream:75 - [STDERR_REDIRECT] 
2025-03-23 11:08:28,001 [ERROR] LogOutputStream:75 - [STDERR_REDIRECT] [Fatal Error] :1:1: Premature end of file.
2025-03-23 11:08:28,001 [ERROR] LogOutputStream:75 - [STDERR_REDIRECT] 
2025-03-23 11:08:29,019 [ERROR] LogOutputStream:75 - [STDERR_REDIRECT] [Fatal Error] :1:1: Premature end of file.
2025-03-23 11:08:29,019 [ERROR] LogOutputStream:75 - [STDERR_REDIRECT] 
2025-03-23 11:08:30,006 [ERROR] LogOutputStream:75 - [STDERR_REDIRECT] [Fatal Error] :1:1: Premature end of file.
2025-03-23 11:08:30,006 [ERROR] LogOutputStream:75 - [STDERR_REDIRECT] 
2025-03-23 11:08:31,017 [ERROR] LogOutputStream:75 - [STDERR_REDIRECT] [Fatal Error] :1:1: Premature end of file.
2025-03-23 11:08:31,017 [ERROR] LogOutputStream:75 - [STDERR_REDIRECT] 
2025-03-23 11:08:32,008 [ERROR] LogOutputStream:75 - [STDERR_REDIRECT] [Fatal Error] :1:1: Premature end of file.
2025-03-23 11:08:32,008 [ERROR] LogOutputStream:75 - [STDERR_REDIRECT] 
2025-03-23 11:08:33,010 [ERROR] LogOutputStream:75 - [STDERR_REDIRECT] [Fatal Error] :1:1: Premature end of file.
2025-03-23 11:08:33,010 [ERROR] LogOutputStream:75 - [STDERR_REDIRECT] 
2025-03-23 11:08:33,997 [ERROR] LogOutputStream:75 - [STDERR_REDIRECT] [Fatal Error] :1:1: Premature end of file.
2025-03-23 11:08:33,997 [ERROR] LogOutputStream:75 - [STDERR_REDIRECT] 
2025-03-23 11:08:35,000 [ERROR] LogOutputStream:75 - [STDERR_REDIRECT] [Fatal Error] :1:1: Premature end of file.
2025-03-23 11:08:35,003 [ERROR] LogOutputStream:75 - [STDERR_REDIRECT] 
2025-03-23 11:08:36,005 [ERROR] LogOutputStream:75 - [STDERR_REDIRECT] [Fatal Error] :1:1: Premature end of file.
2025-03-23 11:08:36,005 [ERROR] LogOutputStream:75 - [STDERR_REDIRECT] 
2025-03-23 11:08:36,997 [ERROR] LogOutputStream:75 - [STDERR_REDIRECT] [Fatal Error] :1:1: Premature end of file.
2025-03-23 11:08:36,997 [ERROR] LogOutputStream:75 - [STDERR_REDIRECT] 
2025-03-23 11:08:38,005 [ERROR] LogOutputStream:75 - [STDERR_REDIRECT] [Fatal Error] :1:1: Premature end of file.
2025-03-23 11:08:38,005 [ERROR] LogOutputStream:75 - [STDERR_REDIRECT] 
2025-03-23 11:08:39,003 [ERROR] LogOutputStream:75 - [STDERR_REDIRECT] [Fatal Error] :1:1: Premature end of file.
2025-03-23 11:08:39,004 [ERROR] LogOutputStream:75 - [STDERR_REDIRECT] 
2025-03-23 11:08:40,006 [ERROR] LogOutputStream:75 - [STDERR_REDIRECT] [Fatal Error] :1:1: Premature end of file.
2025-03-23 11:08:40,006 [ERROR] LogOutputStream:75 - [STDERR_REDIRECT] 
2025-03-23 11:08:41,000 [ERROR] LogOutputStream:75 - [STDERR_REDIRECT] [Fatal Error] :1:1: Premature end of file.
2025-03-23 11:08:41,000 [ERROR] LogOutputStream:75 - [STDERR_REDIRECT] 
2025-03-23 11:08:42,013 [ERROR] LogOutputStream:75 - [STDERR_REDIRECT] [Fatal Error] :1:1: Premature end of file.
2025-03-23 11:08:42,013 [ERROR] LogOutputStream:75 - [STDERR_REDIRECT] 
2025-03-23 11:08:43,000 [ERROR] LogOutputStream:75 - [STDERR_REDIRECT] [Fatal Error] :1:1: Premature end of file.
2025-03-23 11:08:43,000 [ERROR] LogOutputStream:75 - [STDERR_REDIRECT] 
2025-03-23 11:08:44,011 [ERROR] LogOutputStream:75 - [STDERR_REDIRECT] [Fatal Error] :1:1: Premature end of file.
2025-03-23 11:08:44,011 [ERROR] LogOutputStream:75 - [STDERR_REDIRECT] 
2025-03-23 11:08:44,999 [ERROR] LogOutputStream:75 - [STDERR_REDIRECT] [Fatal Error] :1:1: Premature end of file.
2025-03-23 11:08:44,999 [ERROR] LogOutputStream:75 - [STDERR_REDIRECT] 
2025-03-23 11:08:45,997 [ERROR] LogOutputStream:75 - [STDERR_REDIRECT] [Fatal Error] :1:1: Premature end of file.
2025-03-23 11:08:45,997 [ERROR] LogOutputStream:75 - [STDERR_REDIRECT] 
2025-03-23 11:08:46,998 [ERROR] LogOutputStream:75 - [STDERR_REDIRECT] [Fatal Error] :1:1: Premature end of file.
2025-03-23 11:08:46,998 [ERROR] LogOutputStream:75 - [STDERR_REDIRECT] 
2025-03-23 11:08:47,998 [ERROR] LogOutputStream:75 - [STDERR_REDIRECT] [Fatal Error] :1:1: Premature end of file.
2025-03-23 11:08:47,998 [ERROR] LogOutputStream:75 - [STDERR_REDIRECT] 
2025-03-23 11:08:49,005 [ERROR] LogOutputStream:75 - [STDERR_REDIRECT] [Fatal Error] :1:1: Premature end of file.
2025-03-23 11:08:49,005 [ERROR] LogOutputStream:75 - [STDERR_REDIRECT] 
2025-03-23 11:08:50,003 [ERROR] LogOutputStream:75 - [STDERR_REDIRECT] [Fatal Error] :1:1: Premature end of file.
2025-03-23 11:08:50,003 [ERROR] LogOutputStream:75 - [STDERR_REDIRECT] 
2025-03-23 11:08:51,002 [ERROR] LogOutputStream:75 - [STDERR_REDIRECT] [Fatal Error] :1:1: Premature end of file.
2025-03-23 11:08:51,002 [ERROR] LogOutputStream:75 - [STDERR_REDIRECT] 
2025-03-23 11:08:52,000 [ERROR] LogOutputStream:75 - [STDERR_REDIRECT] [Fatal Error] :1:1: Premature end of file.
2025-03-23 11:08:52,001 [ERROR] LogOutputStream:75 - [STDERR_REDIRECT] 
2025-03-23 11:08:53,001 [ERROR] LogOutputStream:75 - [STDERR_REDIRECT] [Fatal Error] :1:1: Premature end of file.
2025-03-23 11:08:53,001 [ERROR] LogOutputStream:75 - [STDERR_REDIRECT] 
2025-03-23 11:08:54,002 [ERROR] LogOutputStream:75 - [STDERR_REDIRECT] [Fatal Error] :1:1: Premature end of file.
2025-03-23 11:08:54,002 [ERROR] LogOutputStream:75 - [STDERR_REDIRECT] 
2025-03-23 11:08:54,998 [ERROR] LogOutputStream:75 - [STDERR_REDIRECT] [Fatal Error] :1:1: Premature end of file.
2025-03-23 11:08:54,998 [ERROR] LogOutputStream:75 - [STDERR_REDIRECT] 
2025-03-23 11:08:55,997 [ERROR] LogOutputStream:75 - [STDERR_REDIRECT] [Fatal Error] :1:1: Premature end of file.
2025-03-23 11:08:55,997 [ERROR] LogOutputStream:75 - [STDERR_REDIRECT] 
2025-03-23 11:08:56,997 [ERROR] LogOutputStream:75 - [STDERR_REDIRECT] [Fatal Error] :1:1: Premature end of file.
2025-03-23 11:08:56,997 [ERROR] LogOutputStream:75 - [STDERR_REDIRECT] 
2025-03-23 11:08:57,996 [ERROR] LogOutputStream:75 - [STDERR_REDIRECT] [Fatal Error] :1:1: Premature end of file.
2025-03-23 11:08:57,996 [ERROR] LogOutputStream:75 - [STDERR_REDIRECT] 
2025-03-23 11:08:59,007 [ERROR] LogOutputStream:75 - [STDERR_REDIRECT] [Fatal Error] :1:1: Premature end of file.
2025-03-23 11:08:59,007 [ERROR] LogOutputStream:75 - [STDERR_REDIRECT] 
2025-03-23 11:08:59,999 [ERROR] LogOutputStream:75 - [STDERR_REDIRECT] [Fatal Error] :1:1: Premature end of file.
2025-03-23 11:08:59,999 [ERROR] LogOutputStream:75 - [STDERR_REDIRECT] 
2025-03-23 11:09:01,004 [ERROR] LogOutputStream:75 - [STDERR_REDIRECT] [Fatal Error] :1:1: Premature end of file.
2025-03-23 11:09:01,004 [ERROR] LogOutputStream:75 - [STDERR_REDIRECT] 
2025-03-23 11:09:02,006 [ERROR] LogOutputStream:75 - [STDERR_REDIRECT] [Fatal Error] :1:1: Premature end of file.
2025-03-23 11:09:02,006 [ERROR] LogOutputStream:75 - [STDERR_REDIRECT] 
2025-03-23 11:09:03,006 [ERROR] LogOutputStream:75 - [STDERR_REDIRECT] [Fatal Error] :1:1: Premature end of file.
2025-03-23 11:09:03,006 [ERROR] LogOutputStream:75 - [STDERR_REDIRECT] 
2025-03-23 11:09:04,006 [ERROR] LogOutputStream:75 - [STDERR_REDIRECT] [Fatal Error] :1:1: Premature end of file.
2025-03-23 11:09:04,006 [ERROR] LogOutputStream:75 - [STDERR_REDIRECT] 
2025-03-23 11:09:05,005 [ERROR] LogOutputStream:75 - [STDERR_REDIRECT] [Fatal Error] :1:1: Premature end of file.
2025-03-23 11:09:05,005 [ERROR] LogOutputStream:75 - [STDERR_REDIRECT] 
2025-03-23 11:09:06,016 [ERROR] LogOutputStream:75 - [STDERR_REDIRECT] [Fatal Error] :1:1: Premature end of file.
2025-03-23 11:09:06,016 [ERROR] LogOutputStream:75 - [STDERR_REDIRECT] 
2025-03-23 11:09:06,997 [ERROR] LogOutputStream:75 - [STDERR_REDIRECT] [Fatal Error] :1:1: Premature end of file.
2025-03-23 11:09:06,997 [ERROR] LogOutputStream:75 - [STDERR_REDIRECT] 
2025-03-23 11:09:08,000 [ERROR] LogOutputStream:75 - [STDERR_REDIRECT] [Fatal Error] :1:1: Premature end of file.
2025-03-23 11:09:08,000 [ERROR] LogOutputStream:75 - [STDERR_REDIRECT] 
2025-03-23 11:09:09,007 [ERROR] LogOutputStream:75 - [STDERR_REDIRECT] [Fatal Error] :1:1: Premature end of file.
2025-03-23 11:09:09,007 [ERROR] LogOutputStream:75 - [STDERR_REDIRECT] 
2025-03-23 11:09:09,996 [ERROR] LogOutputStream:75 - [STDERR_REDIRECT] [Fatal Error] :1:1: Premature end of file.
2025-03-23 11:09:09,996 [ERROR] LogOutputStream:75 - [STDERR_REDIRECT] 
2025-03-23 11:09:11,013 [ERROR] LogOutputStream:75 - [STDERR_REDIRECT] [Fatal Error] :1:1: Premature end of file.
2025-03-23 11:09:11,013 [ERROR] LogOutputStream:75 - [STDERR_REDIRECT] 
2025-03-23 11:09:11,997 [ERROR] LogOutputStream:75 - [STDERR_REDIRECT] [Fatal Error] :1:1: Premature end of file.
2025-03-23 11:09:11,997 [ERROR] LogOutputStream:75 - [STDERR_REDIRECT] 
2025-03-23 11:09:13,006 [ERROR] LogOutputStream:75 - [STDERR_REDIRECT] [Fatal Error] :1:1: Premature end of file.
2025-03-23 11:09:13,006 [ERROR] LogOutputStream:75 - [STDERR_REDIRECT] 
2025-03-23 11:09:14,007 [ERROR] LogOutputStream:75 - [STDERR_REDIRECT] [Fatal Error] :1:1: Premature end of file.
2025-03-23 11:09:14,007 [ERROR] LogOutputStream:75 - [STDERR_REDIRECT] 
2025-03-23 11:09:15,000 [ERROR] LogOutputStream:75 - [STDERR_REDIRECT] [Fatal Error] :1:1: Premature end of file.
2025-03-23 11:09:15,000 [ERROR] LogOutputStream:75 - [STDERR_REDIRECT] 
2025-03-23 11:09:15,999 [ERROR] LogOutputStream:75 - [STDERR_REDIRECT] [Fatal Error] :1:1: Premature end of file.
2025-03-23 11:09:15,999 [ERROR] LogOutputStream:75 - [STDERR_REDIRECT] 
2025-03-23 11:09:17,005 [ERROR] LogOutputStream:75 - [STDERR_REDIRECT] [Fatal Error] :1:1: Premature end of file.
2025-03-23 11:09:17,006 [ERROR] LogOutputStream:75 - [STDERR_REDIRECT] 
2025-03-23 11:09:17,999 [ERROR] LogOutputStream:75 - [STDERR_REDIRECT] [Fatal Error] :1:1: Premature end of file.
2025-03-23 11:09:17,999 [ERROR] LogOutputStream:75 - [STDERR_REDIRECT] 
2025-03-23 11:09:18,997 [ERROR] LogOutputStream:75 - [STDERR_REDIRECT] [Fatal Error] :1:1: Premature end of file.
2025-03-23 11:09:18,997 [ERROR] LogOutputStream:75 - [STDERR_REDIRECT] 
2025-03-23 11:09:20,009 [ERROR] LogOutputStream:75 - [STDERR_REDIRECT] [Fatal Error] :1:1: Premature end of file.
2025-03-23 11:09:20,009 [ERROR] LogOutputStream:75 - [STDERR_REDIRECT] 
2025-03-23 11:09:21,010 [ERROR] LogOutputStream:75 - [STDERR_REDIRECT] [Fatal Error] :1:1: Premature end of file.
2025-03-23 11:09:21,010 [ERROR] LogOutputStream:75 - [STDERR_REDIRECT] 
2025-03-23 11:09:22,016 [ERROR] LogOutputStream:75 - [STDERR_REDIRECT] [Fatal Error] :1:1: Premature end of file.
2025-03-23 11:09:22,019 [ERROR] LogOutputStream:75 - [STDERR_REDIRECT] 
2025-03-23 11:09:23,006 [ERROR] LogOutputStream:75 - [STDERR_REDIRECT] [Fatal Error] :1:1: Premature end of file.
2025-03-23 11:09:23,006 [ERROR] LogOutputStream:75 - [STDERR_REDIRECT] 
2025-03-23 11:09:24,007 [ERROR] LogOutputStream:75 - [STDERR_REDIRECT] [Fatal Error] :1:1: Premature end of file.
2025-03-23 11:09:24,007 [ERROR] LogOutputStream:75 - [STDERR_REDIRECT] 
2025-03-23 11:09:25,001 [ERROR] LogOutputStream:75 - [STDERR_REDIRECT] [Fatal Error] :1:1: Premature end of file.
2025-03-23 11:09:25,001 [ERROR] LogOutputStream:75 - [STDERR_REDIRECT] 
2025-03-23 11:09:26,005 [ERROR] LogOutputStream:75 - [STDERR_REDIRECT] [Fatal Error] :1:1: Premature end of file.
2025-03-23 11:09:26,005 [ERROR] LogOutputStream:75 - [STDERR_REDIRECT] 
2025-03-23 11:09:27,005 [ERROR] LogOutputStream:75 - [STDERR_REDIRECT] [Fatal Error] :1:1: Premature end of file.
2025-03-23 11:09:27,005 [ERROR] LogOutputStream:75 - [STDERR_REDIRECT] 
2025-03-23 11:09:28,007 [ERROR] LogOutputStream:75 - [STDERR_REDIRECT] [Fatal Error] :1:1: Premature end of file.
2025-03-23 11:09:28,007 [ERROR] LogOutputStream:75 - [STDERR_REDIRECT] 
2025-03-23 11:09:29,008 [ERROR] LogOutputStream:75 - [STDERR_REDIRECT] [Fatal Error] :1:1: Premature end of file.
2025-03-23 11:09:29,008 [ERROR] LogOutputStream:75 - [STDERR_REDIRECT] 
2025-03-23 11:09:30,006 [ERROR] LogOutputStream:75 - [STDERR_REDIRECT] [Fatal Error] :1:1: Premature end of file.
2025-03-23 11:09:30,006 [ERROR] LogOutputStream:75 - [STDERR_REDIRECT] 
2025-03-23 11:09:30,997 [ERROR] LogOutputStream:75 - [STDERR_REDIRECT] [Fatal Error] :1:1: Premature end of file.
2025-03-23 11:09:30,997 [ERROR] LogOutputStream:75 - [STDERR_REDIRECT] 
2025-03-23 11:09:31,996 [ERROR] LogOutputStream:75 - [STDERR_REDIRECT] [Fatal Error] :1:1: Premature end of file.
2025-03-23 11:09:31,996 [ERROR] LogOutputStream:75 - [STDERR_REDIRECT] 
2025-03-23 11:09:33,007 [ERROR] LogOutputStream:75 - [STDERR_REDIRECT] [Fatal Error] :1:1: Premature end of file.
2025-03-23 11:09:33,007 [ERROR] LogOutputStream:75 - [STDERR_REDIRECT] 
2025-03-23 11:09:33,999 [ERROR] LogOutputStream:75 - [STDERR_REDIRECT] [Fatal Error] :1:1: Premature end of file.
2025-03-23 11:09:33,999 [ERROR] LogOutputStream:75 - [STDERR_REDIRECT] 
2025-03-23 11:09:35,004 [ERROR] LogOutputStream:75 - [STDERR_REDIRECT] [Fatal Error] :1:1: Premature end of file.
2025-03-23 11:09:35,004 [ERROR] LogOutputStream:75 - [STDERR_REDIRECT] 
2025-03-23 11:09:36,006 [ERROR] LogOutputStream:75 - [STDERR_REDIRECT] [Fatal Error] :1:1: Premature end of file.
2025-03-23 11:09:36,006 [ERROR] LogOutputStream:75 - [STDERR_REDIRECT] 
2025-03-23 11:09:37,005 [ERROR] LogOutputStream:75 - [STDERR_REDIRECT] [Fatal Error] :1:1: Premature end of file.
2025-03-23 11:09:37,005 [ERROR] LogOutputStream:75 - [STDERR_REDIRECT] 
2025-03-23 11:09:38,003 [ERROR] LogOutputStream:75 - [STDERR_REDIRECT] [Fatal Error] :1:1: Premature end of file.
2025-03-23 11:09:38,003 [ERROR] LogOutputStream:75 - [STDERR_REDIRECT] 
2025-03-23 11:09:39,002 [ERROR] LogOutputStream:75 - [STDERR_REDIRECT] [Fatal Error] :1:1: Premature end of file.
2025-03-23 11:09:39,002 [ERROR] LogOutputStream:75 - [STDERR_REDIRECT] 
2025-03-23 11:09:39,992 [ERROR] LogOutputStream:75 - [STDERR_REDIRECT] [Fatal Error] :1:1: Premature end of file.
2025-03-23 11:09:39,992 [ERROR] LogOutputStream:75 - [STDERR_REDIRECT] 
2025-03-23 11:09:41,016 [ERROR] LogOutputStream:75 - [STDERR_REDIRECT] [Fatal Error] :1:1: Premature end of file.
2025-03-23 11:09:41,016 [ERROR] LogOutputStream:75 - [STDERR_REDIRECT] 
2025-03-23 11:09:42,002 [ERROR] LogOutputStream:75 - [STDERR_REDIRECT] [Fatal Error] :1:1: Premature end of file.
2025-03-23 11:09:42,002 [ERROR] LogOutputStream:75 - [STDERR_REDIRECT] 
2025-03-23 11:09:43,004 [ERROR] LogOutputStream:75 - [STDERR_REDIRECT] [Fatal Error] :1:1: Premature end of file.
2025-03-23 11:09:43,007 [ERROR] LogOutputStream:75 - [STDERR_REDIRECT] 
2025-03-23 11:09:44,004 [ERROR] LogOutputStream:75 - [STDERR_REDIRECT] [Fatal Error] :1:1: Premature end of file.
2025-03-23 11:09:44,004 [ERROR] LogOutputStream:75 - [STDERR_REDIRECT] 
2025-03-23 11:09:45,002 [ERROR] LogOutputStream:75 - [STDERR_REDIRECT] [Fatal Error] :1:1: Premature end of file.
2025-03-23 11:09:45,002 [ERROR] LogOutputStream:75 - [STDERR_REDIRECT] 
2025-03-23 11:09:46,007 [ERROR] LogOutputStream:75 - [STDERR_REDIRECT] [Fatal Error] :1:1: Premature end of file.
2025-03-23 11:09:46,007 [ERROR] LogOutputStream:75 - [STDERR_REDIRECT] 
2025-03-23 11:09:47,002 [ERROR] LogOutputStream:75 - [STDERR_REDIRECT] [Fatal Error] :1:1: Premature end of file.
2025-03-23 11:09:47,002 [ERROR] LogOutputStream:75 - [STDERR_REDIRECT] 
2025-03-23 11:09:48,011 [ERROR] LogOutputStream:75 - [STDERR_REDIRECT] [Fatal Error] :1:1: Premature end of file.
2025-03-23 11:09:48,011 [ERROR] LogOutputStream:75 - [STDERR_REDIRECT] 
2025-03-23 11:09:49,008 [ERROR] LogOutputStream:75 - [STDERR_REDIRECT] [Fatal Error] :1:1: Premature end of file.
2025-03-23 11:09:49,008 [ERROR] LogOutputStream:75 - [STDERR_REDIRECT] 
2025-03-23 11:09:49,999 [ERROR] LogOutputStream:75 - [STDERR_REDIRECT] [Fatal Error] :1:1: Premature end of file.
2025-03-23 11:09:49,999 [ERROR] LogOutputStream:75 - [STDERR_REDIRECT] 
2025-03-23 11:09:50,997 [ERROR] LogOutputStream:75 - [STDERR_REDIRECT] [Fatal Error] :1:1: Premature end of file.
2025-03-23 11:09:50,997 [ERROR] LogOutputStream:75 - [STDERR_REDIRECT] 
2025-03-23 11:09:52,014 [ERROR] LogOutputStream:75 - [STDERR_REDIRECT] [Fatal Error] :1:1: Premature end of file.
2025-03-23 11:09:52,014 [ERROR] LogOutputStream:75 - [STDERR_REDIRECT] 
2025-03-23 11:09:53,005 [ERROR] LogOutputStream:75 - [STDERR_REDIRECT] [Fatal Error] :1:1: Premature end of file.
2025-03-23 11:09:53,005 [ERROR] LogOutputStream:75 - [STDERR_REDIRECT] 
2025-03-23 11:09:54,005 [ERROR] LogOutputStream:75 - [STDERR_REDIRECT] [Fatal Error] :1:1: Premature end of file.
2025-03-23 11:09:54,005 [ERROR] LogOutputStream:75 - [STDERR_REDIRECT] 
2025-03-23 11:09:55,005 [ERROR] LogOutputStream:75 - [STDERR_REDIRECT] [Fatal Error] :1:1: Premature end of file.
2025-03-23 11:09:55,005 [ERROR] LogOutputStream:75 - [STDERR_REDIRECT] 
2025-03-23 11:09:56,005 [ERROR] LogOutputStream:75 - [STDERR_REDIRECT] [Fatal Error] :1:1: Premature end of file.
2025-03-23 11:09:56,005 [ERROR] LogOutputStream:75 - [STDERR_REDIRECT] 
2025-03-23 11:09:57,003 [ERROR] LogOutputStream:75 - [STDERR_REDIRECT] [Fatal Error] :1:1: Premature end of file.
2025-03-23 11:09:57,003 [ERROR] LogOutputStream:75 - [STDERR_REDIRECT] 
2025-03-23 11:09:57,999 [ERROR] LogOutputStream:75 - [STDERR_REDIRECT] [Fatal Error] :1:1: Premature end of file.
2025-03-23 11:09:57,999 [ERROR] LogOutputStream:75 - [STDERR_REDIRECT] 
2025-03-23 11:09:58,999 [ERROR] LogOutputStream:75 - [STDERR_REDIRECT] [Fatal Error] :1:1: Premature end of file.
2025-03-23 11:09:58,999 [ERROR] LogOutputStream:75 - [STDERR_REDIRECT] 
2025-03-23 11:10:00,019 [ERROR] LogOutputStream:75 - [STDERR_REDIRECT] [Fatal Error] :1:1: Premature end of file.
2025-03-23 11:10:00,019 [ERROR] LogOutputStream:75 - [STDERR_REDIRECT] 
2025-03-23 11:10:01,000 [ERROR] LogOutputStream:75 - [STDERR_REDIRECT] [Fatal Error] :1:1: Premature end of file.
2025-03-23 11:10:01,000 [ERROR] LogOutputStream:75 - [STDERR_REDIRECT] 
2025-03-23 11:10:02,004 [ERROR] LogOutputStream:75 - [STDERR_REDIRECT] [Fatal Error] :1:1: Premature end of file.
2025-03-23 11:10:02,004 [ERROR] LogOutputStream:75 - [STDERR_REDIRECT] 
2025-03-23 11:10:03,003 [ERROR] LogOutputStream:75 - [STDERR_REDIRECT] [Fatal Error] :1:1: Premature end of file.
2025-03-23 11:10:03,003 [ERROR] LogOutputStream:75 - [STDERR_REDIRECT] 
2025-03-23 11:10:04,007 [ERROR] LogOutputStream:75 - [STDERR_REDIRECT] [Fatal Error] :1:1: Premature end of file.
2025-03-23 11:10:04,007 [ERROR] LogOutputStream:75 - [STDERR_REDIRECT] 
2025-03-23 11:10:05,007 [ERROR] LogOutputStream:75 - [STDERR_REDIRECT] [Fatal Error] :1:1: Premature end of file.
2025-03-23 11:10:05,007 [ERROR] LogOutputStream:75 - [STDERR_REDIRECT] 
2025-03-23 11:10:06,006 [ERROR] LogOutputStream:75 - [STDERR_REDIRECT] [Fatal Error] :1:1: Premature end of file.
2025-03-23 11:10:06,006 [ERROR] LogOutputStream:75 - [STDERR_REDIRECT] 
2025-03-23 11:10:07,001 [ERROR] LogOutputStream:75 - [STDERR_REDIRECT] [Fatal Error] :1:1: Premature end of file.
2025-03-23 11:10:07,001 [ERROR] LogOutputStream:75 - [STDERR_REDIRECT] 
2025-03-23 11:10:08,014 [ERROR] LogOutputStream:75 - [STDERR_REDIRECT] [Fatal Error] :1:1: Premature end of file.
2025-03-23 11:10:08,014 [ERROR] LogOutputStream:75 - [STDERR_REDIRECT] 
2025-03-23 11:10:09,006 [ERROR] LogOutputStream:75 - [STDERR_REDIRECT] [Fatal Error] :1:1: Premature end of file.
2025-03-23 11:10:09,006 [ERROR] LogOutputStream:75 - [STDERR_REDIRECT] 
2025-03-23 11:10:10,004 [ERROR] LogOutputStream:75 - [STDERR_REDIRECT] [Fatal Error] :1:1: Premature end of file.
2025-03-23 11:10:10,004 [ERROR] LogOutputStream:75 - [STDERR_REDIRECT] 
2025-03-23 11:10:11,005 [ERROR] LogOutputStream:75 - [STDERR_REDIRECT] [Fatal Error] :1:1: Premature end of file.
2025-03-23 11:10:11,005 [ERROR] LogOutputStream:75 - [STDERR_REDIRECT] 
2025-03-23 11:10:12,004 [ERROR] LogOutputStream:75 - [STDERR_REDIRECT] [Fatal Error] :1:1: Premature end of file.
2025-03-23 11:10:12,004 [ERROR] LogOutputStream:75 - [STDERR_REDIRECT] 
2025-03-23 11:10:13,001 [ERROR] LogOutputStream:75 - [STDERR_REDIRECT] [Fatal Error] :1:1: Premature end of file.
2025-03-23 11:10:13,001 [ERROR] LogOutputStream:75 - [STDERR_REDIRECT] 
2025-03-23 11:10:14,017 [ERROR] LogOutputStream:75 - [STDERR_REDIRECT] [Fatal Error] :1:1: Premature end of file.
2025-03-23 11:10:14,017 [ERROR] LogOutputStream:75 - [STDERR_REDIRECT] 
2025-03-23 11:10:15,014 [ERROR] LogOutputStream:75 - [STDERR_REDIRECT] [Fatal Error] :1:1: Premature end of file.
2025-03-23 11:10:15,014 [ERROR] LogOutputStream:75 - [STDERR_REDIRECT] 
2025-03-23 11:10:16,003 [ERROR] LogOutputStream:75 - [STDERR_REDIRECT] [Fatal Error] :1:1: Premature end of file.
2025-03-23 11:10:16,003 [ERROR] LogOutputStream:75 - [STDERR_REDIRECT] 
2025-03-23 11:10:17,007 [ERROR] LogOutputStream:75 - [STDERR_REDIRECT] [Fatal Error] :1:1: Premature end of file.
2025-03-23 11:10:17,007 [ERROR] LogOutputStream:75 - [STDERR_REDIRECT] 
2025-03-23 11:10:18,002 [ERROR] LogOutputStream:75 - [STDERR_REDIRECT] [Fatal Error] :1:1: Premature end of file.
2025-03-23 11:10:18,002 [ERROR] LogOutputStream:75 - [STDERR_REDIRECT] 
2025-03-23 11:10:19,003 [ERROR] LogOutputStream:75 - [STDERR_REDIRECT] [Fatal Error] :1:1: Premature end of file.
2025-03-23 11:10:19,003 [ERROR] LogOutputStream:75 - [STDERR_REDIRECT] 
2025-03-23 11:10:20,006 [ERROR] LogOutputStream:75 - [STDERR_REDIRECT] [Fatal Error] :1:1: Premature end of file.
2025-03-23 11:10:20,006 [ERROR] LogOutputStream:75 - [STDERR_REDIRECT] 
2025-03-23 11:10:21,005 [ERROR] LogOutputStream:75 - [STDERR_REDIRECT] [Fatal Error] :1:1: Premature end of file.
2025-03-23 11:10:21,005 [ERROR] LogOutputStream:75 - [STDERR_REDIRECT] 
2025-03-23 11:10:22,004 [ERROR] LogOutputStream:75 - [STDERR_REDIRECT] [Fatal Error] :1:1: Premature end of file.
2025-03-23 11:10:22,004 [ERROR] LogOutputStream:75 - [STDERR_REDIRECT] 
2025-03-23 11:10:23,011 [ERROR] LogOutputStream:75 - [STDERR_REDIRECT] [Fatal Error] :1:1: Premature end of file.
2025-03-23 11:10:23,013 [ERROR] LogOutputStream:75 - [STDERR_REDIRECT] 
2025-03-23 11:10:23,999 [ERROR] LogOutputStream:75 - [STDERR_REDIRECT] [Fatal Error] :1:1: Premature end of file.
2025-03-23 11:10:23,999 [ERROR] LogOutputStream:75 - [STDERR_REDIRECT] 
2025-03-23 11:10:25,012 [ERROR] LogOutputStream:75 - [STDERR_REDIRECT] [Fatal Error] :1:1: Premature end of file.
2025-03-23 11:10:25,012 [ERROR] LogOutputStream:75 - [STDERR_REDIRECT] 
2025-03-23 11:10:25,999 [ERROR] LogOutputStream:75 - [STDERR_REDIRECT] [Fatal Error] :1:1: Premature end of file.
2025-03-23 11:10:25,999 [ERROR] LogOutputStream:75 - [STDERR_REDIRECT] 
2025-03-23 11:10:27,004 [ERROR] LogOutputStream:75 - [STDERR_REDIRECT] [Fatal Error] :1:1: Premature end of file.
2025-03-23 11:10:27,004 [ERROR] LogOutputStream:75 - [STDERR_REDIRECT] 
2025-03-23 11:10:27,997 [ERROR] LogOutputStream:75 - [STDERR_REDIRECT] [Fatal Error] :1:1: Premature end of file.
2025-03-23 11:10:27,997 [ERROR] LogOutputStream:75 - [STDERR_REDIRECT] 
2025-03-23 11:10:28,998 [ERROR] LogOutputStream:75 - [STDERR_REDIRECT] [Fatal Error] :1:1: Premature end of file.
2025-03-23 11:10:28,998 [ERROR] LogOutputStream:75 - [STDERR_REDIRECT] 
2025-03-23 11:10:30,015 [ERROR] LogOutputStream:75 - [STDERR_REDIRECT] [Fatal Error] :1:1: Premature end of file.
2025-03-23 11:10:30,015 [ERROR] LogOutputStream:75 - [STDERR_REDIRECT] 
2025-03-23 11:10:31,006 [ERROR] LogOutputStream:75 - [STDERR_REDIRECT] [Fatal Error] :1:1: Premature end of file.
2025-03-23 11:10:31,006 [ERROR] LogOutputStream:75 - [STDERR_REDIRECT] 
2025-03-23 11:10:32,004 [ERROR] LogOutputStream:75 - [STDERR_REDIRECT] [Fatal Error] :1:1: Premature end of file.
2025-03-23 11:10:32,004 [ERROR] LogOutputStream:75 - [STDERR_REDIRECT] 
2025-03-23 11:10:33,007 [ERROR] LogOutputStream:75 - [STDERR_REDIRECT] [Fatal Error] :1:1: Premature end of file.
2025-03-23 11:10:33,007 [ERROR] LogOutputStream:75 - [STDERR_REDIRECT] 
2025-03-23 11:10:34,002 [ERROR] LogOutputStream:75 - [STDERR_REDIRECT] [Fatal Error] :1:1: Premature end of file.
2025-03-23 11:10:34,002 [ERROR] LogOutputStream:75 - [STDERR_REDIRECT] 
2025-03-23 11:10:35,003 [ERROR] LogOutputStream:75 - [STDERR_REDIRECT] [Fatal Error] :1:1: Premature end of file.
2025-03-23 11:10:35,003 [ERROR] LogOutputStream:75 - [STDERR_REDIRECT] 
2025-03-23 11:10:36,006 [ERROR] LogOutputStream:75 - [STDERR_REDIRECT] [Fatal Error] :1:1: Premature end of file.
2025-03-23 11:10:36,006 [ERROR] LogOutputStream:75 - [STDERR_REDIRECT] 
2025-03-23 11:10:37,004 [ERROR] LogOutputStream:75 - [STDERR_REDIRECT] [Fatal Error] :1:1: Premature end of file.
2025-03-23 11:10:37,004 [ERROR] LogOutputStream:75 - [STDERR_REDIRECT] 
2025-03-23 11:10:38,003 [ERROR] LogOutputStream:75 - [STDERR_REDIRECT] [Fatal Error] :1:1: Premature end of file.
2025-03-23 11:10:38,003 [ERROR] LogOutputStream:75 - [STDERR_REDIRECT] 
2025-03-23 11:10:39,001 [ERROR] LogOutputStream:75 - [STDERR_REDIRECT] [Fatal Error] :1:1: Premature end of file.
2025-03-23 11:10:39,001 [ERROR] LogOutputStream:75 - [STDERR_REDIRECT] 
2025-03-23 11:10:40,006 [ERROR] LogOutputStream:75 - [STDERR_REDIRECT] [Fatal Error] :1:1: Premature end of file.
2025-03-23 11:10:40,006 [ERROR] LogOutputStream:75 - [STDERR_REDIRECT] 
2025-03-23 11:10:41,009 [ERROR] LogOutputStream:75 - [STDERR_REDIRECT] [Fatal Error] :1:1: Premature end of file.
2025-03-23 11:10:41,009 [ERROR] LogOutputStream:75 - [STDERR_REDIRECT] 
2025-03-23 11:10:42,009 [ERROR] LogOutputStream:75 - [STDERR_REDIRECT] [Fatal Error] :1:1: Premature end of file.
2025-03-23 11:10:42,009 [ERROR] LogOutputStream:75 - [STDERR_REDIRECT] 
2025-03-23 11:10:43,000 [ERROR] LogOutputStream:75 - [STDERR_REDIRECT] [Fatal Error] :1:1: Premature end of file.
2025-03-23 11:10:43,000 [ERROR] LogOutputStream:75 - [STDERR_REDIRECT] 
2025-03-23 11:10:44,048 [ERROR] LogOutputStream:75 - [STDERR_REDIRECT] [Fatal Error] :1:1: Premature end of file.
2025-03-23 11:10:44,049 [ERROR] LogOutputStream:75 - [STDERR_REDIRECT] 
2025-03-23 11:10:44,994 [ERROR] LogOutputStream:75 - [STDERR_REDIRECT] [Fatal Error] :1:1: Premature end of file.
2025-03-23 11:10:44,994 [ERROR] LogOutputStream:75 - [STDERR_REDIRECT] 
2025-03-23 11:10:46,000 [ERROR] LogOutputStream:75 - [STDERR_REDIRECT] [Fatal Error] :1:1: Premature end of file.
2025-03-23 11:10:46,000 [ERROR] LogOutputStream:75 - [STDERR_REDIRECT] 
2025-03-23 11:10:47,005 [ERROR] LogOutputStream:75 - [STDERR_REDIRECT] [Fatal Error] :1:1: Premature end of file.
2025-03-23 11:10:47,005 [ERROR] LogOutputStream:75 - [STDERR_REDIRECT] 
2025-03-23 11:10:48,016 [ERROR] LogOutputStream:75 - [STDERR_REDIRECT] [Fatal Error] :1:1: Premature end of file.
2025-03-23 11:10:48,016 [ERROR] LogOutputStream:75 - [STDERR_REDIRECT] 
2025-03-23 11:10:49,009 [ERROR] LogOutputStream:75 - [STDERR_REDIRECT] [Fatal Error] :1:1: Premature end of file.
2025-03-23 11:10:49,009 [ERROR] LogOutputStream:75 - [STDERR_REDIRECT] 
2025-03-23 11:10:50,017 [ERROR] LogOutputStream:75 - [STDERR_REDIRECT] [Fatal Error] :1:1: Premature end of file.
2025-03-23 11:10:50,017 [ERROR] LogOutputStream:75 - [STDERR_REDIRECT] 
2025-03-23 11:10:51,010 [ERROR] LogOutputStream:75 - [STDERR_REDIRECT] [Fatal Error] :1:1: Premature end of file.
2025-03-23 11:10:51,010 [ERROR] LogOutputStream:75 - [STDERR_REDIRECT] 
2025-03-23 11:10:52,006 [ERROR] LogOutputStream:75 - [STDERR_REDIRECT] [Fatal Error] :1:1: Premature end of file.
2025-03-23 11:10:52,006 [ERROR] LogOutputStream:75 - [STDERR_REDIRECT] 
2025-03-23 11:10:53,004 [ERROR] LogOutputStream:75 - [STDERR_REDIRECT] [Fatal Error] :1:1: Premature end of file.
2025-03-23 11:10:53,004 [ERROR] LogOutputStream:75 - [STDERR_REDIRECT] 
2025-03-23 11:10:54,003 [ERROR] LogOutputStream:75 - [STDERR_REDIRECT] [Fatal Error] :1:1: Premature end of file.
2025-03-23 11:10:54,003 [ERROR] LogOutputStream:75 - [STDERR_REDIRECT] 
2025-03-23 11:10:54,999 [ERROR] LogOutputStream:75 - [STDERR_REDIRECT] [Fatal Error] :1:1: Premature end of file.
2025-03-23 11:10:54,999 [ERROR] LogOutputStream:75 - [STDERR_REDIRECT] 
2025-03-23 11:10:55,998 [ERROR] LogOutputStream:75 - [STDERR_REDIRECT] [Fatal Error] :1:1: Premature end of file.
2025-03-23 11:10:55,999 [ERROR] LogOutputStream:75 - [STDERR_REDIRECT] 
2025-03-23 11:10:56,998 [ERROR] LogOutputStream:75 - [STDERR_REDIRECT] [Fatal Error] :1:1: Premature end of file.
2025-03-23 11:10:56,998 [ERROR] LogOutputStream:75 - [STDERR_REDIRECT] 
2025-03-23 11:10:58,002 [ERROR] LogOutputStream:75 - [STDERR_REDIRECT] [Fatal Error] :1:1: Premature end of file.
2025-03-23 11:10:58,002 [ERROR] LogOutputStream:75 - [STDERR_REDIRECT] 
2025-03-23 11:10:59,000 [ERROR] LogOutputStream:75 - [STDERR_REDIRECT] [Fatal Error] :1:1: Premature end of file.
2025-03-23 11:10:59,000 [ERROR] LogOutputStream:75 - [STDERR_REDIRECT] 
2025-03-23 11:10:59,999 [ERROR] LogOutputStream:75 - [STDERR_REDIRECT] [Fatal Error] :1:1: Premature end of file.
2025-03-23 11:10:59,999 [ERROR] LogOutputStream:75 - [STDERR_REDIRECT] 
2025-03-23 11:11:01,001 [ERROR] LogOutputStream:75 - [STDERR_REDIRECT] [Fatal Error] :1:1: Premature end of file.
2025-03-23 11:11:01,001 [ERROR] LogOutputStream:75 - [STDERR_REDIRECT] 
2025-03-23 11:11:02,002 [ERROR] LogOutputStream:75 - [STDERR_REDIRECT] [Fatal Error] :1:1: Premature end of file.
2025-03-23 11:11:02,002 [ERROR] LogOutputStream:75 - [STDERR_REDIRECT] 
2025-03-23 11:11:03,010 [ERROR] LogOutputStream:75 - [STDERR_REDIRECT] [Fatal Error] :1:1: Premature end of file.
2025-03-23 11:11:03,010 [ERROR] LogOutputStream:75 - [STDERR_REDIRECT] 
2025-03-23 11:11:04,003 [ERROR] LogOutputStream:75 - [STDERR_REDIRECT] [Fatal Error] :1:1: Premature end of file.
2025-03-23 11:11:04,003 [ERROR] LogOutputStream:75 - [STDERR_REDIRECT] 
2025-03-23 11:11:05,003 [ERROR] LogOutputStream:75 - [STDERR_REDIRECT] [Fatal Error] :1:1: Premature end of file.
2025-03-23 11:11:05,003 [ERROR] LogOutputStream:75 - [STDERR_REDIRECT] 
2025-03-23 11:11:06,007 [ERROR] LogOutputStream:75 - [STDERR_REDIRECT] [Fatal Error] :1:1: Premature end of file.
2025-03-23 11:11:06,007 [ERROR] LogOutputStream:75 - [STDERR_REDIRECT] 
2025-03-23 11:11:07,005 [ERROR] LogOutputStream:75 - [STDERR_REDIRECT] [Fatal Error] :1:1: Premature end of file.
2025-03-23 11:11:07,006 [ERROR] LogOutputStream:75 - [STDERR_REDIRECT] 
2025-03-23 11:11:08,002 [ERROR] LogOutputStream:75 - [STDERR_REDIRECT] [Fatal Error] :1:1: Premature end of file.
2025-03-23 11:11:08,002 [ERROR] LogOutputStream:75 - [STDERR_REDIRECT] 
2025-03-23 11:11:09,000 [ERROR] LogOutputStream:75 - [STDERR_REDIRECT] [Fatal Error] :1:1: Premature end of file.
2025-03-23 11:11:09,000 [ERROR] LogOutputStream:75 - [STDERR_REDIRECT] 
2025-03-23 11:11:10,002 [ERROR] LogOutputStream:75 - [STDERR_REDIRECT] [Fatal Error] :1:1: Premature end of file.
2025-03-23 11:11:10,002 [ERROR] LogOutputStream:75 - [STDERR_REDIRECT] 
2025-03-23 11:11:11,006 [ERROR] LogOutputStream:75 - [STDERR_REDIRECT] [Fatal Error] :1:1: Premature end of file.
2025-03-23 11:11:11,006 [ERROR] LogOutputStream:75 - [STDERR_REDIRECT] 
2025-03-23 11:11:12,002 [ERROR] LogOutputStream:75 - [STDERR_REDIRECT] [Fatal Error] :1:1: Premature end of file.
2025-03-23 11:11:12,002 [ERROR] LogOutputStream:75 - [STDERR_REDIRECT] 
2025-03-23 11:11:13,000 [ERROR] LogOutputStream:75 - [STDERR_REDIRECT] [Fatal Error] :1:1: Premature end of file.
2025-03-23 11:11:13,000 [ERROR] LogOutputStream:75 - [STDERR_REDIRECT] 
2025-03-23 11:11:14,003 [ERROR] LogOutputStream:75 - [STDERR_REDIRECT] [Fatal Error] :1:1: Premature end of file.
2025-03-23 11:11:14,003 [ERROR] LogOutputStream:75 - [STDERR_REDIRECT] 
2025-03-23 11:11:15,002 [ERROR] LogOutputStream:75 - [STDERR_REDIRECT] [Fatal Error] :1:1: Premature end of file.
2025-03-23 11:11:15,002 [ERROR] LogOutputStream:75 - [STDERR_REDIRECT] 
2025-03-23 11:11:16,007 [ERROR] LogOutputStream:75 - [STDERR_REDIRECT] [Fatal Error] :1:1: Premature end of file.
2025-03-23 11:11:16,007 [ERROR] LogOutputStream:75 - [STDERR_REDIRECT] 
2025-03-23 11:11:17,000 [ERROR] LogOutputStream:75 - [STDERR_REDIRECT] [Fatal Error] :1:1: Premature end of file.
2025-03-23 11:11:17,000 [ERROR] LogOutputStream:75 - [STDERR_REDIRECT] 
2025-03-23 11:11:18,005 [ERROR] LogOutputStream:75 - [STDERR_REDIRECT] [Fatal Error] :1:1: Premature end of file.
2025-03-23 11:11:18,006 [ERROR] LogOutputStream:75 - [STDERR_REDIRECT] 
2025-03-23 11:11:19,002 [ERROR] LogOutputStream:75 - [STDERR_REDIRECT] [Fatal Error] :1:1: Premature end of file.
2025-03-23 11:11:19,002 [ERROR] LogOutputStream:75 - [STDERR_REDIRECT] 
2025-03-23 11:11:20,003 [ERROR] LogOutputStream:75 - [STDERR_REDIRECT] [Fatal Error] :1:1: Premature end of file.
2025-03-23 11:11:20,003 [ERROR] LogOutputStream:75 - [STDERR_REDIRECT] 
2025-03-23 11:11:21,009 [ERROR] LogOutputStream:75 - [STDERR_REDIRECT] [Fatal Error] :1:1: Premature end of file.
2025-03-23 11:11:21,009 [ERROR] LogOutputStream:75 - [STDERR_REDIRECT] 
2025-03-23 11:11:22,010 [ERROR] LogOutputStream:75 - [STDERR_REDIRECT] [Fatal Error] :1:1: Premature end of file.
2025-03-23 11:11:22,010 [ERROR] LogOutputStream:75 - [STDERR_REDIRECT] 
2025-03-23 11:11:23,001 [ERROR] LogOutputStream:75 - [STDERR_REDIRECT] [Fatal Error] :1:1: Premature end of file.
2025-03-23 11:11:23,001 [ERROR] LogOutputStream:75 - [STDERR_REDIRECT] 
2025-03-23 11:11:24,021 [ERROR] LogOutputStream:75 - [STDERR_REDIRECT] [Fatal Error] :1:1: Premature end of file.
2025-03-23 11:11:24,021 [ERROR] LogOutputStream:75 - [STDERR_REDIRECT] 
2025-03-23 11:11:25,007 [ERROR] LogOutputStream:75 - [STDERR_REDIRECT] [Fatal Error] :1:1: Premature end of file.
2025-03-23 11:11:25,007 [ERROR] LogOutputStream:75 - [STDERR_REDIRECT] 
2025-03-23 11:11:26,005 [ERROR] LogOutputStream:75 - [STDERR_REDIRECT] [Fatal Error] :1:1: Premature end of file.
2025-03-23 11:11:26,005 [ERROR] LogOutputStream:75 - [STDERR_REDIRECT] 
2025-03-23 11:11:27,005 [ERROR] LogOutputStream:75 - [STDERR_REDIRECT] [Fatal Error] :1:1: Premature end of file.
2025-03-23 11:11:27,005 [ERROR] LogOutputStream:75 - [STDERR_REDIRECT] 
2025-03-23 11:11:28,001 [ERROR] LogOutputStream:75 - [STDERR_REDIRECT] [Fatal Error] :1:1: Premature end of file.
2025-03-23 11:11:28,001 [ERROR] LogOutputStream:75 - [STDERR_REDIRECT] 
2025-03-23 11:11:29,011 [ERROR] LogOutputStream:75 - [STDERR_REDIRECT] [Fatal Error] :1:1: Premature end of file.
2025-03-23 11:11:29,011 [ERROR] LogOutputStream:75 - [STDERR_REDIRECT] 
2025-03-23 11:11:30,011 [ERROR] LogOutputStream:75 - [STDERR_REDIRECT] [Fatal Error] :1:1: Premature end of file.
2025-03-23 11:11:30,011 [ERROR] LogOutputStream:75 - [STDERR_REDIRECT] 
2025-03-23 11:11:31,016 [ERROR] LogOutputStream:75 - [STDERR_REDIRECT] [Fatal Error] :1:1: Premature end of file.
2025-03-23 11:11:31,016 [ERROR] LogOutputStream:75 - [STDERR_REDIRECT] 
2025-03-23 11:11:32,011 [ERROR] LogOutputStream:75 - [STDERR_REDIRECT] [Fatal Error] :1:1: Premature end of file.
2025-03-23 11:11:32,011 [ERROR] LogOutputStream:75 - [STDERR_REDIRECT] 
2025-03-23 11:11:32,999 [ERROR] LogOutputStream:75 - [STDERR_REDIRECT] [Fatal Error] :1:1: Premature end of file.
2025-03-23 11:11:32,999 [ERROR] LogOutputStream:75 - [STDERR_REDIRECT] 
2025-03-23 11:11:34,011 [ERROR] LogOutputStream:75 - [STDERR_REDIRECT] [Fatal Error] :1:1: Premature end of file.
2025-03-23 11:11:34,011 [ERROR] LogOutputStream:75 - [STDERR_REDIRECT] 
2025-03-23 11:11:34,999 [ERROR] LogOutputStream:75 - [STDERR_REDIRECT] [Fatal Error] :1:1: Premature end of file.
2025-03-23 11:11:34,999 [ERROR] LogOutputStream:75 - [STDERR_REDIRECT] 
2025-03-23 11:11:36,012 [ERROR] LogOutputStream:75 - [STDERR_REDIRECT] [Fatal Error] :1:1: Premature end of file.
2025-03-23 11:11:36,012 [ERROR] LogOutputStream:75 - [STDERR_REDIRECT] 
2025-03-23 11:11:37,013 [ERROR] LogOutputStream:75 - [STDERR_REDIRECT] [Fatal Error] :1:1: Premature end of file.
2025-03-23 11:11:37,013 [ERROR] LogOutputStream:75 - [STDERR_REDIRECT] 
2025-03-23 11:11:38,011 [ERROR] LogOutputStream:75 - [STDERR_REDIRECT] [Fatal Error] :1:1: Premature end of file.
2025-03-23 11:11:38,018 [ERROR] LogOutputStream:75 - [STDERR_REDIRECT] 
2025-03-23 11:11:39,006 [ERROR] LogOutputStream:75 - [STDERR_REDIRECT] [Fatal Error] :1:1: Premature end of file.
2025-03-23 11:11:39,006 [ERROR] LogOutputStream:75 - [STDERR_REDIRECT] 
2025-03-23 11:11:40,016 [ERROR] LogOutputStream:75 - [STDERR_REDIRECT] [Fatal Error] :1:1: Premature end of file.
2025-03-23 11:11:40,016 [ERROR] LogOutputStream:75 - [STDERR_REDIRECT] 
2025-03-23 11:11:41,029 [ERROR] LogOutputStream:75 - [STDERR_REDIRECT] [Fatal Error] :1:1: Premature end of file.
2025-03-23 11:11:41,029 [ERROR] LogOutputStream:75 - [STDERR_REDIRECT] 
2025-03-23 11:11:42,019 [ERROR] LogOutputStream:75 - [STDERR_REDIRECT] [Fatal Error] :1:1: Premature end of file.
2025-03-23 11:11:42,019 [ERROR] LogOutputStream:75 - [STDERR_REDIRECT] 
2025-03-23 11:11:43,005 [ERROR] LogOutputStream:75 - [STDERR_REDIRECT] [Fatal Error] :1:1: Premature end of file.
2025-03-23 11:11:43,005 [ERROR] LogOutputStream:75 - [STDERR_REDIRECT] 
2025-03-23 11:11:43,993 [ERROR] LogOutputStream:75 - [STDERR_REDIRECT] [Fatal Error] :1:1: Premature end of file.
2025-03-23 11:11:43,993 [ERROR] LogOutputStream:75 - [STDERR_REDIRECT] 
2025-03-23 11:11:45,002 [ERROR] LogOutputStream:75 - [STDERR_REDIRECT] [Fatal Error] :1:1: Premature end of file.
2025-03-23 11:11:45,002 [ERROR] LogOutputStream:75 - [STDERR_REDIRECT] 
2025-03-23 11:11:46,009 [ERROR] LogOutputStream:75 - [STDERR_REDIRECT] [Fatal Error] :1:1: Premature end of file.
2025-03-23 11:11:46,009 [ERROR] LogOutputStream:75 - [STDERR_REDIRECT] 
2025-03-23 11:11:47,013 [ERROR] LogOutputStream:75 - [STDERR_REDIRECT] [Fatal Error] :1:1: Premature end of file.
2025-03-23 11:11:47,013 [ERROR] LogOutputStream:75 - [STDERR_REDIRECT] 
2025-03-23 11:11:48,011 [ERROR] LogOutputStream:75 - [STDERR_REDIRECT] [Fatal Error] :1:1: Premature end of file.
2025-03-23 11:11:48,011 [ERROR] LogOutputStream:75 - [STDERR_REDIRECT] 
2025-03-23 11:11:49,010 [ERROR] LogOutputStream:75 - [STDERR_REDIRECT] [Fatal Error] :1:1: Premature end of file.
2025-03-23 11:11:49,010 [ERROR] LogOutputStream:75 - [STDERR_REDIRECT] 
2025-03-23 11:11:50,033 [ERROR] LogOutputStream:75 - [STDERR_REDIRECT] [Fatal Error] :1:1: Premature end of file.
2025-03-23 11:11:50,033 [ERROR] LogOutputStream:75 - [STDERR_REDIRECT] 
2025-03-23 11:11:51,013 [ERROR] LogOutputStream:75 - [STDERR_REDIRECT] [Fatal Error] :1:1: Premature end of file.
2025-03-23 11:11:51,013 [ERROR] LogOutputStream:75 - [STDERR_REDIRECT] 
2025-03-23 11:11:52,011 [ERROR] LogOutputStream:75 - [STDERR_REDIRECT] [Fatal Error] :1:1: Premature end of file.
2025-03-23 11:11:52,011 [ERROR] LogOutputStream:75 - [STDERR_REDIRECT] 
2025-03-23 11:11:53,016 [ERROR] LogOutputStream:75 - [STDERR_REDIRECT] [Fatal Error] :1:1: Premature end of file.
2025-03-23 11:11:53,016 [ERROR] LogOutputStream:75 - [STDERR_REDIRECT] 
2025-03-23 11:11:54,022 [ERROR] LogOutputStream:75 - [STDERR_REDIRECT] [Fatal Error] :1:1: Premature end of file.
2025-03-23 11:11:54,025 [ERROR] LogOutputStream:75 - [STDERR_REDIRECT] 
2025-03-23 11:11:55,003 [ERROR] LogOutputStream:75 - [STDERR_REDIRECT] [Fatal Error] :1:1: Premature end of file.
2025-03-23 11:11:55,003 [ERROR] LogOutputStream:75 - [STDERR_REDIRECT] 
2025-03-23 11:11:56,002 [ERROR] LogOutputStream:75 - [STDERR_REDIRECT] [Fatal Error] :1:1: Premature end of file.
2025-03-23 11:11:56,002 [ERROR] LogOutputStream:75 - [STDERR_REDIRECT] 
2025-03-23 11:11:57,005 [ERROR] LogOutputStream:75 - [STDERR_REDIRECT] [Fatal Error] :1:1: Premature end of file.
2025-03-23 11:11:57,005 [ERROR] LogOutputStream:75 - [STDERR_REDIRECT] 
2025-03-23 11:11:58,011 [ERROR] LogOutputStream:75 - [STDERR_REDIRECT] [Fatal Error] :1:1: Premature end of file.
2025-03-23 11:11:58,011 [ERROR] LogOutputStream:75 - [STDERR_REDIRECT] 
2025-03-23 11:11:59,003 [ERROR] LogOutputStream:75 - [STDERR_REDIRECT] [Fatal Error] :1:1: Premature end of file.
2025-03-23 11:11:59,003 [ERROR] LogOutputStream:75 - [STDERR_REDIRECT] 
2025-03-23 11:12:00,005 [ERROR] LogOutputStream:75 - [STDERR_REDIRECT] [Fatal Error] :1:1: Premature end of file.
2025-03-23 11:12:00,005 [ERROR] LogOutputStream:75 - [STDERR_REDIRECT] 
2025-03-23 11:12:01,012 [ERROR] LogOutputStream:75 - [STDERR_REDIRECT] [Fatal Error] :1:1: Premature end of file.
2025-03-23 11:12:01,012 [ERROR] LogOutputStream:75 - [STDERR_REDIRECT] 
2025-03-23 11:12:02,018 [ERROR] LogOutputStream:75 - [STDERR_REDIRECT] [Fatal Error] :1:1: Premature end of file.
2025-03-23 11:12:02,018 [ERROR] LogOutputStream:75 - [STDERR_REDIRECT] 
2025-03-23 11:12:03,020 [ERROR] LogOutputStream:75 - [STDERR_REDIRECT] [Fatal Error] :1:1: Premature end of file.
2025-03-23 11:12:03,020 [ERROR] LogOutputStream:75 - [STDERR_REDIRECT] 
2025-03-23 11:12:04,015 [ERROR] LogOutputStream:75 - [STDERR_REDIRECT] [Fatal Error] :1:1: Premature end of file.
2025-03-23 11:12:04,015 [ERROR] LogOutputStream:75 - [STDERR_REDIRECT] 
2025-03-23 11:12:05,015 [ERROR] LogOutputStream:75 - [STDERR_REDIRECT] [Fatal Error] :1:1: Premature end of file.
2025-03-23 11:12:05,015 [ERROR] LogOutputStream:75 - [STDERR_REDIRECT] 
2025-03-23 11:12:06,008 [ERROR] LogOutputStream:75 - [STDERR_REDIRECT] [Fatal Error] :1:1: Premature end of file.
2025-03-23 11:12:06,008 [ERROR] LogOutputStream:75 - [STDERR_REDIRECT] 
2025-03-23 11:12:07,023 [ERROR] LogOutputStream:75 - [STDERR_REDIRECT] [Fatal Error] :1:1: Premature end of file.
2025-03-23 11:12:07,023 [ERROR] LogOutputStream:75 - [STDERR_REDIRECT] 
2025-03-23 11:12:08,019 [ERROR] LogOutputStream:75 - [STDERR_REDIRECT] [Fatal Error] :1:1: Premature end of file.
2025-03-23 11:12:08,019 [ERROR] LogOutputStream:75 - [STDERR_REDIRECT] 
2025-03-23 11:12:09,030 [ERROR] LogOutputStream:75 - [STDERR_REDIRECT] [Fatal Error] :1:1: Premature end of file.
2025-03-23 11:12:09,030 [ERROR] LogOutputStream:75 - [STDERR_REDIRECT] 
2025-03-23 11:12:10,011 [ERROR] LogOutputStream:75 - [STDERR_REDIRECT] [Fatal Error] :1:1: Premature end of file.
2025-03-23 11:12:10,011 [ERROR] LogOutputStream:75 - [STDERR_REDIRECT] 
2025-03-23 11:12:11,000 [ERROR] LogOutputStream:75 - [STDERR_REDIRECT] [Fatal Error] :1:1: Premature end of file.
2025-03-23 11:12:11,000 [ERROR] LogOutputStream:75 - [STDERR_REDIRECT] 
2025-03-23 11:12:12,003 [ERROR] LogOutputStream:75 - [STDERR_REDIRECT] [Fatal Error] :1:1: Premature end of file.
2025-03-23 11:12:12,003 [ERROR] LogOutputStream:75 - [STDERR_REDIRECT] 
2025-03-23 11:12:13,006 [ERROR] LogOutputStream:75 - [STDERR_REDIRECT] [Fatal Error] :1:1: Premature end of file.
2025-03-23 11:12:13,006 [ERROR] LogOutputStream:75 - [STDERR_REDIRECT] 
2025-03-23 11:12:14,000 [ERROR] LogOutputStream:75 - [STDERR_REDIRECT] [Fatal Error] :1:1: Premature end of file.
2025-03-23 11:12:14,000 [ERROR] LogOutputStream:75 - [STDERR_REDIRECT] 
2025-03-23 11:12:15,016 [ERROR] LogOutputStream:75 - [STDERR_REDIRECT] [Fatal Error] :1:1: Premature end of file.
2025-03-23 11:12:15,016 [ERROR] LogOutputStream:75 - [STDERR_REDIRECT] 
2025-03-23 11:12:16,003 [ERROR] LogOutputStream:75 - [STDERR_REDIRECT] [Fatal Error] :1:1: Premature end of file.
2025-03-23 11:12:16,003 [ERROR] LogOutputStream:75 - [STDERR_REDIRECT] 
2025-03-23 11:12:17,006 [ERROR] LogOutputStream:75 - [STDERR_REDIRECT] [Fatal Error] :1:1: Premature end of file.
2025-03-23 11:12:17,006 [ERROR] LogOutputStream:75 - [STDERR_REDIRECT] 
2025-03-23 11:12:18,011 [ERROR] LogOutputStream:75 - [STDERR_REDIRECT] [Fatal Error] :1:1: Premature end of file.
2025-03-23 11:12:18,011 [ERROR] LogOutputStream:75 - [STDERR_REDIRECT] 
2025-03-23 11:12:19,014 [ERROR] LogOutputStream:75 - [STDERR_REDIRECT] [Fatal Error] :1:1: Premature end of file.
2025-03-23 11:12:19,014 [ERROR] LogOutputStream:75 - [STDERR_REDIRECT] 
2025-03-23 11:12:20,017 [ERROR] LogOutputStream:75 - [STDERR_REDIRECT] [Fatal Error] :1:1: Premature end of file.
2025-03-23 11:12:20,017 [ERROR] LogOutputStream:75 - [STDERR_REDIRECT] 
2025-03-23 11:12:21,021 [ERROR] LogOutputStream:75 - [STDERR_REDIRECT] [Fatal Error] :1:1: Premature end of file.
2025-03-23 11:12:21,021 [ERROR] LogOutputStream:75 - [STDERR_REDIRECT] 
2025-03-23 11:12:22,008 [ERROR] LogOutputStream:75 - [STDERR_REDIRECT] [Fatal Error] :1:1: Premature end of file.
2025-03-23 11:12:22,010 [ERROR] LogOutputStream:75 - [STDERR_REDIRECT] 
2025-03-23 11:12:23,007 [ERROR] LogOutputStream:75 - [STDERR_REDIRECT] [Fatal Error] :1:1: Premature end of file.
2025-03-23 11:12:23,007 [ERROR] LogOutputStream:75 - [STDERR_REDIRECT] 
2025-03-23 11:12:24,009 [ERROR] LogOutputStream:75 - [STDERR_REDIRECT] [Fatal Error] :1:1: Premature end of file.
2025-03-23 11:12:24,009 [ERROR] LogOutputStream:75 - [STDERR_REDIRECT] 
2025-03-23 11:12:25,005 [ERROR] LogOutputStream:75 - [STDERR_REDIRECT] [Fatal Error] :1:1: Premature end of file.
2025-03-23 11:12:25,005 [ERROR] LogOutputStream:75 - [STDERR_REDIRECT] 
2025-03-23 11:12:26,007 [ERROR] LogOutputStream:75 - [STDERR_REDIRECT] [Fatal Error] :1:1: Premature end of file.
2025-03-23 11:12:26,007 [ERROR] LogOutputStream:75 - [STDERR_REDIRECT] 
2025-03-23 11:12:27,004 [ERROR] LogOutputStream:75 - [STDERR_REDIRECT] [Fatal Error] :1:1: Premature end of file.
2025-03-23 11:12:27,004 [ERROR] LogOutputStream:75 - [STDERR_REDIRECT] 
2025-03-23 11:12:28,000 [ERROR] LogOutputStream:75 - [STDERR_REDIRECT] [Fatal Error] :1:1: Premature end of file.
2025-03-23 11:12:28,000 [ERROR] LogOutputStream:75 - [STDERR_REDIRECT] 
2025-03-23 11:12:29,000 [ERROR] LogOutputStream:75 - [STDERR_REDIRECT] [Fatal Error] :1:1: Premature end of file.
2025-03-23 11:12:29,001 [ERROR] LogOutputStream:75 - [STDERR_REDIRECT] 
2025-03-23 11:12:30,002 [ERROR] LogOutputStream:75 - [STDERR_REDIRECT] [Fatal Error] :1:1: Premature end of file.
2025-03-23 11:12:30,002 [ERROR] LogOutputStream:75 - [STDERR_REDIRECT] 
2025-03-23 11:12:31,002 [ERROR] LogOutputStream:75 - [STDERR_REDIRECT] [Fatal Error] :1:1: Premature end of file.
2025-03-23 11:12:31,002 [ERROR] LogOutputStream:75 - [STDERR_REDIRECT] 
2025-03-23 11:12:31,999 [ERROR] LogOutputStream:75 - [STDERR_REDIRECT] [Fatal Error] :1:1: Premature end of file.
2025-03-23 11:12:32,000 [ERROR] LogOutputStream:75 - [STDERR_REDIRECT] 
2025-03-23 11:12:33,003 [ERROR] LogOutputStream:75 - [STDERR_REDIRECT] [Fatal Error] :1:1: Premature end of file.
2025-03-23 11:12:33,003 [ERROR] LogOutputStream:75 - [STDERR_REDIRECT] 
2025-03-23 11:12:34,001 [ERROR] LogOutputStream:75 - [STDERR_REDIRECT] [Fatal Error] :1:1: Premature end of file.
2025-03-23 11:12:34,001 [ERROR] LogOutputStream:75 - [STDERR_REDIRECT] 
2025-03-23 11:12:35,000 [ERROR] LogOutputStream:75 - [STDERR_REDIRECT] [Fatal Error] :1:1: Premature end of file.
2025-03-23 11:12:35,000 [ERROR] LogOutputStream:75 - [STDERR_REDIRECT] 
2025-03-23 11:12:36,001 [ERROR] LogOutputStream:75 - [STDERR_REDIRECT] [Fatal Error] :1:1: Premature end of file.
2025-03-23 11:12:36,001 [ERROR] LogOutputStream:75 - [STDERR_REDIRECT] 
2025-03-23 11:12:37,002 [ERROR] LogOutputStream:75 - [STDERR_REDIRECT] [Fatal Error] :1:1: Premature end of file.
2025-03-23 11:12:37,003 [ERROR] LogOutputStream:75 - [STDERR_REDIRECT] 
2025-03-23 11:12:38,003 [ERROR] LogOutputStream:75 - [STDERR_REDIRECT] [Fatal Error] :1:1: Premature end of file.
2025-03-23 11:12:38,003 [ERROR] LogOutputStream:75 - [STDERR_REDIRECT] 
2025-03-23 11:12:39,003 [ERROR] LogOutputStream:75 - [STDERR_REDIRECT] [Fatal Error] :1:1: Premature end of file.
2025-03-23 11:12:39,004 [ERROR] LogOutputStream:75 - [STDERR_REDIRECT] 
2025-03-23 11:12:40,001 [ERROR] LogOutputStream:75 - [STDERR_REDIRECT] [Fatal Error] :1:1: Premature end of file.
2025-03-23 11:12:40,002 [ERROR] LogOutputStream:75 - [STDERR_REDIRECT] 
2025-03-23 11:12:41,001 [ERROR] LogOutputStream:75 - [STDERR_REDIRECT] [Fatal Error] :1:1: Premature end of file.
2025-03-23 11:12:41,001 [ERROR] LogOutputStream:75 - [STDERR_REDIRECT] 
2025-03-23 11:12:42,005 [ERROR] LogOutputStream:75 - [STDERR_REDIRECT] [Fatal Error] :1:1: Premature end of file.
2025-03-23 11:12:42,005 [ERROR] LogOutputStream:75 - [STDERR_REDIRECT] 
2025-03-23 11:12:42,998 [ERROR] LogOutputStream:75 - [STDERR_REDIRECT] [Fatal Error] :1:1: Premature end of file.
2025-03-23 11:12:42,998 [ERROR] LogOutputStream:75 - [STDERR_REDIRECT] 
2025-03-23 11:12:43,999 [ERROR] LogOutputStream:75 - [STDERR_REDIRECT] [Fatal Error] :1:1: Premature end of file.
2025-03-23 11:12:43,999 [ERROR] LogOutputStream:75 - [STDERR_REDIRECT] 
2025-03-23 11:12:45,001 [ERROR] LogOutputStream:75 - [STDERR_REDIRECT] [Fatal Error] :1:1: Premature end of file.
2025-03-23 11:12:45,002 [ERROR] LogOutputStream:75 - [STDERR_REDIRECT] 
2025-03-23 11:12:45,999 [ERROR] LogOutputStream:75 - [STDERR_REDIRECT] [Fatal Error] :1:1: Premature end of file.
2025-03-23 11:12:45,999 [ERROR] LogOutputStream:75 - [STDERR_REDIRECT] 
2025-03-23 11:12:47,004 [ERROR] LogOutputStream:75 - [STDERR_REDIRECT] [Fatal Error] :1:1: Premature end of file.
2025-03-23 11:12:47,004 [ERROR] LogOutputStream:75 - [STDERR_REDIRECT] 
2025-03-23 11:12:48,005 [ERROR] LogOutputStream:75 - [STDERR_REDIRECT] [Fatal Error] :1:1: Premature end of file.
2025-03-23 11:12:48,005 [ERROR] LogOutputStream:75 - [STDERR_REDIRECT] 
2025-03-23 11:12:49,002 [ERROR] LogOutputStream:75 - [STDERR_REDIRECT] [Fatal Error] :1:1: Premature end of file.
2025-03-23 11:12:49,002 [ERROR] LogOutputStream:75 - [STDERR_REDIRECT] 
2025-03-23 11:12:50,002 [ERROR] LogOutputStream:75 - [STDERR_REDIRECT] [Fatal Error] :1:1: Premature end of file.
2025-03-23 11:12:50,002 [ERROR] LogOutputStream:75 - [STDERR_REDIRECT] 
2025-03-23 11:12:50,997 [ERROR] LogOutputStream:75 - [STDERR_REDIRECT] [Fatal Error] :1:1: Premature end of file.
2025-03-23 11:12:50,997 [ERROR] LogOutputStream:75 - [STDERR_REDIRECT] 
2025-03-23 11:12:52,002 [ERROR] LogOutputStream:75 - [STDERR_REDIRECT] [Fatal Error] :1:1: Premature end of file.
2025-03-23 11:12:52,002 [ERROR] LogOutputStream:75 - [STDERR_REDIRECT] 
2025-03-23 11:12:53,002 [ERROR] LogOutputStream:75 - [STDERR_REDIRECT] [Fatal Error] :1:1: Premature end of file.
2025-03-23 11:12:53,003 [ERROR] LogOutputStream:75 - [STDERR_REDIRECT] 
2025-03-23 11:12:54,000 [ERROR] LogOutputStream:75 - [STDERR_REDIRECT] [Fatal Error] :1:1: Premature end of file.
2025-03-23 11:12:54,000 [ERROR] LogOutputStream:75 - [STDERR_REDIRECT] 
2025-03-23 11:12:55,003 [ERROR] LogOutputStream:75 - [STDERR_REDIRECT] [Fatal Error] :1:1: Premature end of file.
2025-03-23 11:12:55,003 [ERROR] LogOutputStream:75 - [STDERR_REDIRECT] 
2025-03-23 11:12:56,003 [ERROR] LogOutputStream:75 - [STDERR_REDIRECT] [Fatal Error] :1:1: Premature end of file.
2025-03-23 11:12:56,003 [ERROR] LogOutputStream:75 - [STDERR_REDIRECT] 
2025-03-23 11:12:57,001 [ERROR] LogOutputStream:75 - [STDERR_REDIRECT] [Fatal Error] :1:1: Premature end of file.
2025-03-23 11:12:57,001 [ERROR] LogOutputStream:75 - [STDERR_REDIRECT] 
2025-03-23 11:12:58,000 [ERROR] LogOutputStream:75 - [STDERR_REDIRECT] [Fatal Error] :1:1: Premature end of file.
2025-03-23 11:12:58,000 [ERROR] LogOutputStream:75 - [STDERR_REDIRECT] 
2025-03-23 11:12:58,999 [ERROR] LogOutputStream:75 - [STDERR_REDIRECT] [Fatal Error] :1:1: Premature end of file.
2025-03-23 11:12:58,999 [ERROR] LogOutputStream:75 - [STDERR_REDIRECT] 
2025-03-23 11:13:00,017 [ERROR] LogOutputStream:75 - [STDERR_REDIRECT] [Fatal Error] :1:1: Premature end of file.
2025-03-23 11:13:00,017 [ERROR] LogOutputStream:75 - [STDERR_REDIRECT] 
2025-03-23 11:13:01,000 [ERROR] LogOutputStream:75 - [STDERR_REDIRECT] [Fatal Error] :1:1: Premature end of file.
2025-03-23 11:13:01,000 [ERROR] LogOutputStream:75 - [STDERR_REDIRECT] 
2025-03-23 11:13:02,000 [ERROR] LogOutputStream:75 - [STDERR_REDIRECT] [Fatal Error] :1:1: Premature end of file.
2025-03-23 11:13:02,000 [ERROR] LogOutputStream:75 - [STDERR_REDIRECT] 
2025-03-23 11:13:03,001 [ERROR] LogOutputStream:75 - [STDERR_REDIRECT] [Fatal Error] :1:1: Premature end of file.
2025-03-23 11:13:03,001 [ERROR] LogOutputStream:75 - [STDERR_REDIRECT] 
2025-03-23 11:13:04,005 [ERROR] LogOutputStream:75 - [STDERR_REDIRECT] [Fatal Error] :1:1: Premature end of file.
2025-03-23 11:13:04,005 [ERROR] LogOutputStream:75 - [STDERR_REDIRECT] 
2025-03-23 11:13:05,009 [ERROR] LogOutputStream:75 - [STDERR_REDIRECT] [Fatal Error] :1:1: Premature end of file.
2025-03-23 11:13:05,009 [ERROR] LogOutputStream:75 - [STDERR_REDIRECT] 
2025-03-23 11:13:06,007 [ERROR] LogOutputStream:75 - [STDERR_REDIRECT] [Fatal Error] :1:1: Premature end of file.
2025-03-23 11:13:06,007 [ERROR] LogOutputStream:75 - [STDERR_REDIRECT] 
2025-03-23 11:13:07,001 [ERROR] LogOutputStream:75 - [STDERR_REDIRECT] [Fatal Error] :1:1: Premature end of file.
2025-03-23 11:13:07,001 [ERROR] LogOutputStream:75 - [STDERR_REDIRECT] 
2025-03-23 11:13:08,004 [ERROR] LogOutputStream:75 - [STDERR_REDIRECT] [Fatal Error] :1:1: Premature end of file.
2025-03-23 11:13:08,004 [ERROR] LogOutputStream:75 - [STDERR_REDIRECT] 
2025-03-23 11:13:09,005 [ERROR] LogOutputStream:75 - [STDERR_REDIRECT] [Fatal Error] :1:1: Premature end of file.
2025-03-23 11:13:09,006 [ERROR] LogOutputStream:75 - [STDERR_REDIRECT] 
2025-03-23 11:13:09,999 [ERROR] LogOutputStream:75 - [STDERR_REDIRECT] [Fatal Error] :1:1: Premature end of file.
2025-03-23 11:13:10,000 [ERROR] LogOutputStream:75 - [STDERR_REDIRECT] 
2025-03-23 11:13:11,000 [ERROR] LogOutputStream:75 - [STDERR_REDIRECT] [Fatal Error] :1:1: Premature end of file.
2025-03-23 11:13:11,000 [ERROR] LogOutputStream:75 - [STDERR_REDIRECT] 
2025-03-23 11:13:12,001 [ERROR] LogOutputStream:75 - [STDERR_REDIRECT] [Fatal Error] :1:1: Premature end of file.
2025-03-23 11:13:12,001 [ERROR] LogOutputStream:75 - [STDERR_REDIRECT] 
2025-03-23 11:13:13,002 [ERROR] LogOutputStream:75 - [STDERR_REDIRECT] [Fatal Error] :1:1: Premature end of file.
2025-03-23 11:13:13,002 [ERROR] LogOutputStream:75 - [STDERR_REDIRECT] 
2025-03-23 11:13:14,001 [ERROR] LogOutputStream:75 - [STDERR_REDIRECT] [Fatal Error] :1:1: Premature end of file.
2025-03-23 11:13:14,001 [ERROR] LogOutputStream:75 - [STDERR_REDIRECT] 
2025-03-23 11:13:15,000 [ERROR] LogOutputStream:75 - [STDERR_REDIRECT] [Fatal Error] :1:1: Premature end of file.
2025-03-23 11:13:15,000 [ERROR] LogOutputStream:75 - [STDERR_REDIRECT] 
2025-03-23 11:13:16,002 [ERROR] LogOutputStream:75 - [STDERR_REDIRECT] [Fatal Error] :1:1: Premature end of file.
2025-03-23 11:13:16,002 [ERROR] LogOutputStream:75 - [STDERR_REDIRECT] 
2025-03-23 11:13:17,004 [ERROR] LogOutputStream:75 - [STDERR_REDIRECT] [Fatal Error] :1:1: Premature end of file.
2025-03-23 11:13:17,004 [ERROR] LogOutputStream:75 - [STDERR_REDIRECT] 
2025-03-23 11:13:18,007 [ERROR] LogOutputStream:75 - [STDERR_REDIRECT] [Fatal Error] :1:1: Premature end of file.
2025-03-23 11:13:18,007 [ERROR] LogOutputStream:75 - [STDERR_REDIRECT] 
2025-03-23 11:13:19,000 [ERROR] LogOutputStream:75 - [STDERR_REDIRECT] [Fatal Error] :1:1: Premature end of file.
2025-03-23 11:13:19,000 [ERROR] LogOutputStream:75 - [STDERR_REDIRECT] 
2025-03-23 11:13:20,003 [ERROR] LogOutputStream:75 - [STDERR_REDIRECT] [Fatal Error] :1:1: Premature end of file.
2025-03-23 11:13:20,003 [ERROR] LogOutputStream:75 - [STDERR_REDIRECT] 
2025-03-23 11:13:21,003 [ERROR] LogOutputStream:75 - [STDERR_REDIRECT] [Fatal Error] :1:1: Premature end of file.
2025-03-23 11:13:21,003 [ERROR] LogOutputStream:75 - [STDERR_REDIRECT] 
2025-03-23 11:13:22,000 [ERROR] LogOutputStream:75 - [STDERR_REDIRECT] [Fatal Error] :1:1: Premature end of file.
2025-03-23 11:13:22,000 [ERROR] LogOutputStream:75 - [STDERR_REDIRECT] 
2025-03-23 11:13:23,013 [ERROR] LogOutputStream:75 - [STDERR_REDIRECT] [Fatal Error] :1:1: Premature end of file.
2025-03-23 11:13:23,013 [ERROR] LogOutputStream:75 - [STDERR_REDIRECT] 
2025-03-23 11:13:23,998 [ERROR] LogOutputStream:75 - [STDERR_REDIRECT] [Fatal Error] :1:1: Premature end of file.
2025-03-23 11:13:24,002 [ERROR] LogOutputStream:75 - [STDERR_REDIRECT] 
2025-03-23 11:13:25,000 [ERROR] LogOutputStream:75 - [STDERR_REDIRECT] [Fatal Error] :1:1: Premature end of file.
2025-03-23 11:13:25,000 [ERROR] LogOutputStream:75 - [STDERR_REDIRECT] 
2025-03-23 11:13:26,014 [ERROR] LogOutputStream:75 - [STDERR_REDIRECT] [Fatal Error] :1:1: Premature end of file.
2025-03-23 11:13:26,014 [ERROR] LogOutputStream:75 - [STDERR_REDIRECT] 
2025-03-23 11:13:27,005 [ERROR] LogOutputStream:75 - [STDERR_REDIRECT] [Fatal Error] :1:1: Premature end of file.
2025-03-23 11:13:27,005 [ERROR] LogOutputStream:75 - [STDERR_REDIRECT] 
2025-03-23 11:13:27,999 [ERROR] LogOutputStream:75 - [STDERR_REDIRECT] [Fatal Error] :1:1: Premature end of file.
2025-03-23 11:13:27,999 [ERROR] LogOutputStream:75 - [STDERR_REDIRECT] 
2025-03-23 11:13:29,005 [ERROR] LogOutputStream:75 - [STDERR_REDIRECT] [Fatal Error] :1:1: Premature end of file.
2025-03-23 11:13:29,005 [ERROR] LogOutputStream:75 - [STDERR_REDIRECT] 
2025-03-23 11:13:30,007 [ERROR] LogOutputStream:75 - [STDERR_REDIRECT] [Fatal Error] :1:1: Premature end of file.
2025-03-23 11:13:30,008 [ERROR] LogOutputStream:75 - [STDERR_REDIRECT] 
2025-03-23 11:13:31,000 [ERROR] LogOutputStream:75 - [STDERR_REDIRECT] [Fatal Error] :1:1: Premature end of file.
2025-03-23 11:13:31,000 [ERROR] LogOutputStream:75 - [STDERR_REDIRECT] 
2025-03-23 11:13:32,002 [ERROR] LogOutputStream:75 - [STDERR_REDIRECT] [Fatal Error] :1:1: Premature end of file.
2025-03-23 11:13:32,002 [ERROR] LogOutputStream:75 - [STDERR_REDIRECT] 
2025-03-23 11:13:33,003 [ERROR] LogOutputStream:75 - [STDERR_REDIRECT] [Fatal Error] :1:1: Premature end of file.
2025-03-23 11:13:33,003 [ERROR] LogOutputStream:75 - [STDERR_REDIRECT] 
2025-03-23 11:13:34,004 [ERROR] LogOutputStream:75 - [STDERR_REDIRECT] [Fatal Error] :1:1: Premature end of file.
2025-03-23 11:13:34,004 [ERROR] LogOutputStream:75 - [STDERR_REDIRECT] 
2025-03-23 11:13:35,003 [ERROR] LogOutputStream:75 - [STDERR_REDIRECT] [Fatal Error] :1:1: Premature end of file.
2025-03-23 11:13:35,003 [ERROR] LogOutputStream:75 - [STDERR_REDIRECT] 
2025-03-23 11:13:36,001 [ERROR] LogOutputStream:75 - [STDERR_REDIRECT] [Fatal Error] :1:1: Premature end of file.
2025-03-23 11:13:36,001 [ERROR] LogOutputStream:75 - [STDERR_REDIRECT] 
2025-03-23 11:13:37,001 [ERROR] LogOutputStream:75 - [STDERR_REDIRECT] [Fatal Error] :1:1: Premature end of file.
2025-03-23 11:13:37,001 [ERROR] LogOutputStream:75 - [STDERR_REDIRECT] 
2025-03-23 11:13:38,011 [ERROR] LogOutputStream:75 - [STDERR_REDIRECT] [Fatal Error] :1:1: Premature end of file.
2025-03-23 11:13:38,011 [ERROR] LogOutputStream:75 - [STDERR_REDIRECT] 
2025-03-23 11:13:39,008 [ERROR] LogOutputStream:75 - [STDERR_REDIRECT] [Fatal Error] :1:1: Premature end of file.
2025-03-23 11:13:39,008 [ERROR] LogOutputStream:75 - [STDERR_REDIRECT] 
2025-03-23 11:13:40,004 [ERROR] LogOutputStream:75 - [STDERR_REDIRECT] [Fatal Error] :1:1: Premature end of file.
2025-03-23 11:13:40,004 [ERROR] LogOutputStream:75 - [STDERR_REDIRECT] 
2025-03-23 11:13:41,007 [ERROR] LogOutputStream:75 - [STDERR_REDIRECT] [Fatal Error] :1:1: Premature end of file.
2025-03-23 11:13:41,007 [ERROR] LogOutputStream:75 - [STDERR_REDIRECT] 
2025-03-23 11:13:42,004 [ERROR] LogOutputStream:75 - [STDERR_REDIRECT] [Fatal Error] :1:1: Premature end of file.
2025-03-23 11:13:42,004 [ERROR] LogOutputStream:75 - [STDERR_REDIRECT] 
2025-03-23 11:13:43,012 [ERROR] LogOutputStream:75 - [STDERR_REDIRECT] [Fatal Error] :1:1: Premature end of file.
2025-03-23 11:13:43,012 [ERROR] LogOutputStream:75 - [STDERR_REDIRECT] 
2025-03-23 11:13:44,006 [ERROR] LogOutputStream:75 - [STDERR_REDIRECT] [Fatal Error] :1:1: Premature end of file.
2025-03-23 11:13:44,006 [ERROR] LogOutputStream:75 - [STDERR_REDIRECT] 
2025-03-23 11:13:45,002 [ERROR] LogOutputStream:75 - [STDERR_REDIRECT] [Fatal Error] :1:1: Premature end of file.
2025-03-23 11:13:45,002 [ERROR] LogOutputStream:75 - [STDERR_REDIRECT] 
2025-03-23 11:13:46,004 [ERROR] LogOutputStream:75 - [STDERR_REDIRECT] [Fatal Error] :1:1: Premature end of file.
2025-03-23 11:13:46,004 [ERROR] LogOutputStream:75 - [STDERR_REDIRECT] 
2025-03-23 11:13:47,000 [ERROR] LogOutputStream:75 - [STDERR_REDIRECT] [Fatal Error] :1:1: Premature end of file.
2025-03-23 11:13:47,000 [ERROR] LogOutputStream:75 - [STDERR_REDIRECT] 
2025-03-23 11:13:48,004 [ERROR] LogOutputStream:75 - [STDERR_REDIRECT] [Fatal Error] :1:1: Premature end of file.
2025-03-23 11:13:48,004 [ERROR] LogOutputStream:75 - [STDERR_REDIRECT] 
2025-03-23 11:13:49,003 [ERROR] LogOutputStream:75 - [STDERR_REDIRECT] [Fatal Error] :1:1: Premature end of file.
2025-03-23 11:13:49,003 [ERROR] LogOutputStream:75 - [STDERR_REDIRECT] 
2025-03-23 11:13:50,002 [ERROR] LogOutputStream:75 - [STDERR_REDIRECT] [Fatal Error] :1:1: Premature end of file.
2025-03-23 11:13:50,002 [ERROR] LogOutputStream:75 - [STDERR_REDIRECT] 
2025-03-23 11:13:51,002 [ERROR] LogOutputStream:75 - [STDERR_REDIRECT] [Fatal Error] :1:1: Premature end of file.
2025-03-23 11:13:51,002 [ERROR] LogOutputStream:75 - [STDERR_REDIRECT] 
2025-03-23 11:13:52,003 [ERROR] LogOutputStream:75 - [STDERR_REDIRECT] [Fatal Error] :1:1: Premature end of file.
2025-03-23 11:13:52,003 [ERROR] LogOutputStream:75 - [STDERR_REDIRECT] 
2025-03-23 11:13:53,012 [ERROR] LogOutputStream:75 - [STDERR_REDIRECT] [Fatal Error] :1:1: Premature end of file.
2025-03-23 11:13:53,012 [ERROR] LogOutputStream:75 - [STDERR_REDIRECT] 
2025-03-23 11:13:54,004 [ERROR] LogOutputStream:75 - [STDERR_REDIRECT] [Fatal Error] :1:1: Premature end of file.
2025-03-23 11:13:54,004 [ERROR] LogOutputStream:75 - [STDERR_REDIRECT] 
2025-03-23 11:13:54,998 [ERROR] LogOutputStream:75 - [STDERR_REDIRECT] [Fatal Error] :1:1: Premature end of file.
2025-03-23 11:13:54,998 [ERROR] LogOutputStream:75 - [STDERR_REDIRECT] 
2025-03-23 11:13:56,004 [ERROR] LogOutputStream:75 - [STDERR_REDIRECT] [Fatal Error] :1:1: Premature end of file.
2025-03-23 11:13:56,004 [ERROR] LogOutputStream:75 - [STDERR_REDIRECT] 
2025-03-23 11:13:57,001 [ERROR] LogOutputStream:75 - [STDERR_REDIRECT] [Fatal Error] :1:1: Premature end of file.
2025-03-23 11:13:57,001 [ERROR] LogOutputStream:75 - [STDERR_REDIRECT] 
2025-03-23 11:13:58,017 [ERROR] LogOutputStream:75 - [STDERR_REDIRECT] [Fatal Error] :1:1: Premature end of file.
2025-03-23 11:13:58,017 [ERROR] LogOutputStream:75 - [STDERR_REDIRECT] 
2025-03-23 11:13:58,998 [ERROR] LogOutputStream:75 - [STDERR_REDIRECT] [Fatal Error] :1:1: Premature end of file.
2025-03-23 11:13:58,998 [ERROR] LogOutputStream:75 - [STDERR_REDIRECT] 
2025-03-23 11:14:00,012 [ERROR] LogOutputStream:75 - [STDERR_REDIRECT] [Fatal Error] :1:1: Premature end of file.
2025-03-23 11:14:00,012 [ERROR] LogOutputStream:75 - [STDERR_REDIRECT] 
2025-03-23 11:14:00,994 [ERROR] LogOutputStream:75 - [STDERR_REDIRECT] [Fatal Error] :1:1: Premature end of file.
2025-03-23 11:14:01,001 [ERROR] LogOutputStream:75 - [STDERR_REDIRECT] 
2025-03-23 11:14:02,020 [ERROR] LogOutputStream:75 - [STDERR_REDIRECT] [Fatal Error] :1:1: Premature end of file.
2025-03-23 11:14:02,020 [ERROR] LogOutputStream:75 - [STDERR_REDIRECT] 
2025-03-23 11:14:03,000 [ERROR] LogOutputStream:75 - [STDERR_REDIRECT] [Fatal Error] :1:1: Premature end of file.
2025-03-23 11:14:03,000 [ERROR] LogOutputStream:75 - [STDERR_REDIRECT] 
2025-03-23 11:14:03,999 [ERROR] LogOutputStream:75 - [STDERR_REDIRECT] [Fatal Error] :1:1: Premature end of file.
2025-03-23 11:14:03,999 [ERROR] LogOutputStream:75 - [STDERR_REDIRECT] 
2025-03-23 11:14:05,000 [ERROR] LogOutputStream:75 - [STDERR_REDIRECT] [Fatal Error] :1:1: Premature end of file.
2025-03-23 11:14:05,000 [ERROR] LogOutputStream:75 - [STDERR_REDIRECT] 
2025-03-23 11:14:06,006 [ERROR] LogOutputStream:75 - [STDERR_REDIRECT] [Fatal Error] :1:1: Premature end of file.
2025-03-23 11:14:06,006 [ERROR] LogOutputStream:75 - [STDERR_REDIRECT] 
2025-03-23 11:14:07,003 [ERROR] LogOutputStream:75 - [STDERR_REDIRECT] [Fatal Error] :1:1: Premature end of file.
2025-03-23 11:14:07,003 [ERROR] LogOutputStream:75 - [STDERR_REDIRECT] 
2025-03-23 11:14:08,009 [ERROR] LogOutputStream:75 - [STDERR_REDIRECT] [Fatal Error] :1:1: Premature end of file.
2025-03-23 11:14:08,009 [ERROR] LogOutputStream:75 - [STDERR_REDIRECT] 
2025-03-23 11:14:09,009 [ERROR] LogOutputStream:75 - [STDERR_REDIRECT] [Fatal Error] :1:1: Premature end of file.
2025-03-23 11:14:09,009 [ERROR] LogOutputStream:75 - [STDERR_REDIRECT] 
2025-03-23 11:14:10,006 [ERROR] LogOutputStream:75 - [STDERR_REDIRECT] [Fatal Error] :1:1: Premature end of file.
2025-03-23 11:14:10,006 [ERROR] LogOutputStream:75 - [STDERR_REDIRECT] 
2025-03-23 11:14:11,002 [ERROR] LogOutputStream:75 - [STDERR_REDIRECT] [Fatal Error] :1:1: Premature end of file.
2025-03-23 11:14:11,002 [ERROR] LogOutputStream:75 - [STDERR_REDIRECT] 
2025-03-23 11:14:12,001 [ERROR] LogOutputStream:75 - [STDERR_REDIRECT] [Fatal Error] :1:1: Premature end of file.
2025-03-23 11:14:12,002 [ERROR] LogOutputStream:75 - [STDERR_REDIRECT] 
2025-03-23 11:14:13,003 [ERROR] LogOutputStream:75 - [STDERR_REDIRECT] [Fatal Error] :1:1: Premature end of file.
2025-03-23 11:14:13,003 [ERROR] LogOutputStream:75 - [STDERR_REDIRECT] 
2025-03-23 11:14:14,000 [ERROR] LogOutputStream:75 - [STDERR_REDIRECT] [Fatal Error] :1:1: Premature end of file.
2025-03-23 11:14:14,000 [ERROR] LogOutputStream:75 - [STDERR_REDIRECT] 
2025-03-23 11:14:15,000 [ERROR] LogOutputStream:75 - [STDERR_REDIRECT] [Fatal Error] :1:1: Premature end of file.
2025-03-23 11:14:15,000 [ERROR] LogOutputStream:75 - [STDERR_REDIRECT] 
2025-03-23 11:14:16,003 [ERROR] LogOutputStream:75 - [STDERR_REDIRECT] [Fatal Error] :1:1: Premature end of file.
2025-03-23 11:14:16,003 [ERROR] LogOutputStream:75 - [STDERR_REDIRECT] 
2025-03-23 11:14:17,011 [ERROR] LogOutputStream:75 - [STDERR_REDIRECT] [Fatal Error] :1:1: Premature end of file.
2025-03-23 11:14:17,011 [ERROR] LogOutputStream:75 - [STDERR_REDIRECT] 
2025-03-23 11:14:18,004 [ERROR] LogOutputStream:75 - [STDERR_REDIRECT] [Fatal Error] :1:1: Premature end of file.
2025-03-23 11:14:18,008 [ERROR] LogOutputStream:75 - [STDERR_REDIRECT] 
2025-03-23 11:14:19,000 [ERROR] LogOutputStream:75 - [STDERR_REDIRECT] [Fatal Error] :1:1: Premature end of file.
2025-03-23 11:14:19,000 [ERROR] LogOutputStream:75 - [STDERR_REDIRECT] 
2025-03-23 11:14:20,015 [ERROR] LogOutputStream:75 - [STDERR_REDIRECT] [Fatal Error] :1:1: Premature end of file.
2025-03-23 11:14:20,015 [ERROR] LogOutputStream:75 - [STDERR_REDIRECT] 
2025-03-23 11:14:21,001 [ERROR] LogOutputStream:75 - [STDERR_REDIRECT] [Fatal Error] :1:1: Premature end of file.
2025-03-23 11:14:21,001 [ERROR] LogOutputStream:75 - [STDERR_REDIRECT] 
2025-03-23 11:14:22,003 [ERROR] LogOutputStream:75 - [STDERR_REDIRECT] [Fatal Error] :1:1: Premature end of file.
2025-03-23 11:14:22,003 [ERROR] LogOutputStream:75 - [STDERR_REDIRECT] 
2025-03-23 11:14:23,002 [ERROR] LogOutputStream:75 - [STDERR_REDIRECT] [Fatal Error] :1:1: Premature end of file.
2025-03-23 11:14:23,002 [ERROR] LogOutputStream:75 - [STDERR_REDIRECT] 
2025-03-23 11:14:24,004 [ERROR] LogOutputStream:75 - [STDERR_REDIRECT] [Fatal Error] :1:1: Premature end of file.
2025-03-23 11:14:24,004 [ERROR] LogOutputStream:75 - [STDERR_REDIRECT] 
2025-03-23 11:14:25,008 [ERROR] LogOutputStream:75 - [STDERR_REDIRECT] [Fatal Error] :1:1: Premature end of file.
2025-03-23 11:14:25,008 [ERROR] LogOutputStream:75 - [STDERR_REDIRECT] 
2025-03-23 11:14:26,004 [ERROR] LogOutputStream:75 - [STDERR_REDIRECT] [Fatal Error] :1:1: Premature end of file.
2025-03-23 11:14:26,004 [ERROR] LogOutputStream:75 - [STDERR_REDIRECT] 
2025-03-23 11:14:27,008 [ERROR] LogOutputStream:75 - [STDERR_REDIRECT] [Fatal Error] :1:1: Premature end of file.
2025-03-23 11:14:27,008 [ERROR] LogOutputStream:75 - [STDERR_REDIRECT] 
2025-03-23 11:14:28,005 [ERROR] LogOutputStream:75 - [STDERR_REDIRECT] [Fatal Error] :1:1: Premature end of file.
2025-03-23 11:14:28,005 [ERROR] LogOutputStream:75 - [STDERR_REDIRECT] 
2025-03-23 11:14:29,000 [ERROR] LogOutputStream:75 - [STDERR_REDIRECT] [Fatal Error] :1:1: Premature end of file.
2025-03-23 11:14:29,000 [ERROR] LogOutputStream:75 - [STDERR_REDIRECT] 
2025-03-23 11:14:30,006 [ERROR] LogOutputStream:75 - [STDERR_REDIRECT] [Fatal Error] :1:1: Premature end of file.
2025-03-23 11:14:30,006 [ERROR] LogOutputStream:75 - [STDERR_REDIRECT] 
2025-03-23 11:14:31,006 [ERROR] LogOutputStream:75 - [STDERR_REDIRECT] [Fatal Error] :1:1: Premature end of file.
2025-03-23 11:14:31,007 [ERROR] LogOutputStream:75 - [STDERR_REDIRECT] 
2025-03-23 11:14:32,001 [ERROR] LogOutputStream:75 - [STDERR_REDIRECT] [Fatal Error] :1:1: Premature end of file.
2025-03-23 11:14:32,001 [ERROR] LogOutputStream:75 - [STDERR_REDIRECT] 
2025-03-23 11:14:33,002 [ERROR] LogOutputStream:75 - [STDERR_REDIRECT] [Fatal Error] :1:1: Premature end of file.
2025-03-23 11:14:33,002 [ERROR] LogOutputStream:75 - [STDERR_REDIRECT] 
2025-03-23 11:14:34,003 [ERROR] LogOutputStream:75 - [STDERR_REDIRECT] [Fatal Error] :1:1: Premature end of file.
2025-03-23 11:14:34,003 [ERROR] LogOutputStream:75 - [STDERR_REDIRECT] 
2025-03-23 11:14:35,002 [ERROR] LogOutputStream:75 - [STDERR_REDIRECT] [Fatal Error] :1:1: Premature end of file.
2025-03-23 11:14:35,002 [ERROR] LogOutputStream:75 - [STDERR_REDIRECT] 
2025-03-23 11:14:36,005 [ERROR] LogOutputStream:75 - [STDERR_REDIRECT] [Fatal Error] :1:1: Premature end of file.
2025-03-23 11:14:36,005 [ERROR] LogOutputStream:75 - [STDERR_REDIRECT] 
2025-03-23 11:14:37,000 [ERROR] LogOutputStream:75 - [STDERR_REDIRECT] [Fatal Error] :1:1: Premature end of file.
2025-03-23 11:14:37,000 [ERROR] LogOutputStream:75 - [STDERR_REDIRECT] 
2025-03-23 11:14:38,001 [ERROR] LogOutputStream:75 - [STDERR_REDIRECT] [Fatal Error] :1:1: Premature end of file.
2025-03-23 11:14:38,001 [ERROR] LogOutputStream:75 - [STDERR_REDIRECT] 
2025-03-23 11:14:39,008 [ERROR] LogOutputStream:75 - [STDERR_REDIRECT] [Fatal Error] :1:1: Premature end of file.
2025-03-23 11:14:39,008 [ERROR] LogOutputStream:75 - [STDERR_REDIRECT] 
2025-03-23 11:14:40,008 [ERROR] LogOutputStream:75 - [STDERR_REDIRECT] [Fatal Error] :1:1: Premature end of file.
2025-03-23 11:14:40,008 [ERROR] LogOutputStream:75 - [STDERR_REDIRECT] 
2025-03-23 11:14:41,006 [ERROR] LogOutputStream:75 - [STDERR_REDIRECT] [Fatal Error] :1:1: Premature end of file.
2025-03-23 11:14:41,006 [ERROR] LogOutputStream:75 - [STDERR_REDIRECT] 
2025-03-23 11:14:41,999 [ERROR] LogOutputStream:75 - [STDERR_REDIRECT] [Fatal Error] :1:1: Premature end of file.
2025-03-23 11:14:42,002 [ERROR] LogOutputStream:75 - [STDERR_REDIRECT] 
2025-03-23 11:14:43,006 [ERROR] LogOutputStream:75 - [STDERR_REDIRECT] [Fatal Error] :1:1: Premature end of file.
2025-03-23 11:14:43,006 [ERROR] LogOutputStream:75 - [STDERR_REDIRECT] 
2025-03-23 11:14:44,002 [ERROR] LogOutputStream:75 - [STDERR_REDIRECT] [Fatal Error] :1:1: Premature end of file.
2025-03-23 11:14:44,002 [ERROR] LogOutputStream:75 - [STDERR_REDIRECT] 
2025-03-23 11:14:45,003 [ERROR] LogOutputStream:75 - [STDERR_REDIRECT] [Fatal Error] :1:1: Premature end of file.
2025-03-23 11:14:45,003 [ERROR] LogOutputStream:75 - [STDERR_REDIRECT] 
2025-03-23 11:14:45,999 [ERROR] LogOutputStream:75 - [STDERR_REDIRECT] [Fatal Error] :1:1: Premature end of file.
2025-03-23 11:14:45,999 [ERROR] LogOutputStream:75 - [STDERR_REDIRECT] 
2025-03-23 11:14:47,007 [ERROR] LogOutputStream:75 - [STDERR_REDIRECT] [Fatal Error] :1:1: Premature end of file.
2025-03-23 11:14:47,007 [ERROR] LogOutputStream:75 - [STDERR_REDIRECT] 
2025-03-23 11:14:48,005 [ERROR] LogOutputStream:75 - [STDERR_REDIRECT] [Fatal Error] :1:1: Premature end of file.
2025-03-23 11:14:48,005 [ERROR] LogOutputStream:75 - [STDERR_REDIRECT] 
2025-03-23 11:14:49,001 [ERROR] LogOutputStream:75 - [STDERR_REDIRECT] [Fatal Error] :1:1: Premature end of file.
2025-03-23 11:14:49,001 [ERROR] LogOutputStream:75 - [STDERR_REDIRECT] 
2025-03-23 11:14:50,005 [ERROR] LogOutputStream:75 - [STDERR_REDIRECT] [Fatal Error] :1:1: Premature end of file.
2025-03-23 11:14:50,005 [ERROR] LogOutputStream:75 - [STDERR_REDIRECT] 
2025-03-23 11:14:51,001 [ERROR] LogOutputStream:75 - [STDERR_REDIRECT] [Fatal Error] :1:1: Premature end of file.
2025-03-23 11:14:51,001 [ERROR] LogOutputStream:75 - [STDERR_REDIRECT] 
2025-03-23 11:14:52,002 [ERROR] LogOutputStream:75 - [STDERR_REDIRECT] [Fatal Error] :1:1: Premature end of file.
2025-03-23 11:14:52,002 [ERROR] LogOutputStream:75 - [STDERR_REDIRECT] 
2025-03-23 11:14:53,003 [ERROR] LogOutputStream:75 - [STDERR_REDIRECT] [Fatal Error] :1:1: Premature end of file.
2025-03-23 11:14:53,003 [ERROR] LogOutputStream:75 - [STDERR_REDIRECT] 
2025-03-23 11:14:54,007 [ERROR] LogOutputStream:75 - [STDERR_REDIRECT] [Fatal Error] :1:1: Premature end of file.
2025-03-23 11:14:54,007 [ERROR] LogOutputStream:75 - [STDERR_REDIRECT] 
2025-03-23 11:14:55,000 [ERROR] LogOutputStream:75 - [STDERR_REDIRECT] [Fatal Error] :1:1: Premature end of file.
2025-03-23 11:14:55,000 [ERROR] LogOutputStream:75 - [STDERR_REDIRECT] 
2025-03-23 11:14:56,003 [ERROR] LogOutputStream:75 - [STDERR_REDIRECT] [Fatal Error] :1:1: Premature end of file.
2025-03-23 11:14:56,003 [ERROR] LogOutputStream:75 - [STDERR_REDIRECT] 
2025-03-23 11:14:57,002 [ERROR] LogOutputStream:75 - [STDERR_REDIRECT] [Fatal Error] :1:1: Premature end of file.
2025-03-23 11:14:57,002 [ERROR] LogOutputStream:75 - [STDERR_REDIRECT] 
2025-03-23 11:14:58,001 [ERROR] LogOutputStream:75 - [STDERR_REDIRECT] [Fatal Error] :1:1: Premature end of file.
2025-03-23 11:14:58,001 [ERROR] LogOutputStream:75 - [STDERR_REDIRECT] 
2025-03-23 11:14:59,004 [ERROR] LogOutputStream:75 - [STDERR_REDIRECT] [Fatal Error] :1:1: Premature end of file.
2025-03-23 11:14:59,004 [ERROR] LogOutputStream:75 - [STDERR_REDIRECT] 
2025-03-23 11:14:59,995 [ERROR] LogOutputStream:75 - [STDERR_REDIRECT] [Fatal Error] :1:1: Premature end of file.
2025-03-23 11:14:59,995 [ERROR] LogOutputStream:75 - [STDERR_REDIRECT] 
2025-03-23 11:15:01,022 [ERROR] LogOutputStream:75 - [STDERR_REDIRECT] [Fatal Error] :1:1: Premature end of file.
2025-03-23 11:15:01,022 [ERROR] LogOutputStream:75 - [STDERR_REDIRECT] 
2025-03-23 11:15:02,000 [ERROR] LogOutputStream:75 - [STDERR_REDIRECT] [Fatal Error] :1:1: Premature end of file.
2025-03-23 11:15:02,000 [ERROR] LogOutputStream:75 - [STDERR_REDIRECT] 
2025-03-23 11:15:03,007 [ERROR] LogOutputStream:75 - [STDERR_REDIRECT] [Fatal Error] :1:1: Premature end of file.
2025-03-23 11:15:03,008 [ERROR] LogOutputStream:75 - [STDERR_REDIRECT] 
2025-03-23 11:15:04,004 [ERROR] LogOutputStream:75 - [STDERR_REDIRECT] [Fatal Error] :1:1: Premature end of file.
2025-03-23 11:15:04,004 [ERROR] LogOutputStream:75 - [STDERR_REDIRECT] 
2025-03-23 11:15:05,008 [ERROR] LogOutputStream:75 - [STDERR_REDIRECT] [Fatal Error] :1:1: Premature end of file.
2025-03-23 11:15:05,008 [ERROR] LogOutputStream:75 - [STDERR_REDIRECT] 
2025-03-23 11:15:06,001 [ERROR] LogOutputStream:75 - [STDERR_REDIRECT] [Fatal Error] :1:1: Premature end of file.
2025-03-23 11:15:06,001 [ERROR] LogOutputStream:75 - [STDERR_REDIRECT] 
2025-03-23 11:15:07,010 [ERROR] LogOutputStream:75 - [STDERR_REDIRECT] [Fatal Error] :1:1: Premature end of file.
2025-03-23 11:15:07,010 [ERROR] LogOutputStream:75 - [STDERR_REDIRECT] 
2025-03-23 11:15:08,013 [ERROR] LogOutputStream:75 - [STDERR_REDIRECT] [Fatal Error] :1:1: Premature end of file.
2025-03-23 11:15:08,013 [ERROR] LogOutputStream:75 - [STDERR_REDIRECT] 
2025-03-23 11:15:09,003 [ERROR] LogOutputStream:75 - [STDERR_REDIRECT] [Fatal Error] :1:1: Premature end of file.
2025-03-23 11:15:09,003 [ERROR] LogOutputStream:75 - [STDERR_REDIRECT] 
2025-03-23 11:15:10,003 [ERROR] LogOutputStream:75 - [STDERR_REDIRECT] [Fatal Error] :1:1: Premature end of file.
2025-03-23 11:15:10,003 [ERROR] LogOutputStream:75 - [STDERR_REDIRECT] 
2025-03-23 11:15:10,996 [ERROR] LogOutputStream:75 - [STDERR_REDIRECT] [Fatal Error] :1:1: Premature end of file.
2025-03-23 11:15:10,996 [ERROR] LogOutputStream:75 - [STDERR_REDIRECT] 
2025-03-23 11:15:11,998 [ERROR] LogOutputStream:75 - [STDERR_REDIRECT] [Fatal Error] :1:1: Premature end of file.
2025-03-23 11:15:11,998 [ERROR] LogOutputStream:75 - [STDERR_REDIRECT] 
2025-03-23 11:15:13,032 [ERROR] LogOutputStream:75 - [STDERR_REDIRECT] [Fatal Error] :1:1: Premature end of file.
2025-03-23 11:15:13,032 [ERROR] LogOutputStream:75 - [STDERR_REDIRECT] 
2025-03-23 11:15:14,006 [ERROR] LogOutputStream:75 - [STDERR_REDIRECT] [Fatal Error] :1:1: Premature end of file.
2025-03-23 11:15:14,006 [ERROR] LogOutputStream:75 - [STDERR_REDIRECT] 
2025-03-23 11:15:15,010 [ERROR] LogOutputStream:75 - [STDERR_REDIRECT] [Fatal Error] :1:1: Premature end of file.
2025-03-23 11:15:15,010 [ERROR] LogOutputStream:75 - [STDERR_REDIRECT] 
2025-03-23 11:15:16,007 [ERROR] LogOutputStream:75 - [STDERR_REDIRECT] [Fatal Error] :1:1: Premature end of file.
2025-03-23 11:15:16,007 [ERROR] LogOutputStream:75 - [STDERR_REDIRECT] 
2025-03-23 11:15:17,001 [ERROR] LogOutputStream:75 - [STDERR_REDIRECT] [Fatal Error] :1:1: Premature end of file.
2025-03-23 11:15:17,001 [ERROR] LogOutputStream:75 - [STDERR_REDIRECT] 
2025-03-23 11:15:18,001 [ERROR] LogOutputStream:75 - [STDERR_REDIRECT] [Fatal Error] :1:1: Premature end of file.
2025-03-23 11:15:18,001 [ERROR] LogOutputStream:75 - [STDERR_REDIRECT] 
2025-03-23 11:15:19,003 [ERROR] LogOutputStream:75 - [STDERR_REDIRECT] [Fatal Error] :1:1: Premature end of file.
2025-03-23 11:15:19,003 [ERROR] LogOutputStream:75 - [STDERR_REDIRECT] 
2025-03-23 11:15:20,001 [ERROR] LogOutputStream:75 - [STDERR_REDIRECT] [Fatal Error] :1:1: Premature end of file.
2025-03-23 11:15:20,001 [ERROR] LogOutputStream:75 - [STDERR_REDIRECT] 
2025-03-23 11:15:21,010 [ERROR] LogOutputStream:75 - [STDERR_REDIRECT] [Fatal Error] :1:1: Premature end of file.
2025-03-23 11:15:21,010 [ERROR] LogOutputStream:75 - [STDERR_REDIRECT] 
2025-03-23 11:15:22,006 [ERROR] LogOutputStream:75 - [STDERR_REDIRECT] [Fatal Error] :1:1: Premature end of file.
2025-03-23 11:15:22,006 [ERROR] LogOutputStream:75 - [STDERR_REDIRECT] 
2025-03-23 11:15:23,014 [ERROR] LogOutputStream:75 - [STDERR_REDIRECT] [Fatal Error] :1:1: Premature end of file.
2025-03-23 11:15:23,014 [ERROR] LogOutputStream:75 - [STDERR_REDIRECT] 
2025-03-23 11:15:24,007 [ERROR] LogOutputStream:75 - [STDERR_REDIRECT] [Fatal Error] :1:1: Premature end of file.
2025-03-23 11:15:24,007 [ERROR] LogOutputStream:75 - [STDERR_REDIRECT] 
2025-03-23 11:15:25,006 [ERROR] LogOutputStream:75 - [STDERR_REDIRECT] [Fatal Error] :1:1: Premature end of file.
2025-03-23 11:15:25,006 [ERROR] LogOutputStream:75 - [STDERR_REDIRECT] 
2025-03-23 11:15:26,006 [ERROR] LogOutputStream:75 - [STDERR_REDIRECT] [Fatal Error] :1:1: Premature end of file.
2025-03-23 11:15:26,006 [ERROR] LogOutputStream:75 - [STDERR_REDIRECT] 
2025-03-23 11:15:26,994 [ERROR] LogOutputStream:75 - [STDERR_REDIRECT] [Fatal Error] :1:1: Premature end of file.
2025-03-23 11:15:26,994 [ERROR] LogOutputStream:75 - [STDERR_REDIRECT] 
2025-03-23 11:15:28,003 [ERROR] LogOutputStream:75 - [STDERR_REDIRECT] [Fatal Error] :1:1: Premature end of file.
2025-03-23 11:15:28,003 [ERROR] LogOutputStream:75 - [STDERR_REDIRECT] 
2025-03-23 11:15:28,997 [ERROR] LogOutputStream:75 - [STDERR_REDIRECT] [Fatal Error] :1:1: Premature end of file.
2025-03-23 11:15:28,997 [ERROR] LogOutputStream:75 - [STDERR_REDIRECT] 
2025-03-23 11:15:30,003 [ERROR] LogOutputStream:75 - [STDERR_REDIRECT] [Fatal Error] :1:1: Premature end of file.
2025-03-23 11:15:30,003 [ERROR] LogOutputStream:75 - [STDERR_REDIRECT] 
2025-03-23 11:15:30,997 [ERROR] LogOutputStream:75 - [STDERR_REDIRECT] [Fatal Error] :1:1: Premature end of file.
2025-03-23 11:15:30,997 [ERROR] LogOutputStream:75 - [STDERR_REDIRECT] 
2025-03-23 11:15:31,998 [ERROR] LogOutputStream:75 - [STDERR_REDIRECT] [Fatal Error] :1:1: Premature end of file.
2025-03-23 11:15:31,998 [ERROR] LogOutputStream:75 - [STDERR_REDIRECT] 
2025-03-23 11:15:33,014 [ERROR] LogOutputStream:75 - [STDERR_REDIRECT] [Fatal Error] :1:1: Premature end of file.
2025-03-23 11:15:33,014 [ERROR] LogOutputStream:75 - [STDERR_REDIRECT] 
2025-03-23 11:15:34,014 [ERROR] LogOutputStream:75 - [STDERR_REDIRECT] [Fatal Error] :1:1: Premature end of file.
2025-03-23 11:15:34,014 [ERROR] LogOutputStream:75 - [STDERR_REDIRECT] 
2025-03-23 11:15:35,030 [ERROR] LogOutputStream:75 - [STDERR_REDIRECT] [Fatal Error] :1:1: Premature end of file.
2025-03-23 11:15:35,031 [ERROR] LogOutputStream:75 - [STDERR_REDIRECT] 
2025-03-23 11:15:36,002 [ERROR] LogOutputStream:75 - [STDERR_REDIRECT] [Fatal Error] :1:1: Premature end of file.
2025-03-23 11:15:36,002 [ERROR] LogOutputStream:75 - [STDERR_REDIRECT] 
2025-03-23 11:15:37,005 [ERROR] LogOutputStream:75 - [STDERR_REDIRECT] [Fatal Error] :1:1: Premature end of file.
2025-03-23 11:15:37,005 [ERROR] LogOutputStream:75 - [STDERR_REDIRECT] 
2025-03-23 11:15:38,010 [ERROR] LogOutputStream:75 - [STDERR_REDIRECT] [Fatal Error] :1:1: Premature end of file.
2025-03-23 11:15:38,010 [ERROR] LogOutputStream:75 - [STDERR_REDIRECT] 
2025-03-23 11:15:39,020 [ERROR] LogOutputStream:75 - [STDERR_REDIRECT] [Fatal Error] :1:1: Premature end of file.
2025-03-23 11:15:39,020 [ERROR] LogOutputStream:75 - [STDERR_REDIRECT] 
2025-03-23 11:15:40,006 [ERROR] LogOutputStream:75 - [STDERR_REDIRECT] [Fatal Error] :1:1: Premature end of file.
2025-03-23 11:15:40,006 [ERROR] LogOutputStream:75 - [STDERR_REDIRECT] 
2025-03-23 11:15:40,995 [ERROR] LogOutputStream:75 - [STDERR_REDIRECT] [Fatal Error] :1:1: Premature end of file.
2025-03-23 11:15:41,004 [ERROR] LogOutputStream:75 - [STDERR_REDIRECT] 
2025-03-23 11:15:42,006 [ERROR] LogOutputStream:75 - [STDERR_REDIRECT] [Fatal Error] :1:1: Premature end of file.
2025-03-23 11:15:42,006 [ERROR] LogOutputStream:75 - [STDERR_REDIRECT] 
2025-03-23 11:15:43,015 [ERROR] LogOutputStream:75 - [STDERR_REDIRECT] [Fatal Error] :1:1: Premature end of file.
2025-03-23 11:15:43,015 [ERROR] LogOutputStream:75 - [STDERR_REDIRECT] 
2025-03-23 11:15:44,002 [ERROR] LogOutputStream:75 - [STDERR_REDIRECT] [Fatal Error] :1:1: Premature end of file.
2025-03-23 11:15:44,002 [ERROR] LogOutputStream:75 - [STDERR_REDIRECT] 
2025-03-23 11:15:45,005 [ERROR] LogOutputStream:75 - [STDERR_REDIRECT] [Fatal Error] :1:1: Premature end of file.
2025-03-23 11:15:45,005 [ERROR] LogOutputStream:75 - [STDERR_REDIRECT] 
2025-03-23 11:15:46,006 [ERROR] LogOutputStream:75 - [STDERR_REDIRECT] [Fatal Error] :1:1: Premature end of file.
2025-03-23 11:15:46,006 [ERROR] LogOutputStream:75 - [STDERR_REDIRECT] 
2025-03-23 11:15:47,012 [ERROR] LogOutputStream:75 - [STDERR_REDIRECT] [Fatal Error] :1:1: Premature end of file.
2025-03-23 11:15:47,012 [ERROR] LogOutputStream:75 - [STDERR_REDIRECT] 
2025-03-23 11:15:48,011 [ERROR] LogOutputStream:75 - [STDERR_REDIRECT] [Fatal Error] :1:1: Premature end of file.
2025-03-23 11:15:48,011 [ERROR] LogOutputStream:75 - [STDERR_REDIRECT] 
2025-03-23 11:15:49,006 [ERROR] LogOutputStream:75 - [STDERR_REDIRECT] [Fatal Error] :1:1: Premature end of file.
2025-03-23 11:15:49,006 [ERROR] LogOutputStream:75 - [STDERR_REDIRECT] 
2025-03-23 11:15:50,006 [ERROR] LogOutputStream:75 - [STDERR_REDIRECT] [Fatal Error] :1:1: Premature end of file.
2025-03-23 11:15:50,006 [ERROR] LogOutputStream:75 - [STDERR_REDIRECT] 
2025-03-23 11:15:51,007 [ERROR] LogOutputStream:75 - [STDERR_REDIRECT] [Fatal Error] :1:1: Premature end of file.
2025-03-23 11:15:51,007 [ERROR] LogOutputStream:75 - [STDERR_REDIRECT] 
2025-03-23 11:15:52,000 [ERROR] LogOutputStream:75 - [STDERR_REDIRECT] [Fatal Error] :1:1: Premature end of file.
2025-03-23 11:15:52,000 [ERROR] LogOutputStream:75 - [STDERR_REDIRECT] 
2025-03-23 11:15:53,010 [ERROR] LogOutputStream:75 - [STDERR_REDIRECT] [Fatal Error] :1:1: Premature end of file.
2025-03-23 11:15:53,010 [ERROR] LogOutputStream:75 - [STDERR_REDIRECT] 
2025-03-23 11:15:54,004 [ERROR] LogOutputStream:75 - [STDERR_REDIRECT] [Fatal Error] :1:1: Premature end of file.
2025-03-23 11:15:54,004 [ERROR] LogOutputStream:75 - [STDERR_REDIRECT] 
2025-03-23 11:15:54,998 [ERROR] LogOutputStream:75 - [STDERR_REDIRECT] [Fatal Error] :1:1: Premature end of file.
2025-03-23 11:15:54,998 [ERROR] LogOutputStream:75 - [STDERR_REDIRECT] 
2025-03-23 11:15:56,019 [ERROR] LogOutputStream:75 - [STDERR_REDIRECT] [Fatal Error] :1:1: Premature end of file.
2025-03-23 11:15:56,019 [ERROR] LogOutputStream:75 - [STDERR_REDIRECT] 
2025-03-23 11:15:57,009 [ERROR] LogOutputStream:75 - [STDERR_REDIRECT] [Fatal Error] :1:1: Premature end of file.
2025-03-23 11:15:57,009 [ERROR] LogOutputStream:75 - [STDERR_REDIRECT] 
2025-03-23 11:15:58,024 [ERROR] LogOutputStream:75 - [STDERR_REDIRECT] [Fatal Error] :1:1: Premature end of file.
2025-03-23 11:15:58,028 [ERROR] LogOutputStream:75 - [STDERR_REDIRECT] 
2025-03-23 11:15:59,014 [ERROR] LogOutputStream:75 - [STDERR_REDIRECT] [Fatal Error] :1:1: Premature end of file.
2025-03-23 11:15:59,016 [ERROR] LogOutputStream:75 - [STDERR_REDIRECT] 
2025-03-23 11:16:00,054 [ERROR] LogOutputStream:75 - [STDERR_REDIRECT] [Fatal Error] :1:1: Premature end of file.
2025-03-23 11:16:00,054 [ERROR] LogOutputStream:75 - [STDERR_REDIRECT] 
2025-03-23 11:16:01,003 [ERROR] LogOutputStream:75 - [STDERR_REDIRECT] [Fatal Error] :1:1: Premature end of file.
2025-03-23 11:16:01,003 [ERROR] LogOutputStream:75 - [STDERR_REDIRECT] 
2025-03-23 11:16:02,010 [ERROR] LogOutputStream:75 - [STDERR_REDIRECT] [Fatal Error] :1:1: Premature end of file.
2025-03-23 11:16:02,010 [ERROR] LogOutputStream:75 - [STDERR_REDIRECT] 
2025-03-23 11:16:03,004 [ERROR] LogOutputStream:75 - [STDERR_REDIRECT] [Fatal Error] :1:1: Premature end of file.
2025-03-23 11:16:03,004 [ERROR] LogOutputStream:75 - [STDERR_REDIRECT] 
2025-03-23 11:16:04,005 [ERROR] LogOutputStream:75 - [STDERR_REDIRECT] [Fatal Error] :1:1: Premature end of file.
2025-03-23 11:16:04,005 [ERROR] LogOutputStream:75 - [STDERR_REDIRECT] 
2025-03-23 11:16:05,002 [ERROR] LogOutputStream:75 - [STDERR_REDIRECT] [Fatal Error] :1:1: Premature end of file.
2025-03-23 11:16:05,002 [ERROR] LogOutputStream:75 - [STDERR_REDIRECT] 
2025-03-23 11:16:06,011 [ERROR] LogOutputStream:75 - [STDERR_REDIRECT] [Fatal Error] :1:1: Premature end of file.
2025-03-23 11:16:06,011 [ERROR] LogOutputStream:75 - [STDERR_REDIRECT] 
2025-03-23 11:16:07,012 [ERROR] LogOutputStream:75 - [STDERR_REDIRECT] [Fatal Error] :1:1: Premature end of file.
2025-03-23 11:16:07,012 [ERROR] LogOutputStream:75 - [STDERR_REDIRECT] 
2025-03-23 11:16:08,006 [ERROR] LogOutputStream:75 - [STDERR_REDIRECT] [Fatal Error] :1:1: Premature end of file.
2025-03-23 11:16:08,006 [ERROR] LogOutputStream:75 - [STDERR_REDIRECT] 
2025-03-23 11:16:09,007 [ERROR] LogOutputStream:75 - [STDERR_REDIRECT] [Fatal Error] :1:1: Premature end of file.
2025-03-23 11:16:09,007 [ERROR] LogOutputStream:75 - [STDERR_REDIRECT] 
2025-03-23 11:16:10,013 [ERROR] LogOutputStream:75 - [STDERR_REDIRECT] [Fatal Error] :1:1: Premature end of file.
2025-03-23 11:16:10,013 [ERROR] LogOutputStream:75 - [STDERR_REDIRECT] 
2025-03-23 11:16:11,003 [ERROR] LogOutputStream:75 - [STDERR_REDIRECT] [Fatal Error] :1:1: Premature end of file.
2025-03-23 11:16:11,003 [ERROR] LogOutputStream:75 - [STDERR_REDIRECT] 
2025-03-23 11:16:12,011 [ERROR] LogOutputStream:75 - [STDERR_REDIRECT] [Fatal Error] :1:1: Premature end of file.
2025-03-23 11:16:12,011 [ERROR] LogOutputStream:75 - [STDERR_REDIRECT] 
2025-03-23 11:16:13,009 [ERROR] LogOutputStream:75 - [STDERR_REDIRECT] [Fatal Error] :1:1: Premature end of file.
2025-03-23 11:16:13,009 [ERROR] LogOutputStream:75 - [STDERR_REDIRECT] 
2025-03-23 11:16:14,011 [ERROR] LogOutputStream:75 - [STDERR_REDIRECT] [Fatal Error] :1:1: Premature end of file.
2025-03-23 11:16:14,011 [ERROR] LogOutputStream:75 - [STDERR_REDIRECT] 
2025-03-23 11:16:15,008 [ERROR] LogOutputStream:75 - [STDERR_REDIRECT] [Fatal Error] :1:1: Premature end of file.
2025-03-23 11:16:15,008 [ERROR] LogOutputStream:75 - [STDERR_REDIRECT] 
2025-03-23 11:16:16,002 [ERROR] LogOutputStream:75 - [STDERR_REDIRECT] [Fatal Error] :1:1: Premature end of file.
2025-03-23 11:16:16,002 [ERROR] LogOutputStream:75 - [STDERR_REDIRECT] 
2025-03-23 11:16:16,998 [ERROR] LogOutputStream:75 - [STDERR_REDIRECT] [Fatal Error] :1:1: Premature end of file.
2025-03-23 11:16:16,998 [ERROR] LogOutputStream:75 - [STDERR_REDIRECT] 
2025-03-23 11:16:18,005 [ERROR] LogOutputStream:75 - [STDERR_REDIRECT] [Fatal Error] :1:1: Premature end of file.
2025-03-23 11:16:18,005 [ERROR] LogOutputStream:75 - [STDERR_REDIRECT] 
2025-03-23 11:16:19,036 [ERROR] LogOutputStream:75 - [STDERR_REDIRECT] [Fatal Error] :1:1: Premature end of file.
2025-03-23 11:16:19,036 [ERROR] LogOutputStream:75 - [STDERR_REDIRECT] 
2025-03-23 11:16:20,003 [ERROR] LogOutputStream:75 - [STDERR_REDIRECT] [Fatal Error] :1:1: Premature end of file.
2025-03-23 11:16:20,003 [ERROR] LogOutputStream:75 - [STDERR_REDIRECT] 
2025-03-23 11:16:21,008 [ERROR] LogOutputStream:75 - [STDERR_REDIRECT] [Fatal Error] :1:1: Premature end of file.
2025-03-23 11:16:21,008 [ERROR] LogOutputStream:75 - [STDERR_REDIRECT] 
2025-03-23 11:16:22,004 [ERROR] LogOutputStream:75 - [STDERR_REDIRECT] [Fatal Error] :1:1: Premature end of file.
2025-03-23 11:16:22,004 [ERROR] LogOutputStream:75 - [STDERR_REDIRECT] 
2025-03-23 11:16:23,007 [ERROR] LogOutputStream:75 - [STDERR_REDIRECT] [Fatal Error] :1:1: Premature end of file.
2025-03-23 11:16:23,007 [ERROR] LogOutputStream:75 - [STDERR_REDIRECT] 
2025-03-23 11:16:24,008 [ERROR] LogOutputStream:75 - [STDERR_REDIRECT] [Fatal Error] :1:1: Premature end of file.
2025-03-23 11:16:24,008 [ERROR] LogOutputStream:75 - [STDERR_REDIRECT] 
2025-03-23 11:16:25,002 [ERROR] LogOutputStream:75 - [STDERR_REDIRECT] [Fatal Error] :1:1: Premature end of file.
2025-03-23 11:16:25,002 [ERROR] LogOutputStream:75 - [STDERR_REDIRECT] 
2025-03-23 11:16:25,996 [ERROR] LogOutputStream:75 - [STDERR_REDIRECT] [Fatal Error] :1:1: Premature end of file.
2025-03-23 11:16:25,996 [ERROR] LogOutputStream:75 - [STDERR_REDIRECT] 
2025-03-23 11:16:27,010 [ERROR] LogOutputStream:75 - [STDERR_REDIRECT] [Fatal Error] :1:1: Premature end of file.
2025-03-23 11:16:27,010 [ERROR] LogOutputStream:75 - [STDERR_REDIRECT] 
2025-03-23 11:16:28,013 [ERROR] LogOutputStream:75 - [STDERR_REDIRECT] [Fatal Error] :1:1: Premature end of file.
2025-03-23 11:16:28,013 [ERROR] LogOutputStream:75 - [STDERR_REDIRECT] 
2025-03-23 11:16:29,004 [ERROR] LogOutputStream:75 - [STDERR_REDIRECT] [Fatal Error] :1:1: Premature end of file.
2025-03-23 11:16:29,004 [ERROR] LogOutputStream:75 - [STDERR_REDIRECT] 
2025-03-23 11:16:30,022 [ERROR] LogOutputStream:75 - [STDERR_REDIRECT] [Fatal Error] :1:1: Premature end of file.
2025-03-23 11:16:30,022 [ERROR] LogOutputStream:75 - [STDERR_REDIRECT] 
2025-03-23 11:16:31,004 [ERROR] LogOutputStream:75 - [STDERR_REDIRECT] [Fatal Error] :1:1: Premature end of file.
2025-03-23 11:16:31,004 [ERROR] LogOutputStream:75 - [STDERR_REDIRECT] 
2025-03-23 11:16:32,015 [ERROR] LogOutputStream:75 - [STDERR_REDIRECT] [Fatal Error] :1:1: Premature end of file.
2025-03-23 11:16:32,015 [ERROR] LogOutputStream:75 - [STDERR_REDIRECT] 
2025-03-23 11:16:33,001 [ERROR] LogOutputStream:75 - [STDERR_REDIRECT] [Fatal Error] :1:1: Premature end of file.
2025-03-23 11:16:33,001 [ERROR] LogOutputStream:75 - [STDERR_REDIRECT] 
2025-03-23 11:16:34,004 [ERROR] LogOutputStream:75 - [STDERR_REDIRECT] [Fatal Error] :1:1: Premature end of file.
2025-03-23 11:16:34,004 [ERROR] LogOutputStream:75 - [STDERR_REDIRECT] 
2025-03-23 11:16:35,011 [ERROR] LogOutputStream:75 - [STDERR_REDIRECT] [Fatal Error] :1:1: Premature end of file.
2025-03-23 11:16:35,011 [ERROR] LogOutputStream:75 - [STDERR_REDIRECT] 
2025-03-23 11:16:36,031 [ERROR] LogOutputStream:75 - [STDERR_REDIRECT] [Fatal Error] :1:1: Premature end of file.
2025-03-23 11:16:36,035 [ERROR] LogOutputStream:75 - [STDERR_REDIRECT] 
2025-03-23 11:16:37,002 [ERROR] LogOutputStream:75 - [STDERR_REDIRECT] [Fatal Error] :1:1: Premature end of file.
2025-03-23 11:16:37,002 [ERROR] LogOutputStream:75 - [STDERR_REDIRECT] 
2025-03-23 11:16:38,013 [ERROR] LogOutputStream:75 - [STDERR_REDIRECT] [Fatal Error] :1:1: Premature end of file.
2025-03-23 11:16:38,013 [ERROR] LogOutputStream:75 - [STDERR_REDIRECT] 
2025-03-23 11:16:39,002 [ERROR] LogOutputStream:75 - [STDERR_REDIRECT] [Fatal Error] :1:1: Premature end of file.
2025-03-23 11:16:39,002 [ERROR] LogOutputStream:75 - [STDERR_REDIRECT] 
2025-03-23 11:16:40,006 [ERROR] LogOutputStream:75 - [STDERR_REDIRECT] [Fatal Error] :1:1: Premature end of file.
2025-03-23 11:16:40,006 [ERROR] LogOutputStream:75 - [STDERR_REDIRECT] 
2025-03-23 11:16:41,010 [ERROR] LogOutputStream:75 - [STDERR_REDIRECT] [Fatal Error] :1:1: Premature end of file.
2025-03-23 11:16:41,010 [ERROR] LogOutputStream:75 - [STDERR_REDIRECT] 
2025-03-23 11:16:42,004 [ERROR] LogOutputStream:75 - [STDERR_REDIRECT] [Fatal Error] :1:1: Premature end of file.
2025-03-23 11:16:42,004 [ERROR] LogOutputStream:75 - [STDERR_REDIRECT] 
2025-03-23 11:16:43,000 [ERROR] LogOutputStream:75 - [STDERR_REDIRECT] [Fatal Error] :1:1: Premature end of file.
2025-03-23 11:16:43,000 [ERROR] LogOutputStream:75 - [STDERR_REDIRECT] 
2025-03-23 11:16:44,006 [ERROR] LogOutputStream:75 - [STDERR_REDIRECT] [Fatal Error] :1:1: Premature end of file.
2025-03-23 11:16:44,006 [ERROR] LogOutputStream:75 - [STDERR_REDIRECT] 
2025-03-23 11:16:45,002 [ERROR] LogOutputStream:75 - [STDERR_REDIRECT] [Fatal Error] :1:1: Premature end of file.
2025-03-23 11:16:45,002 [ERROR] LogOutputStream:75 - [STDERR_REDIRECT] 
2025-03-23 11:16:46,007 [ERROR] LogOutputStream:75 - [STDERR_REDIRECT] [Fatal Error] :1:1: Premature end of file.
2025-03-23 11:16:46,007 [ERROR] LogOutputStream:75 - [STDERR_REDIRECT] 
2025-03-23 11:16:47,002 [ERROR] LogOutputStream:75 - [STDERR_REDIRECT] [Fatal Error] :1:1: Premature end of file.
2025-03-23 11:16:47,002 [ERROR] LogOutputStream:75 - [STDERR_REDIRECT] 
2025-03-23 11:16:48,007 [ERROR] LogOutputStream:75 - [STDERR_REDIRECT] [Fatal Error] :1:1: Premature end of file.
2025-03-23 11:16:48,007 [ERROR] LogOutputStream:75 - [STDERR_REDIRECT] 
2025-03-23 11:16:49,008 [ERROR] LogOutputStream:75 - [STDERR_REDIRECT] [Fatal Error] :1:1: Premature end of file.
2025-03-23 11:16:49,008 [ERROR] LogOutputStream:75 - [STDERR_REDIRECT] 
2025-03-23 11:16:50,011 [ERROR] LogOutputStream:75 - [STDERR_REDIRECT] [Fatal Error] :1:1: Premature end of file.
2025-03-23 11:16:50,011 [ERROR] LogOutputStream:75 - [STDERR_REDIRECT] 
2025-03-23 11:16:51,005 [ERROR] LogOutputStream:75 - [STDERR_REDIRECT] [Fatal Error] :1:1: Premature end of file.
2025-03-23 11:16:51,005 [ERROR] LogOutputStream:75 - [STDERR_REDIRECT] 
2025-03-23 11:16:52,013 [ERROR] LogOutputStream:75 - [STDERR_REDIRECT] [Fatal Error] :1:1: Premature end of file.
2025-03-23 11:16:52,013 [ERROR] LogOutputStream:75 - [STDERR_REDIRECT] 
2025-03-23 11:16:53,001 [ERROR] LogOutputStream:75 - [STDERR_REDIRECT] [Fatal Error] :1:1: Premature end of file.
2025-03-23 11:16:53,001 [ERROR] LogOutputStream:75 - [STDERR_REDIRECT] 
2025-03-23 11:16:54,000 [ERROR] LogOutputStream:75 - [STDERR_REDIRECT] [Fatal Error] :1:1: Premature end of file.
2025-03-23 11:16:54,000 [ERROR] LogOutputStream:75 - [STDERR_REDIRECT] 
2025-03-23 11:16:55,003 [ERROR] LogOutputStream:75 - [STDERR_REDIRECT] [Fatal Error] :1:1: Premature end of file.
2025-03-23 11:16:55,003 [ERROR] LogOutputStream:75 - [STDERR_REDIRECT] 
2025-03-23 11:16:56,011 [ERROR] LogOutputStream:75 - [STDERR_REDIRECT] [Fatal Error] :1:1: Premature end of file.
2025-03-23 11:16:56,011 [ERROR] LogOutputStream:75 - [STDERR_REDIRECT] 
2025-03-23 11:16:57,012 [ERROR] LogOutputStream:75 - [STDERR_REDIRECT] [Fatal Error] :1:1: Premature end of file.
2025-03-23 11:16:57,012 [ERROR] LogOutputStream:75 - [STDERR_REDIRECT] 
2025-03-23 11:16:58,015 [ERROR] LogOutputStream:75 - [STDERR_REDIRECT] [Fatal Error] :1:1: Premature end of file.
2025-03-23 11:16:58,015 [ERROR] LogOutputStream:75 - [STDERR_REDIRECT] 
2025-03-23 11:16:59,010 [ERROR] LogOutputStream:75 - [STDERR_REDIRECT] [Fatal Error] :1:1: Premature end of file.
2025-03-23 11:16:59,010 [ERROR] LogOutputStream:75 - [STDERR_REDIRECT] 
2025-03-23 11:17:00,009 [ERROR] LogOutputStream:75 - [STDERR_REDIRECT] [Fatal Error] :1:1: Premature end of file.
2025-03-23 11:17:00,012 [ERROR] LogOutputStream:75 - [STDERR_REDIRECT] 
2025-03-23 11:17:01,002 [ERROR] LogOutputStream:75 - [STDERR_REDIRECT] [Fatal Error] :1:1: Premature end of file.
2025-03-23 11:17:01,002 [ERROR] LogOutputStream:75 - [STDERR_REDIRECT] 
2025-03-23 11:17:02,000 [ERROR] LogOutputStream:75 - [STDERR_REDIRECT] [Fatal Error] :1:1: Premature end of file.
2025-03-23 11:17:02,000 [ERROR] LogOutputStream:75 - [STDERR_REDIRECT] 
2025-03-23 11:17:03,002 [ERROR] LogOutputStream:75 - [STDERR_REDIRECT] [Fatal Error] :1:1: Premature end of file.
2025-03-23 11:17:03,002 [ERROR] LogOutputStream:75 - [STDERR_REDIRECT] 
2025-03-23 11:17:04,004 [ERROR] LogOutputStream:75 - [STDERR_REDIRECT] [Fatal Error] :1:1: Premature end of file.
2025-03-23 11:17:04,004 [ERROR] LogOutputStream:75 - [STDERR_REDIRECT] 
2025-03-23 11:17:05,007 [ERROR] LogOutputStream:75 - [STDERR_REDIRECT] [Fatal Error] :1:1: Premature end of file.
2025-03-23 11:17:05,007 [ERROR] LogOutputStream:75 - [STDERR_REDIRECT] 
2025-03-23 11:17:06,013 [ERROR] LogOutputStream:75 - [STDERR_REDIRECT] [Fatal Error] :1:1: Premature end of file.
2025-03-23 11:17:06,013 [ERROR] LogOutputStream:75 - [STDERR_REDIRECT] 
2025-03-23 11:17:07,008 [ERROR] LogOutputStream:75 - [STDERR_REDIRECT] [Fatal Error] :1:1: Premature end of file.
2025-03-23 11:17:07,008 [ERROR] LogOutputStream:75 - [STDERR_REDIRECT] 
2025-03-23 11:17:08,005 [ERROR] LogOutputStream:75 - [STDERR_REDIRECT] [Fatal Error] :1:1: Premature end of file.
2025-03-23 11:17:08,005 [ERROR] LogOutputStream:75 - [STDERR_REDIRECT] 
2025-03-23 11:17:09,013 [ERROR] LogOutputStream:75 - [STDERR_REDIRECT] [Fatal Error] :1:1: Premature end of file.
2025-03-23 11:17:09,013 [ERROR] LogOutputStream:75 - [STDERR_REDIRECT] 
2025-03-23 11:17:10,009 [ERROR] LogOutputStream:75 - [STDERR_REDIRECT] [Fatal Error] :1:1: Premature end of file.
2025-03-23 11:17:10,009 [ERROR] LogOutputStream:75 - [STDERR_REDIRECT] 
2025-03-23 11:17:11,014 [ERROR] LogOutputStream:75 - [STDERR_REDIRECT] [Fatal Error] :1:1: Premature end of file.
2025-03-23 11:17:11,014 [ERROR] LogOutputStream:75 - [STDERR_REDIRECT] 
2025-03-23 11:17:12,011 [ERROR] LogOutputStream:75 - [STDERR_REDIRECT] [Fatal Error] :1:1: Premature end of file.
2025-03-23 11:17:12,011 [ERROR] LogOutputStream:75 - [STDERR_REDIRECT] 
2025-03-23 11:17:13,000 [ERROR] LogOutputStream:75 - [STDERR_REDIRECT] [Fatal Error] :1:1: Premature end of file.
2025-03-23 11:17:13,000 [ERROR] LogOutputStream:75 - [STDERR_REDIRECT] 
2025-03-23 11:17:14,011 [ERROR] LogOutputStream:75 - [STDERR_REDIRECT] [Fatal Error] :1:1: Premature end of file.
2025-03-23 11:17:14,011 [ERROR] LogOutputStream:75 - [STDERR_REDIRECT] 
2025-03-23 11:17:15,002 [ERROR] LogOutputStream:75 - [STDERR_REDIRECT] [Fatal Error] :1:1: Premature end of file.
2025-03-23 11:17:15,002 [ERROR] LogOutputStream:75 - [STDERR_REDIRECT] 
2025-03-23 11:17:16,005 [ERROR] LogOutputStream:75 - [STDERR_REDIRECT] [Fatal Error] :1:1: Premature end of file.
2025-03-23 11:17:16,005 [ERROR] LogOutputStream:75 - [STDERR_REDIRECT] 
2025-03-23 11:17:17,013 [ERROR] LogOutputStream:75 - [STDERR_REDIRECT] [Fatal Error] :1:1: Premature end of file.
2025-03-23 11:17:17,013 [ERROR] LogOutputStream:75 - [STDERR_REDIRECT] 
2025-03-23 11:17:18,006 [ERROR] LogOutputStream:75 - [STDERR_REDIRECT] [Fatal Error] :1:1: Premature end of file.
2025-03-23 11:17:18,006 [ERROR] LogOutputStream:75 - [STDERR_REDIRECT] 
2025-03-23 11:17:19,000 [ERROR] LogOutputStream:75 - [STDERR_REDIRECT] [Fatal Error] :1:1: Premature end of file.
2025-03-23 11:17:19,000 [ERROR] LogOutputStream:75 - [STDERR_REDIRECT] 
2025-03-23 11:17:20,013 [ERROR] LogOutputStream:75 - [STDERR_REDIRECT] [Fatal Error] :1:1: Premature end of file.
2025-03-23 11:17:20,013 [ERROR] LogOutputStream:75 - [STDERR_REDIRECT] 
2025-03-23 11:17:21,012 [ERROR] LogOutputStream:75 - [STDERR_REDIRECT] [Fatal Error] :1:1: Premature end of file.
2025-03-23 11:17:21,012 [ERROR] LogOutputStream:75 - [STDERR_REDIRECT] 
2025-03-23 11:17:22,012 [ERROR] LogOutputStream:75 - [STDERR_REDIRECT] [Fatal Error] :1:1: Premature end of file.
2025-03-23 11:17:22,012 [ERROR] LogOutputStream:75 - [STDERR_REDIRECT] 
2025-03-23 11:17:23,001 [ERROR] LogOutputStream:75 - [STDERR_REDIRECT] [Fatal Error] :1:1: Premature end of file.
2025-03-23 11:17:23,001 [ERROR] LogOutputStream:75 - [STDERR_REDIRECT] 
2025-03-23 11:17:24,010 [ERROR] LogOutputStream:75 - [STDERR_REDIRECT] [Fatal Error] :1:1: Premature end of file.
2025-03-23 11:17:24,010 [ERROR] LogOutputStream:75 - [STDERR_REDIRECT] 
2025-03-23 11:17:25,015 [ERROR] LogOutputStream:75 - [STDERR_REDIRECT] [Fatal Error] :1:1: Premature end of file.
2025-03-23 11:17:25,015 [ERROR] LogOutputStream:75 - [STDERR_REDIRECT] 
2025-03-23 11:17:26,001 [ERROR] LogOutputStream:75 - [STDERR_REDIRECT] [Fatal Error] :1:1: Premature end of file.
2025-03-23 11:17:26,001 [ERROR] LogOutputStream:75 - [STDERR_REDIRECT] 
2025-03-23 11:17:27,010 [ERROR] LogOutputStream:75 - [STDERR_REDIRECT] [Fatal Error] :1:1: Premature end of file.
2025-03-23 11:17:27,010 [ERROR] LogOutputStream:75 - [STDERR_REDIRECT] 
2025-03-23 11:17:27,997 [ERROR] LogOutputStream:75 - [STDERR_REDIRECT] [Fatal Error] :1:1: Premature end of file.
2025-03-23 11:17:28,001 [ERROR] LogOutputStream:75 - [STDERR_REDIRECT] 
2025-03-23 11:17:29,008 [ERROR] LogOutputStream:75 - [STDERR_REDIRECT] [Fatal Error] :1:1: Premature end of file.
2025-03-23 11:17:29,008 [ERROR] LogOutputStream:75 - [STDERR_REDIRECT] 
2025-03-23 11:17:30,021 [ERROR] LogOutputStream:75 - [STDERR_REDIRECT] [Fatal Error] :1:1: Premature end of file.
2025-03-23 11:17:30,021 [ERROR] LogOutputStream:75 - [STDERR_REDIRECT] 
2025-03-23 11:17:31,015 [ERROR] LogOutputStream:75 - [STDERR_REDIRECT] [Fatal Error] :1:1: Premature end of file.
2025-03-23 11:17:31,015 [ERROR] LogOutputStream:75 - [STDERR_REDIRECT] 
2025-03-23 11:17:32,011 [ERROR] LogOutputStream:75 - [STDERR_REDIRECT] [Fatal Error] :1:1: Premature end of file.
2025-03-23 11:17:32,011 [ERROR] LogOutputStream:75 - [STDERR_REDIRECT] 
2025-03-23 11:17:33,014 [ERROR] LogOutputStream:75 - [STDERR_REDIRECT] [Fatal Error] :1:1: Premature end of file.
2025-03-23 11:17:33,014 [ERROR] LogOutputStream:75 - [STDERR_REDIRECT] 
2025-03-23 11:17:34,003 [ERROR] LogOutputStream:75 - [STDERR_REDIRECT] [Fatal Error] :1:1: Premature end of file.
2025-03-23 11:17:34,003 [ERROR] LogOutputStream:75 - [STDERR_REDIRECT] 
2025-03-23 11:17:35,009 [ERROR] LogOutputStream:75 - [STDERR_REDIRECT] [Fatal Error] :1:1: Premature end of file.
2025-03-23 11:17:35,009 [ERROR] LogOutputStream:75 - [STDERR_REDIRECT] 
2025-03-23 11:17:36,021 [ERROR] LogOutputStream:75 - [STDERR_REDIRECT] [Fatal Error] :1:1: Premature end of file.
2025-03-23 11:17:36,021 [ERROR] LogOutputStream:75 - [STDERR_REDIRECT] 
2025-03-23 11:17:37,006 [ERROR] LogOutputStream:75 - [STDERR_REDIRECT] [Fatal Error] :1:1: Premature end of file.
2025-03-23 11:17:37,006 [ERROR] LogOutputStream:75 - [STDERR_REDIRECT] 
2025-03-23 11:17:38,002 [ERROR] LogOutputStream:75 - [STDERR_REDIRECT] [Fatal Error] :1:1: Premature end of file.
2025-03-23 11:17:38,002 [ERROR] LogOutputStream:75 - [STDERR_REDIRECT] 
2025-03-23 11:17:39,002 [ERROR] LogOutputStream:75 - [STDERR_REDIRECT] [Fatal Error] :1:1: Premature end of file.
2025-03-23 11:17:39,002 [ERROR] LogOutputStream:75 - [STDERR_REDIRECT] 
2025-03-23 11:17:40,008 [ERROR] LogOutputStream:75 - [STDERR_REDIRECT] [Fatal Error] :1:1: Premature end of file.
2025-03-23 11:17:40,015 [ERROR] LogOutputStream:75 - [STDERR_REDIRECT] 
2025-03-23 11:17:41,023 [ERROR] LogOutputStream:75 - [STDERR_REDIRECT] [Fatal Error] :1:1: Premature end of file.
2025-03-23 11:17:41,023 [ERROR] LogOutputStream:75 - [STDERR_REDIRECT] 
2025-03-23 11:17:42,001 [ERROR] LogOutputStream:75 - [STDERR_REDIRECT] [Fatal Error] :1:1: Premature end of file.
2025-03-23 11:17:42,001 [ERROR] LogOutputStream:75 - [STDERR_REDIRECT] 
2025-03-23 11:17:43,000 [ERROR] LogOutputStream:75 - [STDERR_REDIRECT] [Fatal Error] :1:1: Premature end of file.
2025-03-23 11:17:43,000 [ERROR] LogOutputStream:75 - [STDERR_REDIRECT] 
2025-03-23 11:17:44,009 [ERROR] LogOutputStream:75 - [STDERR_REDIRECT] [Fatal Error] :1:1: Premature end of file.
2025-03-23 11:17:44,009 [ERROR] LogOutputStream:75 - [STDERR_REDIRECT] 
2025-03-23 11:17:45,015 [ERROR] LogOutputStream:75 - [STDERR_REDIRECT] [Fatal Error] :1:1: Premature end of file.
2025-03-23 11:17:45,015 [ERROR] LogOutputStream:75 - [STDERR_REDIRECT] 
2025-03-23 11:17:46,016 [ERROR] LogOutputStream:75 - [STDERR_REDIRECT] [Fatal Error] :1:1: Premature end of file.
2025-03-23 11:17:46,016 [ERROR] LogOutputStream:75 - [STDERR_REDIRECT] 
2025-03-23 11:17:47,030 [ERROR] LogOutputStream:75 - [STDERR_REDIRECT] [Fatal Error] :1:1: Premature end of file.
2025-03-23 11:17:47,031 [ERROR] LogOutputStream:75 - [STDERR_REDIRECT] 
2025-03-23 11:17:48,004 [ERROR] LogOutputStream:75 - [STDERR_REDIRECT] [Fatal Error] :1:1: Premature end of file.
2025-03-23 11:17:48,004 [ERROR] LogOutputStream:75 - [STDERR_REDIRECT] 
2025-03-23 11:17:49,012 [ERROR] LogOutputStream:75 - [STDERR_REDIRECT] [Fatal Error] :1:1: Premature end of file.
2025-03-23 11:17:49,012 [ERROR] LogOutputStream:75 - [STDERR_REDIRECT] 
2025-03-23 11:17:50,016 [ERROR] LogOutputStream:75 - [STDERR_REDIRECT] [Fatal Error] :1:1: Premature end of file.
2025-03-23 11:17:50,016 [ERROR] LogOutputStream:75 - [STDERR_REDIRECT] 
2025-03-23 11:17:51,014 [ERROR] LogOutputStream:75 - [STDERR_REDIRECT] [Fatal Error] :1:1: Premature end of file.
2025-03-23 11:17:51,014 [ERROR] LogOutputStream:75 - [STDERR_REDIRECT] 
2025-03-23 11:17:52,035 [ERROR] LogOutputStream:75 - [STDERR_REDIRECT] [Fatal Error] :1:1: Premature end of file.
2025-03-23 11:17:52,036 [ERROR] LogOutputStream:75 - [STDERR_REDIRECT] 
2025-03-23 11:17:53,008 [ERROR] LogOutputStream:75 - [STDERR_REDIRECT] [Fatal Error] :1:1: Premature end of file.
2025-03-23 11:17:53,008 [ERROR] LogOutputStream:75 - [STDERR_REDIRECT] 
2025-03-23 11:17:54,012 [ERROR] LogOutputStream:75 - [STDERR_REDIRECT] [Fatal Error] :1:1: Premature end of file.
2025-03-23 11:17:54,012 [ERROR] LogOutputStream:75 - [STDERR_REDIRECT] 
2025-03-23 11:17:55,013 [ERROR] LogOutputStream:75 - [STDERR_REDIRECT] [Fatal Error] :1:1: Premature end of file.
2025-03-23 11:17:55,013 [ERROR] LogOutputStream:75 - [STDERR_REDIRECT] 
2025-03-23 11:17:56,004 [ERROR] LogOutputStream:75 - [STDERR_REDIRECT] [Fatal Error] :1:1: Premature end of file.
2025-03-23 11:17:56,004 [ERROR] LogOutputStream:75 - [STDERR_REDIRECT] 
2025-03-23 11:17:57,002 [ERROR] LogOutputStream:75 - [STDERR_REDIRECT] [Fatal Error] :1:1: Premature end of file.
2025-03-23 11:17:57,002 [ERROR] LogOutputStream:75 - [STDERR_REDIRECT] 
2025-03-23 11:17:58,008 [ERROR] LogOutputStream:75 - [STDERR_REDIRECT] [Fatal Error] :1:1: Premature end of file.
2025-03-23 11:17:58,008 [ERROR] LogOutputStream:75 - [STDERR_REDIRECT] 
2025-03-23 11:17:59,006 [ERROR] LogOutputStream:75 - [STDERR_REDIRECT] [Fatal Error] :1:1: Premature end of file.
2025-03-23 11:17:59,006 [ERROR] LogOutputStream:75 - [STDERR_REDIRECT] 
2025-03-23 11:18:00,006 [ERROR] LogOutputStream:75 - [STDERR_REDIRECT] [Fatal Error] :1:1: Premature end of file.
2025-03-23 11:18:00,006 [ERROR] LogOutputStream:75 - [STDERR_REDIRECT] 
2025-03-23 11:18:01,010 [ERROR] LogOutputStream:75 - [STDERR_REDIRECT] [Fatal Error] :1:1: Premature end of file.
2025-03-23 11:18:01,010 [ERROR] LogOutputStream:75 - [STDERR_REDIRECT] 
2025-03-23 11:18:02,001 [ERROR] LogOutputStream:75 - [STDERR_REDIRECT] [Fatal Error] :1:1: Premature end of file.
2025-03-23 11:18:02,001 [ERROR] LogOutputStream:75 - [STDERR_REDIRECT] 
2025-03-23 11:18:02,999 [ERROR] LogOutputStream:75 - [STDERR_REDIRECT] [Fatal Error] :1:1: Premature end of file.
2025-03-23 11:18:02,999 [ERROR] LogOutputStream:75 - [STDERR_REDIRECT] 
2025-03-23 11:18:04,007 [ERROR] LogOutputStream:75 - [STDERR_REDIRECT] [Fatal Error] :1:1: Premature end of file.
2025-03-23 11:18:04,007 [ERROR] LogOutputStream:75 - [STDERR_REDIRECT] 
2025-03-23 11:18:05,015 [ERROR] LogOutputStream:75 - [STDERR_REDIRECT] [Fatal Error] :1:1: Premature end of file.
2025-03-23 11:18:05,015 [ERROR] LogOutputStream:75 - [STDERR_REDIRECT] 
2025-03-23 11:18:06,016 [ERROR] LogOutputStream:75 - [STDERR_REDIRECT] [Fatal Error] :1:1: Premature end of file.
2025-03-23 11:18:06,016 [ERROR] LogOutputStream:75 - [STDERR_REDIRECT] 
2025-03-23 11:18:07,015 [ERROR] LogOutputStream:75 - [STDERR_REDIRECT] [Fatal Error] :1:1: Premature end of file.
2025-03-23 11:18:07,015 [ERROR] LogOutputStream:75 - [STDERR_REDIRECT] 
2025-03-23 11:18:08,014 [ERROR] LogOutputStream:75 - [STDERR_REDIRECT] [Fatal Error] :1:1: Premature end of file.
2025-03-23 11:18:08,014 [ERROR] LogOutputStream:75 - [STDERR_REDIRECT] 
2025-03-23 11:18:09,013 [ERROR] LogOutputStream:75 - [STDERR_REDIRECT] [Fatal Error] :1:1: Premature end of file.
2025-03-23 11:18:09,013 [ERROR] LogOutputStream:75 - [STDERR_REDIRECT] 
2025-03-23 11:18:10,013 [ERROR] LogOutputStream:75 - [STDERR_REDIRECT] [Fatal Error] :1:1: Premature end of file.
2025-03-23 11:18:10,013 [ERROR] LogOutputStream:75 - [STDERR_REDIRECT] 
2025-03-23 11:18:11,004 [ERROR] LogOutputStream:75 - [STDERR_REDIRECT] [Fatal Error] :1:1: Premature end of file.
2025-03-23 11:18:11,004 [ERROR] LogOutputStream:75 - [STDERR_REDIRECT] 
2025-03-23 11:18:12,002 [ERROR] LogOutputStream:75 - [STDERR_REDIRECT] [Fatal Error] :1:1: Premature end of file.
2025-03-23 11:18:12,002 [ERROR] LogOutputStream:75 - [STDERR_REDIRECT] 
2025-03-23 11:18:13,011 [ERROR] LogOutputStream:75 - [STDERR_REDIRECT] [Fatal Error] :1:1: Premature end of file.
2025-03-23 11:18:13,011 [ERROR] LogOutputStream:75 - [STDERR_REDIRECT] 
2025-03-23 11:18:14,009 [ERROR] LogOutputStream:75 - [STDERR_REDIRECT] [Fatal Error] :1:1: Premature end of file.
2025-03-23 11:18:14,009 [ERROR] LogOutputStream:75 - [STDERR_REDIRECT] 
2025-03-23 11:18:15,012 [ERROR] LogOutputStream:75 - [STDERR_REDIRECT] [Fatal Error] :1:1: Premature end of file.
2025-03-23 11:18:15,012 [ERROR] LogOutputStream:75 - [STDERR_REDIRECT] 
2025-03-23 11:18:16,014 [ERROR] LogOutputStream:75 - [STDERR_REDIRECT] [Fatal Error] :1:1: Premature end of file.
2025-03-23 11:18:16,014 [ERROR] LogOutputStream:75 - [STDERR_REDIRECT] 
2025-03-23 11:18:17,013 [ERROR] LogOutputStream:75 - [STDERR_REDIRECT] [Fatal Error] :1:1: Premature end of file.
2025-03-23 11:18:17,013 [ERROR] LogOutputStream:75 - [STDERR_REDIRECT] 
2025-03-23 11:18:18,013 [ERROR] LogOutputStream:75 - [STDERR_REDIRECT] [Fatal Error] :1:1: Premature end of file.
2025-03-23 11:18:18,013 [ERROR] LogOutputStream:75 - [STDERR_REDIRECT] 
2025-03-23 11:18:19,003 [ERROR] LogOutputStream:75 - [STDERR_REDIRECT] [Fatal Error] :1:1: Premature end of file.
2025-03-23 11:18:19,003 [ERROR] LogOutputStream:75 - [STDERR_REDIRECT] 
2025-03-23 11:18:20,004 [ERROR] LogOutputStream:75 - [STDERR_REDIRECT] [Fatal Error] :1:1: Premature end of file.
2025-03-23 11:18:20,004 [ERROR] LogOutputStream:75 - [STDERR_REDIRECT] 
2025-03-23 11:18:21,004 [ERROR] LogOutputStream:75 - [STDERR_REDIRECT] [Fatal Error] :1:1: Premature end of file.
2025-03-23 11:18:21,004 [ERROR] LogOutputStream:75 - [STDERR_REDIRECT] 
2025-03-23 11:18:22,000 [ERROR] LogOutputStream:75 - [STDERR_REDIRECT] [Fatal Error] :1:1: Premature end of file.
2025-03-23 11:18:22,000 [ERROR] LogOutputStream:75 - [STDERR_REDIRECT] 
2025-03-23 11:18:23,015 [ERROR] LogOutputStream:75 - [STDERR_REDIRECT] [Fatal Error] :1:1: Premature end of file.
2025-03-23 11:18:23,015 [ERROR] LogOutputStream:75 - [STDERR_REDIRECT] 
2025-03-23 11:18:24,013 [ERROR] LogOutputStream:75 - [STDERR_REDIRECT] [Fatal Error] :1:1: Premature end of file.
2025-03-23 11:18:24,013 [ERROR] LogOutputStream:75 - [STDERR_REDIRECT] 
2025-03-23 11:18:25,012 [ERROR] LogOutputStream:75 - [STDERR_REDIRECT] [Fatal Error] :1:1: Premature end of file.
2025-03-23 11:18:25,012 [ERROR] LogOutputStream:75 - [STDERR_REDIRECT] 
2025-03-23 11:18:26,013 [ERROR] LogOutputStream:75 - [STDERR_REDIRECT] [Fatal Error] :1:1: Premature end of file.
2025-03-23 11:18:26,013 [ERROR] LogOutputStream:75 - [STDERR_REDIRECT] 
2025-03-23 11:18:26,998 [ERROR] LogOutputStream:75 - [STDERR_REDIRECT] [Fatal Error] :1:1: Premature end of file.
2025-03-23 11:18:26,998 [ERROR] LogOutputStream:75 - [STDERR_REDIRECT] 
2025-03-23 11:18:28,013 [ERROR] LogOutputStream:75 - [STDERR_REDIRECT] [Fatal Error] :1:1: Premature end of file.
2025-03-23 11:18:28,013 [ERROR] LogOutputStream:75 - [STDERR_REDIRECT] 
2025-03-23 11:18:29,007 [ERROR] LogOutputStream:75 - [STDERR_REDIRECT] [Fatal Error] :1:1: Premature end of file.
2025-03-23 11:18:29,007 [ERROR] LogOutputStream:75 - [STDERR_REDIRECT] 
2025-03-23 11:18:30,014 [ERROR] LogOutputStream:75 - [STDERR_REDIRECT] [Fatal Error] :1:1: Premature end of file.
2025-03-23 11:18:30,014 [ERROR] LogOutputStream:75 - [STDERR_REDIRECT] 
2025-03-23 11:18:31,014 [ERROR] LogOutputStream:75 - [STDERR_REDIRECT] [Fatal Error] :1:1: Premature end of file.
2025-03-23 11:18:31,014 [ERROR] LogOutputStream:75 - [STDERR_REDIRECT] 
2025-03-23 11:18:32,000 [ERROR] LogOutputStream:75 - [STDERR_REDIRECT] [Fatal Error] :1:1: Premature end of file.
2025-03-23 11:18:32,000 [ERROR] LogOutputStream:75 - [STDERR_REDIRECT] 
2025-03-23 11:18:33,009 [ERROR] LogOutputStream:75 - [STDERR_REDIRECT] [Fatal Error] :1:1: Premature end of file.
2025-03-23 11:18:33,009 [ERROR] LogOutputStream:75 - [STDERR_REDIRECT] 
2025-03-23 11:18:34,004 [ERROR] LogOutputStream:75 - [STDERR_REDIRECT] [Fatal Error] :1:1: Premature end of file.
2025-03-23 11:18:34,004 [ERROR] LogOutputStream:75 - [STDERR_REDIRECT] 
2025-03-23 11:18:35,010 [ERROR] LogOutputStream:75 - [STDERR_REDIRECT] [Fatal Error] :1:1: Premature end of file.
2025-03-23 11:18:35,010 [ERROR] LogOutputStream:75 - [STDERR_REDIRECT] 
2025-03-23 11:18:36,018 [ERROR] LogOutputStream:75 - [STDERR_REDIRECT] [Fatal Error] :1:1: Premature end of file.
2025-03-23 11:18:36,018 [ERROR] LogOutputStream:75 - [STDERR_REDIRECT] 
2025-03-23 11:18:37,015 [ERROR] LogOutputStream:75 - [STDERR_REDIRECT] [Fatal Error] :1:1: Premature end of file.
2025-03-23 11:18:37,015 [ERROR] LogOutputStream:75 - [STDERR_REDIRECT] 
2025-03-23 11:18:38,012 [ERROR] LogOutputStream:75 - [STDERR_REDIRECT] [Fatal Error] :1:1: Premature end of file.
2025-03-23 11:18:38,012 [ERROR] LogOutputStream:75 - [STDERR_REDIRECT] 
2025-03-23 11:18:39,004 [ERROR] LogOutputStream:75 - [STDERR_REDIRECT] [Fatal Error] :1:1: Premature end of file.
2025-03-23 11:18:39,004 [ERROR] LogOutputStream:75 - [STDERR_REDIRECT] 
2025-03-23 11:18:40,018 [ERROR] LogOutputStream:75 - [STDERR_REDIRECT] [Fatal Error] :1:1: Premature end of file.
2025-03-23 11:18:40,019 [ERROR] LogOutputStream:75 - [STDERR_REDIRECT] 
2025-03-23 11:18:41,019 [ERROR] LogOutputStream:75 - [STDERR_REDIRECT] [Fatal Error] :1:1: Premature end of file.
2025-03-23 11:18:41,019 [ERROR] LogOutputStream:75 - [STDERR_REDIRECT] 
2025-03-23 11:18:42,013 [ERROR] LogOutputStream:75 - [STDERR_REDIRECT] [Fatal Error] :1:1: Premature end of file.
2025-03-23 11:18:42,013 [ERROR] LogOutputStream:75 - [STDERR_REDIRECT] 
2025-03-23 11:18:43,010 [ERROR] LogOutputStream:75 - [STDERR_REDIRECT] [Fatal Error] :1:1: Premature end of file.
2025-03-23 11:18:43,010 [ERROR] LogOutputStream:75 - [STDERR_REDIRECT] 
2025-03-23 11:18:44,012 [ERROR] LogOutputStream:75 - [STDERR_REDIRECT] [Fatal Error] :1:1: Premature end of file.
2025-03-23 11:18:44,012 [ERROR] LogOutputStream:75 - [STDERR_REDIRECT] 
2025-03-23 11:18:44,998 [ERROR] LogOutputStream:75 - [STDERR_REDIRECT] [Fatal Error] :1:1: Premature end of file.
2025-03-23 11:18:44,998 [ERROR] LogOutputStream:75 - [STDERR_REDIRECT] 
2025-03-23 11:18:46,017 [ERROR] LogOutputStream:75 - [STDERR_REDIRECT] [Fatal Error] :1:1: Premature end of file.
2025-03-23 11:18:46,017 [ERROR] LogOutputStream:75 - [STDERR_REDIRECT] 
2025-03-23 11:18:47,011 [ERROR] LogOutputStream:75 - [STDERR_REDIRECT] [Fatal Error] :1:1: Premature end of file.
2025-03-23 11:18:47,011 [ERROR] LogOutputStream:75 - [STDERR_REDIRECT] 
2025-03-23 11:18:48,012 [ERROR] LogOutputStream:75 - [STDERR_REDIRECT] [Fatal Error] :1:1: Premature end of file.
2025-03-23 11:18:48,012 [ERROR] LogOutputStream:75 - [STDERR_REDIRECT] 
2025-03-23 11:18:49,002 [ERROR] LogOutputStream:75 - [STDERR_REDIRECT] [Fatal Error] :1:1: Premature end of file.
2025-03-23 11:18:49,002 [ERROR] LogOutputStream:75 - [STDERR_REDIRECT] 
2025-03-23 11:18:50,012 [ERROR] LogOutputStream:75 - [STDERR_REDIRECT] [Fatal Error] :1:1: Premature end of file.
2025-03-23 11:18:50,012 [ERROR] LogOutputStream:75 - [STDERR_REDIRECT] 
2025-03-23 11:18:51,010 [ERROR] LogOutputStream:75 - [STDERR_REDIRECT] [Fatal Error] :1:1: Premature end of file.
2025-03-23 11:18:51,010 [ERROR] LogOutputStream:75 - [STDERR_REDIRECT] 
2025-03-23 11:18:52,008 [ERROR] LogOutputStream:75 - [STDERR_REDIRECT] [Fatal Error] :1:1: Premature end of file.
2025-03-23 11:18:52,008 [ERROR] LogOutputStream:75 - [STDERR_REDIRECT] 
2025-03-23 11:18:53,003 [ERROR] LogOutputStream:75 - [STDERR_REDIRECT] [Fatal Error] :1:1: Premature end of file.
2025-03-23 11:18:53,003 [ERROR] LogOutputStream:75 - [STDERR_REDIRECT] 
2025-03-23 11:18:54,007 [ERROR] LogOutputStream:75 - [STDERR_REDIRECT] [Fatal Error] :1:1: Premature end of file.
2025-03-23 11:18:54,007 [ERROR] LogOutputStream:75 - [STDERR_REDIRECT] 
2025-03-23 11:18:55,011 [ERROR] LogOutputStream:75 - [STDERR_REDIRECT] [Fatal Error] :1:1: Premature end of file.
2025-03-23 11:18:55,011 [ERROR] LogOutputStream:75 - [STDERR_REDIRECT] 
2025-03-23 11:18:56,004 [ERROR] LogOutputStream:75 - [STDERR_REDIRECT] [Fatal Error] :1:1: Premature end of file.
2025-03-23 11:18:56,004 [ERROR] LogOutputStream:75 - [STDERR_REDIRECT] 
2025-03-23 11:18:57,015 [ERROR] LogOutputStream:75 - [STDERR_REDIRECT] [Fatal Error] :1:1: Premature end of file.
2025-03-23 11:18:57,015 [ERROR] LogOutputStream:75 - [STDERR_REDIRECT] 
2025-03-23 11:18:58,048 [ERROR] LogOutputStream:75 - [STDERR_REDIRECT] [Fatal Error] :1:1: Premature end of file.
2025-03-23 11:18:58,048 [ERROR] LogOutputStream:75 - [STDERR_REDIRECT] 
2025-03-23 11:18:59,005 [ERROR] LogOutputStream:75 - [STDERR_REDIRECT] [Fatal Error] :1:1: Premature end of file.
2025-03-23 11:18:59,005 [ERROR] LogOutputStream:75 - [STDERR_REDIRECT] 
2025-03-23 11:19:00,006 [ERROR] LogOutputStream:75 - [STDERR_REDIRECT] [Fatal Error] :1:1: Premature end of file.
2025-03-23 11:19:00,006 [ERROR] LogOutputStream:75 - [STDERR_REDIRECT] 
2025-03-23 11:19:01,009 [ERROR] LogOutputStream:75 - [STDERR_REDIRECT] [Fatal Error] :1:1: Premature end of file.
2025-03-23 11:19:01,009 [ERROR] LogOutputStream:75 - [STDERR_REDIRECT] 
2025-03-23 11:19:02,017 [ERROR] LogOutputStream:75 - [STDERR_REDIRECT] [Fatal Error] :1:1: Premature end of file.
2025-03-23 11:19:02,017 [ERROR] LogOutputStream:75 - [STDERR_REDIRECT] 
2025-03-23 11:19:03,013 [ERROR] LogOutputStream:75 - [STDERR_REDIRECT] [Fatal Error] :1:1: Premature end of file.
2025-03-23 11:19:03,014 [ERROR] LogOutputStream:75 - [STDERR_REDIRECT] 
2025-03-23 11:19:04,021 [ERROR] LogOutputStream:75 - [STDERR_REDIRECT] [Fatal Error] :1:1: Premature end of file.
2025-03-23 11:19:04,021 [ERROR] LogOutputStream:75 - [STDERR_REDIRECT] 
2025-03-23 11:19:05,006 [ERROR] LogOutputStream:75 - [STDERR_REDIRECT] [Fatal Error] :1:1: Premature end of file.
2025-03-23 11:19:05,006 [ERROR] LogOutputStream:75 - [STDERR_REDIRECT] 
2025-03-23 11:19:06,014 [ERROR] LogOutputStream:75 - [STDERR_REDIRECT] [Fatal Error] :1:1: Premature end of file.
2025-03-23 11:19:06,014 [ERROR] LogOutputStream:75 - [STDERR_REDIRECT] 
2025-03-23 11:19:07,001 [ERROR] LogOutputStream:75 - [STDERR_REDIRECT] [Fatal Error] :1:1: Premature end of file.
2025-03-23 11:19:07,001 [ERROR] LogOutputStream:75 - [STDERR_REDIRECT] 
2025-03-23 11:19:08,000 [ERROR] LogOutputStream:75 - [STDERR_REDIRECT] [Fatal Error] :1:1: Premature end of file.
2025-03-23 11:19:08,000 [ERROR] LogOutputStream:75 - [STDERR_REDIRECT] 
2025-03-23 11:19:09,000 [ERROR] LogOutputStream:75 - [STDERR_REDIRECT] [Fatal Error] :1:1: Premature end of file.
2025-03-23 11:19:09,000 [ERROR] LogOutputStream:75 - [STDERR_REDIRECT] 
2025-03-23 11:19:10,022 [ERROR] LogOutputStream:75 - [STDERR_REDIRECT] [Fatal Error] :1:1: Premature end of file.
2025-03-23 11:19:10,022 [ERROR] LogOutputStream:75 - [STDERR_REDIRECT] 
2025-03-23 11:19:11,008 [ERROR] LogOutputStream:75 - [STDERR_REDIRECT] [Fatal Error] :1:1: Premature end of file.
2025-03-23 11:19:11,008 [ERROR] LogOutputStream:75 - [STDERR_REDIRECT] 
2025-03-23 11:19:11,998 [ERROR] LogOutputStream:75 - [STDERR_REDIRECT] [Fatal Error] :1:1: Premature end of file.
2025-03-23 11:19:12,001 [ERROR] LogOutputStream:75 - [STDERR_REDIRECT] 
2025-03-23 11:19:13,003 [ERROR] LogOutputStream:75 - [STDERR_REDIRECT] [Fatal Error] :1:1: Premature end of file.
2025-03-23 11:19:13,003 [ERROR] LogOutputStream:75 - [STDERR_REDIRECT] 
2025-03-23 11:19:14,008 [ERROR] LogOutputStream:75 - [STDERR_REDIRECT] [Fatal Error] :1:1: Premature end of file.
2025-03-23 11:19:14,008 [ERROR] LogOutputStream:75 - [STDERR_REDIRECT] 
2025-03-23 11:19:15,005 [ERROR] LogOutputStream:75 - [STDERR_REDIRECT] [Fatal Error] :1:1: Premature end of file.
2025-03-23 11:19:15,005 [ERROR] LogOutputStream:75 - [STDERR_REDIRECT] 
2025-03-23 11:19:16,014 [ERROR] LogOutputStream:75 - [STDERR_REDIRECT] [Fatal Error] :1:1: Premature end of file.
2025-03-23 11:19:16,014 [ERROR] LogOutputStream:75 - [STDERR_REDIRECT] 
2025-03-23 11:19:17,014 [ERROR] LogOutputStream:75 - [STDERR_REDIRECT] [Fatal Error] :1:1: Premature end of file.
2025-03-23 11:19:17,017 [ERROR] LogOutputStream:75 - [STDERR_REDIRECT] 
2025-03-23 11:19:18,010 [ERROR] LogOutputStream:75 - [STDERR_REDIRECT] [Fatal Error] :1:1: Premature end of file.
2025-03-23 11:19:18,014 [ERROR] LogOutputStream:75 - [STDERR_REDIRECT] 
2025-03-23 11:19:19,002 [ERROR] LogOutputStream:75 - [STDERR_REDIRECT] [Fatal Error] :1:1: Premature end of file.
2025-03-23 11:19:19,002 [ERROR] LogOutputStream:75 - [STDERR_REDIRECT] 
2025-03-23 11:19:20,002 [ERROR] LogOutputStream:75 - [STDERR_REDIRECT] [Fatal Error] :1:1: Premature end of file.
2025-03-23 11:19:20,002 [ERROR] LogOutputStream:75 - [STDERR_REDIRECT] 
2025-03-23 11:19:21,005 [ERROR] LogOutputStream:75 - [STDERR_REDIRECT] [Fatal Error] :1:1: Premature end of file.
2025-03-23 11:19:21,005 [ERROR] LogOutputStream:75 - [STDERR_REDIRECT] 
2025-03-23 11:19:21,998 [ERROR] LogOutputStream:75 - [STDERR_REDIRECT] [Fatal Error] :1:1: Premature end of file.
2025-03-23 11:19:21,998 [ERROR] LogOutputStream:75 - [STDERR_REDIRECT] 
2025-03-23 11:19:23,006 [ERROR] LogOutputStream:75 - [STDERR_REDIRECT] [Fatal Error] :1:1: Premature end of file.
2025-03-23 11:19:23,006 [ERROR] LogOutputStream:75 - [STDERR_REDIRECT] 
2025-03-23 11:19:24,008 [ERROR] LogOutputStream:75 - [STDERR_REDIRECT] [Fatal Error] :1:1: Premature end of file.
2025-03-23 11:19:24,008 [ERROR] LogOutputStream:75 - [STDERR_REDIRECT] 
2025-03-23 11:19:25,014 [ERROR] LogOutputStream:75 - [STDERR_REDIRECT] [Fatal Error] :1:1: Premature end of file.
2025-03-23 11:19:25,014 [ERROR] LogOutputStream:75 - [STDERR_REDIRECT] 
2025-03-23 11:19:26,011 [ERROR] LogOutputStream:75 - [STDERR_REDIRECT] [Fatal Error] :1:1: Premature end of file.
2025-03-23 11:19:26,011 [ERROR] LogOutputStream:75 - [STDERR_REDIRECT] 
2025-03-23 11:19:27,011 [ERROR] LogOutputStream:75 - [STDERR_REDIRECT] [Fatal Error] :1:1: Premature end of file.
2025-03-23 11:19:27,011 [ERROR] LogOutputStream:75 - [STDERR_REDIRECT] 
2025-03-23 11:19:28,011 [ERROR] LogOutputStream:75 - [STDERR_REDIRECT] [Fatal Error] :1:1: Premature end of file.
2025-03-23 11:19:28,011 [ERROR] LogOutputStream:75 - [STDERR_REDIRECT] 
2025-03-23 11:19:29,013 [ERROR] LogOutputStream:75 - [STDERR_REDIRECT] [Fatal Error] :1:1: Premature end of file.
2025-03-23 11:19:29,013 [ERROR] LogOutputStream:75 - [STDERR_REDIRECT] 
2025-03-23 11:19:30,014 [ERROR] LogOutputStream:75 - [STDERR_REDIRECT] [Fatal Error] :1:1: Premature end of file.
2025-03-23 11:19:30,014 [ERROR] LogOutputStream:75 - [STDERR_REDIRECT] 
2025-03-23 11:19:31,008 [ERROR] LogOutputStream:75 - [STDERR_REDIRECT] [Fatal Error] :1:1: Premature end of file.
2025-03-23 11:19:31,008 [ERROR] LogOutputStream:75 - [STDERR_REDIRECT] 
2025-03-23 11:19:32,003 [ERROR] LogOutputStream:75 - [STDERR_REDIRECT] [Fatal Error] :1:1: Premature end of file.
2025-03-23 11:19:32,003 [ERROR] LogOutputStream:75 - [STDERR_REDIRECT] 
2025-03-23 11:19:33,009 [ERROR] LogOutputStream:75 - [STDERR_REDIRECT] [Fatal Error] :1:1: Premature end of file.
2025-03-23 11:19:33,009 [ERROR] LogOutputStream:75 - [STDERR_REDIRECT] 
2025-03-23 11:19:34,002 [ERROR] LogOutputStream:75 - [STDERR_REDIRECT] [Fatal Error] :1:1: Premature end of file.
2025-03-23 11:19:34,002 [ERROR] LogOutputStream:75 - [STDERR_REDIRECT] 
2025-03-23 11:19:35,004 [ERROR] LogOutputStream:75 - [STDERR_REDIRECT] [Fatal Error] :1:1: Premature end of file.
2025-03-23 11:19:35,004 [ERROR] LogOutputStream:75 - [STDERR_REDIRECT] 
2025-03-23 11:19:36,001 [ERROR] LogOutputStream:75 - [STDERR_REDIRECT] [Fatal Error] :1:1: Premature end of file.
2025-03-23 11:19:36,002 [ERROR] LogOutputStream:75 - [STDERR_REDIRECT] 
2025-03-23 11:19:37,006 [ERROR] LogOutputStream:75 - [STDERR_REDIRECT] [Fatal Error] :1:1: Premature end of file.
2025-03-23 11:19:37,006 [ERROR] LogOutputStream:75 - [STDERR_REDIRECT] 
2025-03-23 11:19:38,008 [ERROR] LogOutputStream:75 - [STDERR_REDIRECT] [Fatal Error] :1:1: Premature end of file.
2025-03-23 11:19:38,008 [ERROR] LogOutputStream:75 - [STDERR_REDIRECT] 
2025-03-23 11:19:39,024 [ERROR] LogOutputStream:75 - [STDERR_REDIRECT] [Fatal Error] :1:1: Premature end of file.
2025-03-23 11:19:39,024 [ERROR] LogOutputStream:75 - [STDERR_REDIRECT] 
2025-03-23 11:19:40,007 [ERROR] LogOutputStream:75 - [STDERR_REDIRECT] [Fatal Error] :1:1: Premature end of file.
2025-03-23 11:19:40,007 [ERROR] LogOutputStream:75 - [STDERR_REDIRECT] 
2025-03-23 11:19:41,012 [ERROR] LogOutputStream:75 - [STDERR_REDIRECT] [Fatal Error] :1:1: Premature end of file.
2025-03-23 11:19:41,012 [ERROR] LogOutputStream:75 - [STDERR_REDIRECT] 
2025-03-23 11:19:42,013 [ERROR] LogOutputStream:75 - [STDERR_REDIRECT] [Fatal Error] :1:1: Premature end of file.
2025-03-23 11:19:42,013 [ERROR] LogOutputStream:75 - [STDERR_REDIRECT] 
2025-03-23 11:19:43,004 [ERROR] LogOutputStream:75 - [STDERR_REDIRECT] [Fatal Error] :1:1: Premature end of file.
2025-03-23 11:19:43,004 [ERROR] LogOutputStream:75 - [STDERR_REDIRECT] 
2025-03-23 11:19:44,008 [ERROR] LogOutputStream:75 - [STDERR_REDIRECT] [Fatal Error] :1:1: Premature end of file.
2025-03-23 11:19:44,008 [ERROR] LogOutputStream:75 - [STDERR_REDIRECT] 
2025-03-23 11:19:45,004 [ERROR] LogOutputStream:75 - [STDERR_REDIRECT] [Fatal Error] :1:1: Premature end of file.
2025-03-23 11:19:45,004 [ERROR] LogOutputStream:75 - [STDERR_REDIRECT] 
2025-03-23 11:19:46,005 [ERROR] LogOutputStream:75 - [STDERR_REDIRECT] [Fatal Error] :1:1: Premature end of file.
2025-03-23 11:19:46,005 [ERROR] LogOutputStream:75 - [STDERR_REDIRECT] 
2025-03-23 11:19:47,005 [ERROR] LogOutputStream:75 - [STDERR_REDIRECT] [Fatal Error] :1:1: Premature end of file.
2025-03-23 11:19:47,005 [ERROR] LogOutputStream:75 - [STDERR_REDIRECT] 
2025-03-23 11:19:48,006 [ERROR] LogOutputStream:75 - [STDERR_REDIRECT] [Fatal Error] :1:1: Premature end of file.
2025-03-23 11:19:48,006 [ERROR] LogOutputStream:75 - [STDERR_REDIRECT] 
2025-03-23 11:19:49,004 [ERROR] LogOutputStream:75 - [STDERR_REDIRECT] [Fatal Error] :1:1: Premature end of file.
2025-03-23 11:19:49,004 [ERROR] LogOutputStream:75 - [STDERR_REDIRECT] 
2025-03-23 11:19:50,013 [ERROR] LogOutputStream:75 - [STDERR_REDIRECT] [Fatal Error] :1:1: Premature end of file.
2025-03-23 11:19:50,013 [ERROR] LogOutputStream:75 - [STDERR_REDIRECT] 
2025-03-23 11:19:51,017 [ERROR] LogOutputStream:75 - [STDERR_REDIRECT] [Fatal Error] :1:1: Premature end of file.
2025-03-23 11:19:51,017 [ERROR] LogOutputStream:75 - [STDERR_REDIRECT] 
2025-03-23 11:19:52,005 [ERROR] LogOutputStream:75 - [STDERR_REDIRECT] [Fatal Error] :1:1: Premature end of file.
2025-03-23 11:19:52,005 [ERROR] LogOutputStream:75 - [STDERR_REDIRECT] 
2025-03-23 11:19:53,016 [ERROR] LogOutputStream:75 - [STDERR_REDIRECT] [Fatal Error] :1:1: Premature end of file.
2025-03-23 11:19:53,016 [ERROR] LogOutputStream:75 - [STDERR_REDIRECT] 
2025-03-23 11:19:54,003 [ERROR] LogOutputStream:75 - [STDERR_REDIRECT] [Fatal Error] :1:1: Premature end of file.
2025-03-23 11:19:54,003 [ERROR] LogOutputStream:75 - [STDERR_REDIRECT] 
2025-03-23 11:19:55,016 [ERROR] LogOutputStream:75 - [STDERR_REDIRECT] [Fatal Error] :1:1: Premature end of file.
2025-03-23 11:19:55,016 [ERROR] LogOutputStream:75 - [STDERR_REDIRECT] 
2025-03-23 11:19:56,009 [ERROR] LogOutputStream:75 - [STDERR_REDIRECT] [Fatal Error] :1:1: Premature end of file.
2025-03-23 11:19:56,009 [ERROR] LogOutputStream:75 - [STDERR_REDIRECT] 
2025-03-23 11:19:57,016 [ERROR] LogOutputStream:75 - [STDERR_REDIRECT] [Fatal Error] :1:1: Premature end of file.
2025-03-23 11:19:57,017 [ERROR] LogOutputStream:75 - [STDERR_REDIRECT] 
2025-03-23 11:19:58,007 [ERROR] LogOutputStream:75 - [STDERR_REDIRECT] [Fatal Error] :1:1: Premature end of file.
2025-03-23 11:19:58,007 [ERROR] LogOutputStream:75 - [STDERR_REDIRECT] 
2025-03-23 11:19:59,007 [ERROR] LogOutputStream:75 - [STDERR_REDIRECT] [Fatal Error] :1:1: Premature end of file.
2025-03-23 11:19:59,007 [ERROR] LogOutputStream:75 - [STDERR_REDIRECT] 
2025-03-23 11:20:00,005 [ERROR] LogOutputStream:75 - [STDERR_REDIRECT] [Fatal Error] :1:1: Premature end of file.
2025-03-23 11:20:00,005 [ERROR] LogOutputStream:75 - [STDERR_REDIRECT] 
2025-03-23 11:20:00,996 [ERROR] LogOutputStream:75 - [STDERR_REDIRECT] [Fatal Error] :1:1: Premature end of file.
2025-03-23 11:20:00,996 [ERROR] LogOutputStream:75 - [STDERR_REDIRECT] 
2025-03-23 11:20:01,998 [ERROR] LogOutputStream:75 - [STDERR_REDIRECT] [Fatal Error] :1:1: Premature end of file.
2025-03-23 11:20:01,998 [ERROR] LogOutputStream:75 - [STDERR_REDIRECT] 
2025-03-23 11:20:03,003 [ERROR] LogOutputStream:75 - [STDERR_REDIRECT] [Fatal Error] :1:1: Premature end of file.
2025-03-23 11:20:03,003 [ERROR] LogOutputStream:75 - [STDERR_REDIRECT] 
2025-03-23 11:20:04,012 [ERROR] LogOutputStream:75 - [STDERR_REDIRECT] [Fatal Error] :1:1: Premature end of file.
2025-03-23 11:20:04,012 [ERROR] LogOutputStream:75 - [STDERR_REDIRECT] 
2025-03-23 11:20:04,996 [ERROR] LogOutputStream:75 - [STDERR_REDIRECT] [Fatal Error] :1:1: Premature end of file.
2025-03-23 11:20:04,996 [ERROR] LogOutputStream:75 - [STDERR_REDIRECT] 
2025-03-23 11:20:06,007 [ERROR] LogOutputStream:75 - [STDERR_REDIRECT] [Fatal Error] :1:1: Premature end of file.
2025-03-23 11:20:06,007 [ERROR] LogOutputStream:75 - [STDERR_REDIRECT] 
2025-03-23 11:20:07,001 [ERROR] LogOutputStream:75 - [STDERR_REDIRECT] [Fatal Error] :1:1: Premature end of file.
2025-03-23 11:20:07,001 [ERROR] LogOutputStream:75 - [STDERR_REDIRECT] 
2025-03-23 11:20:08,006 [ERROR] LogOutputStream:75 - [STDERR_REDIRECT] [Fatal Error] :1:1: Premature end of file.
2025-03-23 11:20:08,006 [ERROR] LogOutputStream:75 - [STDERR_REDIRECT] 
2025-03-23 11:20:08,999 [ERROR] LogOutputStream:75 - [STDERR_REDIRECT] [Fatal Error] :1:1: Premature end of file.
2025-03-23 11:20:08,999 [ERROR] LogOutputStream:75 - [STDERR_REDIRECT] 
2025-03-23 11:20:10,011 [ERROR] LogOutputStream:75 - [STDERR_REDIRECT] [Fatal Error] :1:1: Premature end of file.
2025-03-23 11:20:10,011 [ERROR] LogOutputStream:75 - [STDERR_REDIRECT] 
2025-03-23 11:20:11,005 [ERROR] LogOutputStream:75 - [STDERR_REDIRECT] [Fatal Error] :1:1: Premature end of file.
2025-03-23 11:20:11,005 [ERROR] LogOutputStream:75 - [STDERR_REDIRECT] 
2025-03-23 11:20:12,009 [ERROR] LogOutputStream:75 - [STDERR_REDIRECT] [Fatal Error] :1:1: Premature end of file.
2025-03-23 11:20:12,009 [ERROR] LogOutputStream:75 - [STDERR_REDIRECT] 
2025-03-23 11:20:13,007 [ERROR] LogOutputStream:75 - [STDERR_REDIRECT] [Fatal Error] :1:1: Premature end of file.
2025-03-23 11:20:13,007 [ERROR] LogOutputStream:75 - [STDERR_REDIRECT] 
2025-03-23 11:20:14,006 [ERROR] LogOutputStream:75 - [STDERR_REDIRECT] [Fatal Error] :1:1: Premature end of file.
2025-03-23 11:20:14,006 [ERROR] LogOutputStream:75 - [STDERR_REDIRECT] 
2025-03-23 11:20:15,001 [ERROR] LogOutputStream:75 - [STDERR_REDIRECT] [Fatal Error] :1:1: Premature end of file.
2025-03-23 11:20:15,001 [ERROR] LogOutputStream:75 - [STDERR_REDIRECT] 
2025-03-23 11:20:16,007 [ERROR] LogOutputStream:75 - [STDERR_REDIRECT] [Fatal Error] :1:1: Premature end of file.
2025-03-23 11:20:16,007 [ERROR] LogOutputStream:75 - [STDERR_REDIRECT] 
2025-03-23 11:20:17,018 [ERROR] LogOutputStream:75 - [STDERR_REDIRECT] [Fatal Error] :1:1: Premature end of file.
2025-03-23 11:20:17,018 [ERROR] LogOutputStream:75 - [STDERR_REDIRECT] 
2025-03-23 11:20:17,997 [ERROR] LogOutputStream:75 - [STDERR_REDIRECT] [Fatal Error] :1:1: Premature end of file.
2025-03-23 11:20:17,997 [ERROR] LogOutputStream:75 - [STDERR_REDIRECT] 
2025-03-23 11:20:19,004 [ERROR] LogOutputStream:75 - [STDERR_REDIRECT] [Fatal Error] :1:1: Premature end of file.
2025-03-23 11:20:19,004 [ERROR] LogOutputStream:75 - [STDERR_REDIRECT] 
2025-03-23 11:20:20,031 [ERROR] LogOutputStream:75 - [STDERR_REDIRECT] [Fatal Error] :1:1: Premature end of file.
2025-03-23 11:20:20,031 [ERROR] LogOutputStream:75 - [STDERR_REDIRECT] 
2025-03-23 11:20:21,008 [ERROR] LogOutputStream:75 - [STDERR_REDIRECT] [Fatal Error] :1:1: Premature end of file.
2025-03-23 11:20:21,008 [ERROR] LogOutputStream:75 - [STDERR_REDIRECT] 
2025-03-23 11:20:22,010 [ERROR] LogOutputStream:75 - [STDERR_REDIRECT] [Fatal Error] :1:1: Premature end of file.
2025-03-23 11:20:22,010 [ERROR] LogOutputStream:75 - [STDERR_REDIRECT] 
2025-03-23 11:20:23,011 [ERROR] LogOutputStream:75 - [STDERR_REDIRECT] [Fatal Error] :1:1: Premature end of file.
2025-03-23 11:20:23,011 [ERROR] LogOutputStream:75 - [STDERR_REDIRECT] 
2025-03-23 11:20:24,013 [ERROR] LogOutputStream:75 - [STDERR_REDIRECT] [Fatal Error] :1:1: Premature end of file.
2025-03-23 11:20:24,013 [ERROR] LogOutputStream:75 - [STDERR_REDIRECT] 
2025-03-23 11:20:25,005 [ERROR] LogOutputStream:75 - [STDERR_REDIRECT] [Fatal Error] :1:1: Premature end of file.
2025-03-23 11:20:25,005 [ERROR] LogOutputStream:75 - [STDERR_REDIRECT] 
2025-03-23 11:20:26,004 [ERROR] LogOutputStream:75 - [STDERR_REDIRECT] [Fatal Error] :1:1: Premature end of file.
2025-03-23 11:20:26,004 [ERROR] LogOutputStream:75 - [STDERR_REDIRECT] 
2025-03-23 11:20:27,013 [ERROR] LogOutputStream:75 - [STDERR_REDIRECT] [Fatal Error] :1:1: Premature end of file.
2025-03-23 11:20:27,013 [ERROR] LogOutputStream:75 - [STDERR_REDIRECT] 
2025-03-23 11:20:28,010 [ERROR] LogOutputStream:75 - [STDERR_REDIRECT] [Fatal Error] :1:1: Premature end of file.
2025-03-23 11:20:28,010 [ERROR] LogOutputStream:75 - [STDERR_REDIRECT] 
2025-03-23 11:20:29,006 [ERROR] LogOutputStream:75 - [STDERR_REDIRECT] [Fatal Error] :1:1: Premature end of file.
2025-03-23 11:20:29,006 [ERROR] LogOutputStream:75 - [STDERR_REDIRECT] 
2025-03-23 11:20:30,007 [ERROR] LogOutputStream:75 - [STDERR_REDIRECT] [Fatal Error] :1:1: Premature end of file.
2025-03-23 11:20:30,007 [ERROR] LogOutputStream:75 - [STDERR_REDIRECT] 
2025-03-23 11:20:31,009 [ERROR] LogOutputStream:75 - [STDERR_REDIRECT] [Fatal Error] :1:1: Premature end of file.
2025-03-23 11:20:31,009 [ERROR] LogOutputStream:75 - [STDERR_REDIRECT] 
2025-03-23 11:20:32,015 [ERROR] LogOutputStream:75 - [STDERR_REDIRECT] [Fatal Error] :1:1: Premature end of file.
2025-03-23 11:20:32,015 [ERROR] LogOutputStream:75 - [STDERR_REDIRECT] 
2025-03-23 11:20:33,006 [ERROR] LogOutputStream:75 - [STDERR_REDIRECT] [Fatal Error] :1:1: Premature end of file.
2025-03-23 11:20:33,006 [ERROR] LogOutputStream:75 - [STDERR_REDIRECT] 
2025-03-23 11:20:34,015 [ERROR] LogOutputStream:75 - [STDERR_REDIRECT] [Fatal Error] :1:1: Premature end of file.
2025-03-23 11:20:34,015 [ERROR] LogOutputStream:75 - [STDERR_REDIRECT] 
2025-03-23 11:20:34,996 [ERROR] LogOutputStream:75 - [STDERR_REDIRECT] [Fatal Error] :1:1: Premature end of file.
2025-03-23 11:20:34,996 [ERROR] LogOutputStream:75 - [STDERR_REDIRECT] 
2025-03-23 11:20:36,005 [ERROR] LogOutputStream:75 - [STDERR_REDIRECT] [Fatal Error] :1:1: Premature end of file.
2025-03-23 11:20:36,005 [ERROR] LogOutputStream:75 - [STDERR_REDIRECT] 
2025-03-23 11:20:37,011 [ERROR] LogOutputStream:75 - [STDERR_REDIRECT] [Fatal Error] :1:1: Premature end of file.
2025-03-23 11:20:37,011 [ERROR] LogOutputStream:75 - [STDERR_REDIRECT] 
2025-03-23 11:20:38,026 [ERROR] LogOutputStream:75 - [STDERR_REDIRECT] [Fatal Error] :1:1: Premature end of file.
2025-03-23 11:20:38,026 [ERROR] LogOutputStream:75 - [STDERR_REDIRECT] 
2025-03-23 11:20:39,013 [ERROR] LogOutputStream:75 - [STDERR_REDIRECT] [Fatal Error] :1:1: Premature end of file.
2025-03-23 11:20:39,013 [ERROR] LogOutputStream:75 - [STDERR_REDIRECT] 
2025-03-23 11:20:40,014 [ERROR] LogOutputStream:75 - [STDERR_REDIRECT] [Fatal Error] :1:1: Premature end of file.
2025-03-23 11:20:40,014 [ERROR] LogOutputStream:75 - [STDERR_REDIRECT] 
2025-03-23 11:20:41,024 [ERROR] LogOutputStream:75 - [STDERR_REDIRECT] [Fatal Error] :1:1: Premature end of file.
2025-03-23 11:20:41,024 [ERROR] LogOutputStream:75 - [STDERR_REDIRECT] 
2025-03-23 11:20:42,014 [ERROR] LogOutputStream:75 - [STDERR_REDIRECT] [Fatal Error] :1:1: Premature end of file.
2025-03-23 11:20:42,014 [ERROR] LogOutputStream:75 - [STDERR_REDIRECT] 
2025-03-23 11:20:43,015 [ERROR] LogOutputStream:75 - [STDERR_REDIRECT] [Fatal Error] :1:1: Premature end of file.
2025-03-23 11:20:43,015 [ERROR] LogOutputStream:75 - [STDERR_REDIRECT] 
2025-03-23 11:20:44,012 [ERROR] LogOutputStream:75 - [STDERR_REDIRECT] [Fatal Error] :1:1: Premature end of file.
2025-03-23 11:20:44,012 [ERROR] LogOutputStream:75 - [STDERR_REDIRECT] 
2025-03-23 11:20:44,993 [ERROR] LogOutputStream:75 - [STDERR_REDIRECT] [Fatal Error] :1:1: Premature end of file.
2025-03-23 11:20:44,993 [ERROR] LogOutputStream:75 - [STDERR_REDIRECT] 
2025-03-23 11:20:46,003 [ERROR] LogOutputStream:75 - [STDERR_REDIRECT] [Fatal Error] :1:1: Premature end of file.
2025-03-23 11:20:46,003 [ERROR] LogOutputStream:75 - [STDERR_REDIRECT] 
2025-03-23 11:20:47,006 [ERROR] LogOutputStream:75 - [STDERR_REDIRECT] [Fatal Error] :1:1: Premature end of file.
2025-03-23 11:20:47,006 [ERROR] LogOutputStream:75 - [STDERR_REDIRECT] 
2025-03-23 11:20:48,011 [ERROR] LogOutputStream:75 - [STDERR_REDIRECT] [Fatal Error] :1:1: Premature end of file.
2025-03-23 11:20:48,011 [ERROR] LogOutputStream:75 - [STDERR_REDIRECT] 
2025-03-23 11:20:49,015 [ERROR] LogOutputStream:75 - [STDERR_REDIRECT] [Fatal Error] :1:1: Premature end of file.
2025-03-23 11:20:49,015 [ERROR] LogOutputStream:75 - [STDERR_REDIRECT] 
2025-03-23 11:20:50,014 [ERROR] LogOutputStream:75 - [STDERR_REDIRECT] [Fatal Error] :1:1: Premature end of file.
2025-03-23 11:20:50,014 [ERROR] LogOutputStream:75 - [STDERR_REDIRECT] 
2025-03-23 11:20:51,018 [ERROR] LogOutputStream:75 - [STDERR_REDIRECT] [Fatal Error] :1:1: Premature end of file.
2025-03-23 11:20:51,018 [ERROR] LogOutputStream:75 - [STDERR_REDIRECT] 
2025-03-23 11:20:52,014 [ERROR] LogOutputStream:75 - [STDERR_REDIRECT] [Fatal Error] :1:1: Premature end of file.
2025-03-23 11:20:52,014 [ERROR] LogOutputStream:75 - [STDERR_REDIRECT] 
2025-03-23 11:20:53,004 [ERROR] LogOutputStream:75 - [STDERR_REDIRECT] [Fatal Error] :1:1: Premature end of file.
2025-03-23 11:20:53,004 [ERROR] LogOutputStream:75 - [STDERR_REDIRECT] 
2025-03-23 11:20:54,006 [ERROR] LogOutputStream:75 - [STDERR_REDIRECT] [Fatal Error] :1:1: Premature end of file.
2025-03-23 11:20:54,006 [ERROR] LogOutputStream:75 - [STDERR_REDIRECT] 
2025-03-23 11:20:55,000 [ERROR] LogOutputStream:75 - [STDERR_REDIRECT] [Fatal Error] :1:1: Premature end of file.
2025-03-23 11:20:55,000 [ERROR] LogOutputStream:75 - [STDERR_REDIRECT] 
2025-03-23 11:20:56,004 [ERROR] LogOutputStream:75 - [STDERR_REDIRECT] [Fatal Error] :1:1: Premature end of file.
2025-03-23 11:20:56,004 [ERROR] LogOutputStream:75 - [STDERR_REDIRECT] 
2025-03-23 11:20:57,013 [ERROR] LogOutputStream:75 - [STDERR_REDIRECT] [Fatal Error] :1:1: Premature end of file.
2025-03-23 11:20:57,013 [ERROR] LogOutputStream:75 - [STDERR_REDIRECT] 
2025-03-23 11:20:58,003 [ERROR] LogOutputStream:75 - [STDERR_REDIRECT] [Fatal Error] :1:1: Premature end of file.
2025-03-23 11:20:58,003 [ERROR] LogOutputStream:75 - [STDERR_REDIRECT] 
2025-03-23 11:20:59,004 [ERROR] LogOutputStream:75 - [STDERR_REDIRECT] [Fatal Error] :1:1: Premature end of file.
2025-03-23 11:20:59,004 [ERROR] LogOutputStream:75 - [STDERR_REDIRECT] 
2025-03-23 11:21:00,011 [ERROR] LogOutputStream:75 - [STDERR_REDIRECT] [Fatal Error] :1:1: Premature end of file.
2025-03-23 11:21:00,011 [ERROR] LogOutputStream:75 - [STDERR_REDIRECT] 
2025-03-23 11:21:01,008 [ERROR] LogOutputStream:75 - [STDERR_REDIRECT] [Fatal Error] :1:1: Premature end of file.
2025-03-23 11:21:01,008 [ERROR] LogOutputStream:75 - [STDERR_REDIRECT] 
2025-03-23 11:21:02,013 [ERROR] LogOutputStream:75 - [STDERR_REDIRECT] [Fatal Error] :1:1: Premature end of file.
2025-03-23 11:21:02,013 [ERROR] LogOutputStream:75 - [STDERR_REDIRECT] 
2025-03-23 11:21:03,005 [ERROR] LogOutputStream:75 - [STDERR_REDIRECT] [Fatal Error] :1:1: Premature end of file.
2025-03-23 11:21:03,005 [ERROR] LogOutputStream:75 - [STDERR_REDIRECT] 
2025-03-23 11:21:04,005 [ERROR] LogOutputStream:75 - [STDERR_REDIRECT] [Fatal Error] :1:1: Premature end of file.
2025-03-23 11:21:04,005 [ERROR] LogOutputStream:75 - [STDERR_REDIRECT] 
2025-03-23 11:21:05,007 [ERROR] LogOutputStream:75 - [STDERR_REDIRECT] [Fatal Error] :1:1: Premature end of file.
2025-03-23 11:21:05,013 [ERROR] LogOutputStream:75 - [STDERR_REDIRECT] 
2025-03-23 11:21:06,016 [ERROR] LogOutputStream:75 - [STDERR_REDIRECT] [Fatal Error] :1:1: Premature end of file.
2025-03-23 11:21:06,016 [ERROR] LogOutputStream:75 - [STDERR_REDIRECT] 
2025-03-23 11:21:07,007 [ERROR] LogOutputStream:75 - [STDERR_REDIRECT] [Fatal Error] :1:1: Premature end of file.
2025-03-23 11:21:07,007 [ERROR] LogOutputStream:75 - [STDERR_REDIRECT] 
2025-03-23 11:21:08,013 [ERROR] LogOutputStream:75 - [STDERR_REDIRECT] [Fatal Error] :1:1: Premature end of file.
2025-03-23 11:21:08,013 [ERROR] LogOutputStream:75 - [STDERR_REDIRECT] 
2025-03-23 11:21:09,016 [ERROR] LogOutputStream:75 - [STDERR_REDIRECT] [Fatal Error] :1:1: Premature end of file.
2025-03-23 11:21:09,016 [ERROR] LogOutputStream:75 - [STDERR_REDIRECT] 
2025-03-23 11:21:10,004 [ERROR] LogOutputStream:75 - [STDERR_REDIRECT] [Fatal Error] :1:1: Premature end of file.
2025-03-23 11:21:10,004 [ERROR] LogOutputStream:75 - [STDERR_REDIRECT] 
2025-03-23 11:21:11,006 [ERROR] LogOutputStream:75 - [STDERR_REDIRECT] [Fatal Error] :1:1: Premature end of file.
2025-03-23 11:21:11,006 [ERROR] LogOutputStream:75 - [STDERR_REDIRECT] 
2025-03-23 11:21:12,015 [ERROR] LogOutputStream:75 - [STDERR_REDIRECT] [Fatal Error] :1:1: Premature end of file.
2025-03-23 11:21:12,015 [ERROR] LogOutputStream:75 - [STDERR_REDIRECT] 
2025-03-23 11:21:13,005 [ERROR] LogOutputStream:75 - [STDERR_REDIRECT] [Fatal Error] :1:1: Premature end of file.
2025-03-23 11:21:13,005 [ERROR] LogOutputStream:75 - [STDERR_REDIRECT] 
2025-03-23 11:21:14,008 [ERROR] LogOutputStream:75 - [STDERR_REDIRECT] [Fatal Error] :1:1: Premature end of file.
2025-03-23 11:21:14,008 [ERROR] LogOutputStream:75 - [STDERR_REDIRECT] 
2025-03-23 11:21:14,995 [ERROR] LogOutputStream:75 - [STDERR_REDIRECT] [Fatal Error] :1:1: Premature end of file.
2025-03-23 11:21:14,995 [ERROR] LogOutputStream:75 - [STDERR_REDIRECT] 
2025-03-23 11:21:16,006 [ERROR] LogOutputStream:75 - [STDERR_REDIRECT] [Fatal Error] :1:1: Premature end of file.
2025-03-23 11:21:16,006 [ERROR] LogOutputStream:75 - [STDERR_REDIRECT] 
2025-03-23 11:21:17,012 [ERROR] LogOutputStream:75 - [STDERR_REDIRECT] [Fatal Error] :1:1: Premature end of file.
2025-03-23 11:21:17,012 [ERROR] LogOutputStream:75 - [STDERR_REDIRECT] 
2025-03-23 11:21:18,013 [ERROR] LogOutputStream:75 - [STDERR_REDIRECT] [Fatal Error] :1:1: Premature end of file.
2025-03-23 11:21:18,013 [ERROR] LogOutputStream:75 - [STDERR_REDIRECT] 
2025-03-23 11:21:18,999 [ERROR] LogOutputStream:75 - [STDERR_REDIRECT] [Fatal Error] :1:1: Premature end of file.
2025-03-23 11:21:18,999 [ERROR] LogOutputStream:75 - [STDERR_REDIRECT] 
2025-03-23 11:21:20,007 [ERROR] LogOutputStream:75 - [STDERR_REDIRECT] [Fatal Error] :1:1: Premature end of file.
2025-03-23 11:21:20,007 [ERROR] LogOutputStream:75 - [STDERR_REDIRECT] 
2025-03-23 11:21:21,011 [ERROR] LogOutputStream:75 - [STDERR_REDIRECT] [Fatal Error] :1:1: Premature end of file.
2025-03-23 11:21:21,011 [ERROR] LogOutputStream:75 - [STDERR_REDIRECT] 
2025-03-23 11:21:22,002 [ERROR] LogOutputStream:75 - [STDERR_REDIRECT] [Fatal Error] :1:1: Premature end of file.
2025-03-23 11:21:22,002 [ERROR] LogOutputStream:75 - [STDERR_REDIRECT] 
2025-03-23 11:21:23,007 [ERROR] LogOutputStream:75 - [STDERR_REDIRECT] [Fatal Error] :1:1: Premature end of file.
2025-03-23 11:21:23,007 [ERROR] LogOutputStream:75 - [STDERR_REDIRECT] 
2025-03-23 11:21:24,011 [ERROR] LogOutputStream:75 - [STDERR_REDIRECT] [Fatal Error] :1:1: Premature end of file.
2025-03-23 11:21:24,011 [ERROR] LogOutputStream:75 - [STDERR_REDIRECT] 
2025-03-23 11:21:25,002 [ERROR] LogOutputStream:75 - [STDERR_REDIRECT] [Fatal Error] :1:1: Premature end of file.
2025-03-23 11:21:25,002 [ERROR] LogOutputStream:75 - [STDERR_REDIRECT] 
2025-03-23 11:21:26,008 [ERROR] LogOutputStream:75 - [STDERR_REDIRECT] [Fatal Error] :1:1: Premature end of file.
2025-03-23 11:21:26,008 [ERROR] LogOutputStream:75 - [STDERR_REDIRECT] 
2025-03-23 11:21:27,024 [ERROR] LogOutputStream:75 - [STDERR_REDIRECT] [Fatal Error] :1:1: Premature end of file.
2025-03-23 11:21:27,024 [ERROR] LogOutputStream:75 - [STDERR_REDIRECT] 
2025-03-23 11:21:28,001 [ERROR] LogOutputStream:75 - [STDERR_REDIRECT] [Fatal Error] :1:1: Premature end of file.
2025-03-23 11:21:28,001 [ERROR] LogOutputStream:75 - [STDERR_REDIRECT] 
2025-03-23 11:21:29,008 [ERROR] LogOutputStream:75 - [STDERR_REDIRECT] [Fatal Error] :1:1: Premature end of file.
2025-03-23 11:21:29,008 [ERROR] LogOutputStream:75 - [STDERR_REDIRECT] 
2025-03-23 11:21:30,020 [ERROR] LogOutputStream:75 - [STDERR_REDIRECT] [Fatal Error] :1:1: Premature end of file.
2025-03-23 11:21:30,020 [ERROR] LogOutputStream:75 - [STDERR_REDIRECT] 
2025-03-23 11:21:31,013 [ERROR] LogOutputStream:75 - [STDERR_REDIRECT] [Fatal Error] :1:1: Premature end of file.
2025-03-23 11:21:31,013 [ERROR] LogOutputStream:75 - [STDERR_REDIRECT] 
2025-03-23 11:21:31,999 [ERROR] LogOutputStream:75 - [STDERR_REDIRECT] [Fatal Error] :1:1: Premature end of file.
2025-03-23 11:21:31,999 [ERROR] LogOutputStream:75 - [STDERR_REDIRECT] 
2025-03-23 11:21:33,008 [ERROR] LogOutputStream:75 - [STDERR_REDIRECT] [Fatal Error] :1:1: Premature end of file.
2025-03-23 11:21:33,008 [ERROR] LogOutputStream:75 - [STDERR_REDIRECT] 
2025-03-23 11:21:34,011 [ERROR] LogOutputStream:75 - [STDERR_REDIRECT] [Fatal Error] :1:1: Premature end of file.
2025-03-23 11:21:34,011 [ERROR] LogOutputStream:75 - [STDERR_REDIRECT] 
2025-03-23 11:21:35,003 [ERROR] LogOutputStream:75 - [STDERR_REDIRECT] [Fatal Error] :1:1: Premature end of file.
2025-03-23 11:21:35,003 [ERROR] LogOutputStream:75 - [STDERR_REDIRECT] 
2025-03-23 11:21:36,008 [ERROR] LogOutputStream:75 - [STDERR_REDIRECT] [Fatal Error] :1:1: Premature end of file.
2025-03-23 11:21:36,008 [ERROR] LogOutputStream:75 - [STDERR_REDIRECT] 
2025-03-23 11:21:37,012 [ERROR] LogOutputStream:75 - [STDERR_REDIRECT] [Fatal Error] :1:1: Premature end of file.
2025-03-23 11:21:37,012 [ERROR] LogOutputStream:75 - [STDERR_REDIRECT] 
2025-03-23 11:21:38,010 [ERROR] LogOutputStream:75 - [STDERR_REDIRECT] [Fatal Error] :1:1: Premature end of file.
2025-03-23 11:21:38,010 [ERROR] LogOutputStream:75 - [STDERR_REDIRECT] 
2025-03-23 11:21:39,001 [ERROR] LogOutputStream:75 - [STDERR_REDIRECT] [Fatal Error] :1:1: Premature end of file.
2025-03-23 11:21:39,001 [ERROR] LogOutputStream:75 - [STDERR_REDIRECT] 
2025-03-23 11:21:40,015 [ERROR] LogOutputStream:75 - [STDERR_REDIRECT] [Fatal Error] :1:1: Premature end of file.
2025-03-23 11:21:40,015 [ERROR] LogOutputStream:75 - [STDERR_REDIRECT] 
2025-03-23 11:21:41,007 [ERROR] LogOutputStream:75 - [STDERR_REDIRECT] [Fatal Error] :1:1: Premature end of file.
2025-03-23 11:21:41,007 [ERROR] LogOutputStream:75 - [STDERR_REDIRECT] 
2025-03-23 11:21:42,003 [ERROR] LogOutputStream:75 - [STDERR_REDIRECT] [Fatal Error] :1:1: Premature end of file.
2025-03-23 11:21:42,003 [ERROR] LogOutputStream:75 - [STDERR_REDIRECT] 
2025-03-23 11:21:43,017 [ERROR] LogOutputStream:75 - [STDERR_REDIRECT] [Fatal Error] :1:1: Premature end of file.
2025-03-23 11:21:43,018 [ERROR] LogOutputStream:75 - [STDERR_REDIRECT] 
2025-03-23 11:21:44,003 [ERROR] LogOutputStream:75 - [STDERR_REDIRECT] [Fatal Error] :1:1: Premature end of file.
2025-03-23 11:21:44,003 [ERROR] LogOutputStream:75 - [STDERR_REDIRECT] 
2025-03-23 11:21:45,002 [ERROR] LogOutputStream:75 - [STDERR_REDIRECT] [Fatal Error] :1:1: Premature end of file.
2025-03-23 11:21:45,002 [ERROR] LogOutputStream:75 - [STDERR_REDIRECT] 
2025-03-23 11:21:46,003 [ERROR] LogOutputStream:75 - [STDERR_REDIRECT] [Fatal Error] :1:1: Premature end of file.
2025-03-23 11:21:46,003 [ERROR] LogOutputStream:75 - [STDERR_REDIRECT] 
2025-03-23 11:21:47,002 [ERROR] LogOutputStream:75 - [STDERR_REDIRECT] [Fatal Error] :1:1: Premature end of file.
2025-03-23 11:21:47,003 [ERROR] LogOutputStream:75 - [STDERR_REDIRECT] 
2025-03-23 11:21:48,001 [ERROR] LogOutputStream:75 - [STDERR_REDIRECT] [Fatal Error] :1:1: Premature end of file.
2025-03-23 11:21:48,001 [ERROR] LogOutputStream:75 - [STDERR_REDIRECT] 
2025-03-23 11:21:49,014 [ERROR] LogOutputStream:75 - [STDERR_REDIRECT] [Fatal Error] :1:1: Premature end of file.
2025-03-23 11:21:49,014 [ERROR] LogOutputStream:75 - [STDERR_REDIRECT] 
2025-03-23 11:21:50,006 [ERROR] LogOutputStream:75 - [STDERR_REDIRECT] [Fatal Error] :1:1: Premature end of file.
2025-03-23 11:21:50,006 [ERROR] LogOutputStream:75 - [STDERR_REDIRECT] 
2025-03-23 11:21:50,999 [ERROR] LogOutputStream:75 - [STDERR_REDIRECT] [Fatal Error] :1:1: Premature end of file.
2025-03-23 11:21:51,003 [ERROR] LogOutputStream:75 - [STDERR_REDIRECT] 
2025-03-23 11:21:52,013 [ERROR] LogOutputStream:75 - [STDERR_REDIRECT] [Fatal Error] :1:1: Premature end of file.
2025-03-23 11:21:52,013 [ERROR] LogOutputStream:75 - [STDERR_REDIRECT] 
2025-03-23 11:21:53,008 [ERROR] LogOutputStream:75 - [STDERR_REDIRECT] [Fatal Error] :1:1: Premature end of file.
2025-03-23 11:21:53,008 [ERROR] LogOutputStream:75 - [STDERR_REDIRECT] 
2025-03-23 11:21:54,008 [ERROR] LogOutputStream:75 - [STDERR_REDIRECT] [Fatal Error] :1:1: Premature end of file.
2025-03-23 11:21:54,008 [ERROR] LogOutputStream:75 - [STDERR_REDIRECT] 
2025-03-23 11:21:55,005 [ERROR] LogOutputStream:75 - [STDERR_REDIRECT] [Fatal Error] :1:1: Premature end of file.
2025-03-23 11:21:55,005 [ERROR] LogOutputStream:75 - [STDERR_REDIRECT] 
2025-03-23 11:21:56,015 [ERROR] LogOutputStream:75 - [STDERR_REDIRECT] [Fatal Error] :1:1: Premature end of file.
2025-03-23 11:21:56,015 [ERROR] LogOutputStream:75 - [STDERR_REDIRECT] 
2025-03-23 11:21:57,003 [ERROR] LogOutputStream:75 - [STDERR_REDIRECT] [Fatal Error] :1:1: Premature end of file.
2025-03-23 11:21:57,003 [ERROR] LogOutputStream:75 - [STDERR_REDIRECT] 
2025-03-23 11:21:58,008 [ERROR] LogOutputStream:75 - [STDERR_REDIRECT] [Fatal Error] :1:1: Premature end of file.
2025-03-23 11:21:58,008 [ERROR] LogOutputStream:75 - [STDERR_REDIRECT] 
2025-03-23 11:21:59,009 [ERROR] LogOutputStream:75 - [STDERR_REDIRECT] [Fatal Error] :1:1: Premature end of file.
2025-03-23 11:21:59,009 [ERROR] LogOutputStream:75 - [STDERR_REDIRECT] 
2025-03-23 11:22:00,002 [ERROR] LogOutputStream:75 - [STDERR_REDIRECT] [Fatal Error] :1:1: Premature end of file.
2025-03-23 11:22:00,002 [ERROR] LogOutputStream:75 - [STDERR_REDIRECT] 
2025-03-23 11:22:01,010 [ERROR] LogOutputStream:75 - [STDERR_REDIRECT] [Fatal Error] :1:1: Premature end of file.
2025-03-23 11:22:01,010 [ERROR] LogOutputStream:75 - [STDERR_REDIRECT] 
2025-03-23 11:22:02,023 [ERROR] LogOutputStream:75 - [STDERR_REDIRECT] [Fatal Error] :1:1: Premature end of file.
2025-03-23 11:22:02,023 [ERROR] LogOutputStream:75 - [STDERR_REDIRECT] 
2025-03-23 11:22:02,997 [ERROR] LogOutputStream:75 - [STDERR_REDIRECT] [Fatal Error] :1:1: Premature end of file.
2025-03-23 11:22:02,997 [ERROR] LogOutputStream:75 - [STDERR_REDIRECT] 
2025-03-23 11:22:04,012 [ERROR] LogOutputStream:75 - [STDERR_REDIRECT] [Fatal Error] :1:1: Premature end of file.
2025-03-23 11:22:04,012 [ERROR] LogOutputStream:75 - [STDERR_REDIRECT] 
2025-03-23 11:22:05,011 [ERROR] LogOutputStream:75 - [STDERR_REDIRECT] [Fatal Error] :1:1: Premature end of file.
2025-03-23 11:22:05,011 [ERROR] LogOutputStream:75 - [STDERR_REDIRECT] 
2025-03-23 11:22:06,002 [ERROR] LogOutputStream:75 - [STDERR_REDIRECT] [Fatal Error] :1:1: Premature end of file.
2025-03-23 11:22:06,002 [ERROR] LogOutputStream:75 - [STDERR_REDIRECT] 
2025-03-23 11:22:07,014 [ERROR] LogOutputStream:75 - [STDERR_REDIRECT] [Fatal Error] :1:1: Premature end of file.
2025-03-23 11:22:07,014 [ERROR] LogOutputStream:75 - [STDERR_REDIRECT] 
2025-03-23 11:22:08,015 [ERROR] LogOutputStream:75 - [STDERR_REDIRECT] [Fatal Error] :1:1: Premature end of file.
2025-03-23 11:22:08,015 [ERROR] LogOutputStream:75 - [STDERR_REDIRECT] 
2025-03-23 11:22:09,004 [ERROR] LogOutputStream:75 - [STDERR_REDIRECT] [Fatal Error] :1:1: Premature end of file.
2025-03-23 11:22:09,004 [ERROR] LogOutputStream:75 - [STDERR_REDIRECT] 
2025-03-23 11:22:10,003 [ERROR] LogOutputStream:75 - [STDERR_REDIRECT] [Fatal Error] :1:1: Premature end of file.
2025-03-23 11:22:10,003 [ERROR] LogOutputStream:75 - [STDERR_REDIRECT] 
2025-03-23 11:22:11,004 [ERROR] LogOutputStream:75 - [STDERR_REDIRECT] [Fatal Error] :1:1: Premature end of file.
2025-03-23 11:22:11,004 [ERROR] LogOutputStream:75 - [STDERR_REDIRECT] 
2025-03-23 11:22:12,002 [ERROR] LogOutputStream:75 - [STDERR_REDIRECT] [Fatal Error] :1:1: Premature end of file.
2025-03-23 11:22:12,002 [ERROR] LogOutputStream:75 - [STDERR_REDIRECT] 
2025-03-23 11:22:13,007 [ERROR] LogOutputStream:75 - [STDERR_REDIRECT] [Fatal Error] :1:1: Premature end of file.
2025-03-23 11:22:13,007 [ERROR] LogOutputStream:75 - [STDERR_REDIRECT] 
2025-03-23 11:22:13,995 [ERROR] LogOutputStream:75 - [STDERR_REDIRECT] [Fatal Error] :1:1: Premature end of file.
2025-03-23 11:22:13,995 [ERROR] LogOutputStream:75 - [STDERR_REDIRECT] 
2025-03-23 11:22:15,013 [ERROR] LogOutputStream:75 - [STDERR_REDIRECT] [Fatal Error] :1:1: Premature end of file.
2025-03-23 11:22:15,013 [ERROR] LogOutputStream:75 - [STDERR_REDIRECT] 
2025-03-23 11:22:16,010 [ERROR] LogOutputStream:75 - [STDERR_REDIRECT] [Fatal Error] :1:1: Premature end of file.
2025-03-23 11:22:16,010 [ERROR] LogOutputStream:75 - [STDERR_REDIRECT] 
2025-03-23 11:22:17,000 [ERROR] LogOutputStream:75 - [STDERR_REDIRECT] [Fatal Error] :1:1: Premature end of file.
2025-03-23 11:22:17,000 [ERROR] LogOutputStream:75 - [STDERR_REDIRECT] 
2025-03-23 11:22:18,006 [ERROR] LogOutputStream:75 - [STDERR_REDIRECT] [Fatal Error] :1:1: Premature end of file.
2025-03-23 11:22:18,006 [ERROR] LogOutputStream:75 - [STDERR_REDIRECT] 
2025-03-23 11:22:19,017 [ERROR] LogOutputStream:75 - [STDERR_REDIRECT] [Fatal Error] :1:1: Premature end of file.
2025-03-23 11:22:19,017 [ERROR] LogOutputStream:75 - [STDERR_REDIRECT] 
2025-03-23 11:22:20,003 [ERROR] LogOutputStream:75 - [STDERR_REDIRECT] [Fatal Error] :1:1: Premature end of file.
2025-03-23 11:22:20,003 [ERROR] LogOutputStream:75 - [STDERR_REDIRECT] 
2025-03-23 11:22:21,011 [ERROR] LogOutputStream:75 - [STDERR_REDIRECT] [Fatal Error] :1:1: Premature end of file.
2025-03-23 11:22:21,011 [ERROR] LogOutputStream:75 - [STDERR_REDIRECT] 
2025-03-23 11:22:22,007 [ERROR] LogOutputStream:75 - [STDERR_REDIRECT] [Fatal Error] :1:1: Premature end of file.
2025-03-23 11:22:22,016 [ERROR] LogOutputStream:75 - [STDERR_REDIRECT] 
2025-03-23 11:22:23,004 [ERROR] LogOutputStream:75 - [STDERR_REDIRECT] [Fatal Error] :1:1: Premature end of file.
2025-03-23 11:22:23,004 [ERROR] LogOutputStream:75 - [STDERR_REDIRECT] 
2025-03-23 11:22:24,008 [ERROR] LogOutputStream:75 - [STDERR_REDIRECT] [Fatal Error] :1:1: Premature end of file.
2025-03-23 11:22:24,008 [ERROR] LogOutputStream:75 - [STDERR_REDIRECT] 
2025-03-23 11:22:25,019 [ERROR] LogOutputStream:75 - [STDERR_REDIRECT] [Fatal Error] :1:1: Premature end of file.
2025-03-23 11:22:25,019 [ERROR] LogOutputStream:75 - [STDERR_REDIRECT] 
2025-03-23 11:22:26,002 [ERROR] LogOutputStream:75 - [STDERR_REDIRECT] [Fatal Error] :1:1: Premature end of file.
2025-03-23 11:22:26,003 [ERROR] LogOutputStream:75 - [STDERR_REDIRECT] 
2025-03-23 11:22:27,015 [ERROR] LogOutputStream:75 - [STDERR_REDIRECT] [Fatal Error] :1:1: Premature end of file.
2025-03-23 11:22:27,015 [ERROR] LogOutputStream:75 - [STDERR_REDIRECT] 
2025-03-23 11:22:27,996 [ERROR] LogOutputStream:75 - [STDERR_REDIRECT] [Fatal Error] :1:1: Premature end of file.
2025-03-23 11:22:27,996 [ERROR] LogOutputStream:75 - [STDERR_REDIRECT] 
2025-03-23 11:22:29,008 [ERROR] LogOutputStream:75 - [STDERR_REDIRECT] [Fatal Error] :1:1: Premature end of file.
2025-03-23 11:22:29,008 [ERROR] LogOutputStream:75 - [STDERR_REDIRECT] 
2025-03-23 11:22:30,015 [ERROR] LogOutputStream:75 - [STDERR_REDIRECT] [Fatal Error] :1:1: Premature end of file.
2025-03-23 11:22:30,015 [ERROR] LogOutputStream:75 - [STDERR_REDIRECT] 
2025-03-23 11:22:31,003 [ERROR] LogOutputStream:75 - [STDERR_REDIRECT] [Fatal Error] :1:1: Premature end of file.
2025-03-23 11:22:31,003 [ERROR] LogOutputStream:75 - [STDERR_REDIRECT] 
2025-03-23 11:22:32,000 [ERROR] LogOutputStream:75 - [STDERR_REDIRECT] [Fatal Error] :1:1: Premature end of file.
2025-03-23 11:22:32,000 [ERROR] LogOutputStream:75 - [STDERR_REDIRECT] 
2025-03-23 11:22:33,013 [ERROR] LogOutputStream:75 - [STDERR_REDIRECT] [Fatal Error] :1:1: Premature end of file.
2025-03-23 11:22:33,013 [ERROR] LogOutputStream:75 - [STDERR_REDIRECT] 
2025-03-23 11:22:34,007 [ERROR] LogOutputStream:75 - [STDERR_REDIRECT] [Fatal Error] :1:1: Premature end of file.
2025-03-23 11:22:34,007 [ERROR] LogOutputStream:75 - [STDERR_REDIRECT] 
2025-03-23 11:22:35,017 [ERROR] LogOutputStream:75 - [STDERR_REDIRECT] [Fatal Error] :1:1: Premature end of file.
2025-03-23 11:22:35,017 [ERROR] LogOutputStream:75 - [STDERR_REDIRECT] 
2025-03-23 11:22:36,001 [ERROR] LogOutputStream:75 - [STDERR_REDIRECT] [Fatal Error] :1:1: Premature end of file.
2025-03-23 11:22:36,001 [ERROR] LogOutputStream:75 - [STDERR_REDIRECT] 
2025-03-23 11:22:37,019 [ERROR] LogOutputStream:75 - [STDERR_REDIRECT] [Fatal Error] :1:1: Premature end of file.
2025-03-23 11:22:37,019 [ERROR] LogOutputStream:75 - [STDERR_REDIRECT] 
2025-03-23 11:22:38,007 [ERROR] LogOutputStream:75 - [STDERR_REDIRECT] [Fatal Error] :1:1: Premature end of file.
2025-03-23 11:22:38,007 [ERROR] LogOutputStream:75 - [STDERR_REDIRECT] 
2025-03-23 11:22:39,016 [ERROR] LogOutputStream:75 - [STDERR_REDIRECT] [Fatal Error] :1:1: Premature end of file.
2025-03-23 11:22:39,016 [ERROR] LogOutputStream:75 - [STDERR_REDIRECT] 
2025-03-23 11:22:40,016 [ERROR] LogOutputStream:75 - [STDERR_REDIRECT] [Fatal Error] :1:1: Premature end of file.
2025-03-23 11:22:40,016 [ERROR] LogOutputStream:75 - [STDERR_REDIRECT] 
2025-03-23 11:22:41,025 [ERROR] LogOutputStream:75 - [STDERR_REDIRECT] [Fatal Error] :1:1: Premature end of file.
2025-03-23 11:22:41,025 [ERROR] LogOutputStream:75 - [STDERR_REDIRECT] 
2025-03-23 11:22:42,001 [ERROR] LogOutputStream:75 - [STDERR_REDIRECT] [Fatal Error] :1:1: Premature end of file.
2025-03-23 11:22:42,001 [ERROR] LogOutputStream:75 - [STDERR_REDIRECT] 
2025-03-23 11:22:43,003 [ERROR] LogOutputStream:75 - [STDERR_REDIRECT] [Fatal Error] :1:1: Premature end of file.
2025-03-23 11:22:43,003 [ERROR] LogOutputStream:75 - [STDERR_REDIRECT] 
2025-03-23 11:22:44,008 [ERROR] LogOutputStream:75 - [STDERR_REDIRECT] [Fatal Error] :1:1: Premature end of file.
2025-03-23 11:22:44,008 [ERROR] LogOutputStream:75 - [STDERR_REDIRECT] 
2025-03-23 11:22:45,008 [ERROR] LogOutputStream:75 - [STDERR_REDIRECT] [Fatal Error] :1:1: Premature end of file.
2025-03-23 11:22:45,008 [ERROR] LogOutputStream:75 - [STDERR_REDIRECT] 
2025-03-23 11:22:46,010 [ERROR] LogOutputStream:75 - [STDERR_REDIRECT] [Fatal Error] :1:1: Premature end of file.
2025-03-23 11:22:46,010 [ERROR] LogOutputStream:75 - [STDERR_REDIRECT] 
2025-03-23 11:22:47,017 [ERROR] LogOutputStream:75 - [STDERR_REDIRECT] [Fatal Error] :1:1: Premature end of file.
2025-03-23 11:22:47,017 [ERROR] LogOutputStream:75 - [STDERR_REDIRECT] 
2025-03-23 11:22:48,017 [ERROR] LogOutputStream:75 - [STDERR_REDIRECT] [Fatal Error] :1:1: Premature end of file.
2025-03-23 11:22:48,017 [ERROR] LogOutputStream:75 - [STDERR_REDIRECT] 
2025-03-23 11:22:49,001 [ERROR] LogOutputStream:75 - [STDERR_REDIRECT] [Fatal Error] :1:1: Premature end of file.
2025-03-23 11:22:49,001 [ERROR] LogOutputStream:75 - [STDERR_REDIRECT] 
2025-03-23 11:22:50,007 [ERROR] LogOutputStream:75 - [STDERR_REDIRECT] [Fatal Error] :1:1: Premature end of file.
2025-03-23 11:22:50,007 [ERROR] LogOutputStream:75 - [STDERR_REDIRECT] 
2025-03-23 11:22:51,011 [ERROR] LogOutputStream:75 - [STDERR_REDIRECT] [Fatal Error] :1:1: Premature end of file.
2025-03-23 11:22:51,011 [ERROR] LogOutputStream:75 - [STDERR_REDIRECT] 
2025-03-23 11:22:52,006 [ERROR] LogOutputStream:75 - [STDERR_REDIRECT] [Fatal Error] :1:1: Premature end of file.
2025-03-23 11:22:52,006 [ERROR] LogOutputStream:75 - [STDERR_REDIRECT] 
2025-03-23 11:22:53,010 [ERROR] LogOutputStream:75 - [STDERR_REDIRECT] [Fatal Error] :1:1: Premature end of file.
2025-03-23 11:22:53,010 [ERROR] LogOutputStream:75 - [STDERR_REDIRECT] 
2025-03-23 11:22:54,014 [ERROR] LogOutputStream:75 - [STDERR_REDIRECT] [Fatal Error] :1:1: Premature end of file.
2025-03-23 11:22:54,014 [ERROR] LogOutputStream:75 - [STDERR_REDIRECT] 
2025-03-23 11:22:55,013 [ERROR] LogOutputStream:75 - [STDERR_REDIRECT] [Fatal Error] :1:1: Premature end of file.
2025-03-23 11:22:55,013 [ERROR] LogOutputStream:75 - [STDERR_REDIRECT] 
2025-03-23 11:22:56,000 [ERROR] LogOutputStream:75 - [STDERR_REDIRECT] [Fatal Error] :1:1: Premature end of file.
2025-03-23 11:22:56,000 [ERROR] LogOutputStream:75 - [STDERR_REDIRECT] 
2025-03-23 11:22:57,006 [ERROR] LogOutputStream:75 - [STDERR_REDIRECT] [Fatal Error] :1:1: Premature end of file.
2025-03-23 11:22:57,006 [ERROR] LogOutputStream:75 - [STDERR_REDIRECT] 
2025-03-23 11:22:58,018 [ERROR] LogOutputStream:75 - [STDERR_REDIRECT] [Fatal Error] :1:1: Premature end of file.
2025-03-23 11:22:58,018 [ERROR] LogOutputStream:75 - [STDERR_REDIRECT] 
2025-03-23 11:22:59,003 [ERROR] LogOutputStream:75 - [STDERR_REDIRECT] [Fatal Error] :1:1: Premature end of file.
2025-03-23 11:22:59,003 [ERROR] LogOutputStream:75 - [STDERR_REDIRECT] 
2025-03-23 11:23:00,019 [ERROR] LogOutputStream:75 - [STDERR_REDIRECT] [Fatal Error] :1:1: Premature end of file.
2025-03-23 11:23:00,019 [ERROR] LogOutputStream:75 - [STDERR_REDIRECT] 
2025-03-23 11:23:01,004 [ERROR] LogOutputStream:75 - [STDERR_REDIRECT] [Fatal Error] :1:1: Premature end of file.
2025-03-23 11:23:01,004 [ERROR] LogOutputStream:75 - [STDERR_REDIRECT] 
2025-03-23 11:23:02,016 [ERROR] LogOutputStream:75 - [STDERR_REDIRECT] [Fatal Error] :1:1: Premature end of file.
2025-03-23 11:23:02,016 [ERROR] LogOutputStream:75 - [STDERR_REDIRECT] 
2025-03-23 11:23:03,013 [ERROR] LogOutputStream:75 - [STDERR_REDIRECT] [Fatal Error] :1:1: Premature end of file.
2025-03-23 11:23:03,013 [ERROR] LogOutputStream:75 - [STDERR_REDIRECT] 
2025-03-23 11:23:04,014 [ERROR] LogOutputStream:75 - [STDERR_REDIRECT] [Fatal Error] :1:1: Premature end of file.
2025-03-23 11:23:04,014 [ERROR] LogOutputStream:75 - [STDERR_REDIRECT] 
2025-03-23 11:23:05,015 [ERROR] LogOutputStream:75 - [STDERR_REDIRECT] [Fatal Error] :1:1: Premature end of file.
2025-03-23 11:23:05,015 [ERROR] LogOutputStream:75 - [STDERR_REDIRECT] 
2025-03-23 11:23:06,004 [ERROR] LogOutputStream:75 - [STDERR_REDIRECT] [Fatal Error] :1:1: Premature end of file.
2025-03-23 11:23:06,004 [ERROR] LogOutputStream:75 - [STDERR_REDIRECT] 
2025-03-23 11:23:07,000 [ERROR] LogOutputStream:75 - [STDERR_REDIRECT] [Fatal Error] :1:1: Premature end of file.
2025-03-23 11:23:07,000 [ERROR] LogOutputStream:75 - [STDERR_REDIRECT] 
2025-03-23 11:23:08,014 [ERROR] LogOutputStream:75 - [STDERR_REDIRECT] [Fatal Error] :1:1: Premature end of file.
2025-03-23 11:23:08,014 [ERROR] LogOutputStream:75 - [STDERR_REDIRECT] 
2025-03-23 11:23:09,013 [ERROR] LogOutputStream:75 - [STDERR_REDIRECT] [Fatal Error] :1:1: Premature end of file.
2025-03-23 11:23:09,013 [ERROR] LogOutputStream:75 - [STDERR_REDIRECT] 
2025-03-23 11:23:10,022 [ERROR] LogOutputStream:75 - [STDERR_REDIRECT] [Fatal Error] :1:1: Premature end of file.
2025-03-23 11:23:10,022 [ERROR] LogOutputStream:75 - [STDERR_REDIRECT] 
2025-03-23 11:23:11,010 [ERROR] LogOutputStream:75 - [STDERR_REDIRECT] [Fatal Error] :1:1: Premature end of file.
2025-03-23 11:23:11,010 [ERROR] LogOutputStream:75 - [STDERR_REDIRECT] 
2025-03-23 11:23:12,003 [ERROR] LogOutputStream:75 - [STDERR_REDIRECT] [Fatal Error] :1:1: Premature end of file.
2025-03-23 11:23:12,003 [ERROR] LogOutputStream:75 - [STDERR_REDIRECT] 
2025-03-23 11:23:13,009 [ERROR] LogOutputStream:75 - [STDERR_REDIRECT] [Fatal Error] :1:1: Premature end of file.
2025-03-23 11:23:13,009 [ERROR] LogOutputStream:75 - [STDERR_REDIRECT] 
2025-03-23 11:23:14,006 [ERROR] LogOutputStream:75 - [STDERR_REDIRECT] [Fatal Error] :1:1: Premature end of file.
2025-03-23 11:23:14,006 [ERROR] LogOutputStream:75 - [STDERR_REDIRECT] 
2025-03-23 11:23:15,007 [ERROR] LogOutputStream:75 - [STDERR_REDIRECT] [Fatal Error] :1:1: Premature end of file.
2025-03-23 11:23:15,008 [ERROR] LogOutputStream:75 - [STDERR_REDIRECT] 
2025-03-23 11:23:16,019 [ERROR] LogOutputStream:75 - [STDERR_REDIRECT] [Fatal Error] :1:1: Premature end of file.
2025-03-23 11:23:16,019 [ERROR] LogOutputStream:75 - [STDERR_REDIRECT] 
2025-03-23 11:23:17,009 [ERROR] LogOutputStream:75 - [STDERR_REDIRECT] [Fatal Error] :1:1: Premature end of file.
2025-03-23 11:23:17,009 [ERROR] LogOutputStream:75 - [STDERR_REDIRECT] 
2025-03-23 11:23:18,014 [ERROR] LogOutputStream:75 - [STDERR_REDIRECT] [Fatal Error] :1:1: Premature end of file.
2025-03-23 11:23:18,014 [ERROR] LogOutputStream:75 - [STDERR_REDIRECT] 
2025-03-23 11:23:19,014 [ERROR] LogOutputStream:75 - [STDERR_REDIRECT] [Fatal Error] :1:1: Premature end of file.
2025-03-23 11:23:19,014 [ERROR] LogOutputStream:75 - [STDERR_REDIRECT] 
2025-03-23 11:23:20,016 [ERROR] LogOutputStream:75 - [STDERR_REDIRECT] [Fatal Error] :1:1: Premature end of file.
2025-03-23 11:23:20,016 [ERROR] LogOutputStream:75 - [STDERR_REDIRECT] 
2025-03-23 11:23:21,010 [ERROR] LogOutputStream:75 - [STDERR_REDIRECT] [Fatal Error] :1:1: Premature end of file.
2025-03-23 11:23:21,010 [ERROR] LogOutputStream:75 - [STDERR_REDIRECT] 
2025-03-23 11:23:22,005 [ERROR] LogOutputStream:75 - [STDERR_REDIRECT] [Fatal Error] :1:1: Premature end of file.
2025-03-23 11:23:22,009 [ERROR] LogOutputStream:75 - [STDERR_REDIRECT] 
2025-03-23 11:23:23,010 [ERROR] LogOutputStream:75 - [STDERR_REDIRECT] [Fatal Error] :1:1: Premature end of file.
2025-03-23 11:23:23,012 [ERROR] LogOutputStream:75 - [STDERR_REDIRECT] 
2025-03-23 11:23:24,027 [ERROR] LogOutputStream:75 - [STDERR_REDIRECT] [Fatal Error] :1:1: Premature end of file.
2025-03-23 11:23:24,027 [ERROR] LogOutputStream:75 - [STDERR_REDIRECT] 
2025-03-23 11:23:25,012 [ERROR] LogOutputStream:75 - [STDERR_REDIRECT] [Fatal Error] :1:1: Premature end of file.
2025-03-23 11:23:25,012 [ERROR] LogOutputStream:75 - [STDERR_REDIRECT] 
2025-03-23 11:23:26,005 [ERROR] LogOutputStream:75 - [STDERR_REDIRECT] [Fatal Error] :1:1: Premature end of file.
2025-03-23 11:23:26,005 [ERROR] LogOutputStream:75 - [STDERR_REDIRECT] 
2025-03-23 11:23:27,008 [ERROR] LogOutputStream:75 - [STDERR_REDIRECT] [Fatal Error] :1:1: Premature end of file.
2025-03-23 11:23:27,009 [ERROR] LogOutputStream:75 - [STDERR_REDIRECT] 
2025-03-23 11:23:28,000 [ERROR] LogOutputStream:75 - [STDERR_REDIRECT] [Fatal Error] :1:1: Premature end of file.
2025-03-23 11:23:28,000 [ERROR] LogOutputStream:75 - [STDERR_REDIRECT] 
2025-03-23 11:23:29,000 [ERROR] LogOutputStream:75 - [STDERR_REDIRECT] [Fatal Error] :1:1: Premature end of file.
2025-03-23 11:23:29,000 [ERROR] LogOutputStream:75 - [STDERR_REDIRECT] 
2025-03-23 11:23:30,002 [ERROR] LogOutputStream:75 - [STDERR_REDIRECT] [Fatal Error] :1:1: Premature end of file.
2025-03-23 11:23:30,002 [ERROR] LogOutputStream:75 - [STDERR_REDIRECT] 
2025-03-23 11:23:31,001 [ERROR] LogOutputStream:75 - [STDERR_REDIRECT] [Fatal Error] :1:1: Premature end of file.
2025-03-23 11:23:31,007 [ERROR] LogOutputStream:75 - [STDERR_REDIRECT] 
2025-03-23 11:23:32,008 [ERROR] LogOutputStream:75 - [STDERR_REDIRECT] [Fatal Error] :1:1: Premature end of file.
2025-03-23 11:23:32,008 [ERROR] LogOutputStream:75 - [STDERR_REDIRECT] 
2025-03-23 11:23:33,006 [ERROR] LogOutputStream:75 - [STDERR_REDIRECT] [Fatal Error] :1:1: Premature end of file.
2025-03-23 11:23:33,006 [ERROR] LogOutputStream:75 - [STDERR_REDIRECT] 
2025-03-23 11:23:34,004 [ERROR] LogOutputStream:75 - [STDERR_REDIRECT] [Fatal Error] :1:1: Premature end of file.
2025-03-23 11:23:34,008 [ERROR] LogOutputStream:75 - [STDERR_REDIRECT] 
2025-03-23 11:23:35,002 [ERROR] LogOutputStream:75 - [STDERR_REDIRECT] [Fatal Error] :1:1: Premature end of file.
2025-03-23 11:23:35,002 [ERROR] LogOutputStream:75 - [STDERR_REDIRECT] 
2025-03-23 11:23:36,010 [ERROR] LogOutputStream:75 - [STDERR_REDIRECT] [Fatal Error] :1:1: Premature end of file.
2025-03-23 11:23:36,010 [ERROR] LogOutputStream:75 - [STDERR_REDIRECT] 
2025-03-23 11:23:37,005 [ERROR] LogOutputStream:75 - [STDERR_REDIRECT] [Fatal Error] :1:1: Premature end of file.
2025-03-23 11:23:37,005 [ERROR] LogOutputStream:75 - [STDERR_REDIRECT] 
2025-03-23 11:23:38,001 [ERROR] LogOutputStream:75 - [STDERR_REDIRECT] [Fatal Error] :1:1: Premature end of file.
2025-03-23 11:23:38,001 [ERROR] LogOutputStream:75 - [STDERR_REDIRECT] 
2025-03-23 11:23:39,002 [ERROR] LogOutputStream:75 - [STDERR_REDIRECT] [Fatal Error] :1:1: Premature end of file.
2025-03-23 11:23:39,002 [ERROR] LogOutputStream:75 - [STDERR_REDIRECT] 
2025-03-23 11:23:40,018 [ERROR] LogOutputStream:75 - [STDERR_REDIRECT] [Fatal Error] :1:1: Premature end of file.
2025-03-23 11:23:40,018 [ERROR] LogOutputStream:75 - [STDERR_REDIRECT] 
2025-03-23 11:23:41,011 [ERROR] LogOutputStream:75 - [STDERR_REDIRECT] [Fatal Error] :1:1: Premature end of file.
2025-03-23 11:23:41,011 [ERROR] LogOutputStream:75 - [STDERR_REDIRECT] 
2025-03-23 11:23:42,006 [ERROR] LogOutputStream:75 - [STDERR_REDIRECT] [Fatal Error] :1:1: Premature end of file.
2025-03-23 11:23:42,006 [ERROR] LogOutputStream:75 - [STDERR_REDIRECT] 
2025-03-23 11:23:43,001 [ERROR] LogOutputStream:75 - [STDERR_REDIRECT] [Fatal Error] :1:1: Premature end of file.
2025-03-23 11:23:43,001 [ERROR] LogOutputStream:75 - [STDERR_REDIRECT] 
2025-03-23 11:23:44,010 [ERROR] LogOutputStream:75 - [STDERR_REDIRECT] [Fatal Error] :1:1: Premature end of file.
2025-03-23 11:23:44,013 [ERROR] LogOutputStream:75 - [STDERR_REDIRECT] 
2025-03-23 11:23:45,012 [ERROR] LogOutputStream:75 - [STDERR_REDIRECT] [Fatal Error] :1:1: Premature end of file.
2025-03-23 11:23:45,012 [ERROR] LogOutputStream:75 - [STDERR_REDIRECT] 
2025-03-23 11:23:46,003 [ERROR] LogOutputStream:75 - [STDERR_REDIRECT] [Fatal Error] :1:1: Premature end of file.
2025-03-23 11:23:46,003 [ERROR] LogOutputStream:75 - [STDERR_REDIRECT] 
2025-03-23 11:23:47,008 [ERROR] LogOutputStream:75 - [STDERR_REDIRECT] [Fatal Error] :1:1: Premature end of file.
2025-03-23 11:23:47,008 [ERROR] LogOutputStream:75 - [STDERR_REDIRECT] 
2025-03-23 11:23:48,005 [ERROR] LogOutputStream:75 - [STDERR_REDIRECT] [Fatal Error] :1:1: Premature end of file.
2025-03-23 11:23:48,005 [ERROR] LogOutputStream:75 - [STDERR_REDIRECT] 
2025-03-23 11:23:49,009 [ERROR] LogOutputStream:75 - [STDERR_REDIRECT] [Fatal Error] :1:1: Premature end of file.
2025-03-23 11:23:49,009 [ERROR] LogOutputStream:75 - [STDERR_REDIRECT] 
2025-03-23 11:23:50,006 [ERROR] LogOutputStream:75 - [STDERR_REDIRECT] [Fatal Error] :1:1: Premature end of file.
2025-03-23 11:23:50,006 [ERROR] LogOutputStream:75 - [STDERR_REDIRECT] 
2025-03-23 11:23:51,007 [ERROR] LogOutputStream:75 - [STDERR_REDIRECT] [Fatal Error] :1:1: Premature end of file.
2025-03-23 11:23:51,007 [ERROR] LogOutputStream:75 - [STDERR_REDIRECT] 
2025-03-23 11:23:52,015 [ERROR] LogOutputStream:75 - [STDERR_REDIRECT] [Fatal Error] :1:1: Premature end of file.
2025-03-23 11:23:52,015 [ERROR] LogOutputStream:75 - [STDERR_REDIRECT] 
2025-03-23 11:23:53,008 [ERROR] LogOutputStream:75 - [STDERR_REDIRECT] [Fatal Error] :1:1: Premature end of file.
2025-03-23 11:23:53,008 [ERROR] LogOutputStream:75 - [STDERR_REDIRECT] 
2025-03-23 11:23:54,004 [ERROR] LogOutputStream:75 - [STDERR_REDIRECT] [Fatal Error] :1:1: Premature end of file.
2025-03-23 11:23:54,004 [ERROR] LogOutputStream:75 - [STDERR_REDIRECT] 
2025-03-23 11:23:55,010 [ERROR] LogOutputStream:75 - [STDERR_REDIRECT] [Fatal Error] :1:1: Premature end of file.
2025-03-23 11:23:55,012 [ERROR] LogOutputStream:75 - [STDERR_REDIRECT] 
2025-03-23 11:23:56,003 [ERROR] LogOutputStream:75 - [STDERR_REDIRECT] [Fatal Error] :1:1: Premature end of file.
2025-03-23 11:23:56,003 [ERROR] LogOutputStream:75 - [STDERR_REDIRECT] 
2025-03-23 11:23:57,017 [ERROR] LogOutputStream:75 - [STDERR_REDIRECT] [Fatal Error] :1:1: Premature end of file.
2025-03-23 11:23:57,017 [ERROR] LogOutputStream:75 - [STDERR_REDIRECT] 
2025-03-23 11:23:58,001 [ERROR] LogOutputStream:75 - [STDERR_REDIRECT] [Fatal Error] :1:1: Premature end of file.
2025-03-23 11:23:58,002 [ERROR] LogOutputStream:75 - [STDERR_REDIRECT] 
2025-03-23 11:23:59,010 [ERROR] LogOutputStream:75 - [STDERR_REDIRECT] [Fatal Error] :1:1: Premature end of file.
2025-03-23 11:23:59,010 [ERROR] LogOutputStream:75 - [STDERR_REDIRECT] 
2025-03-23 11:24:00,000 [ERROR] LogOutputStream:75 - [STDERR_REDIRECT] [Fatal Error] :1:1: Premature end of file.
2025-03-23 11:24:00,000 [ERROR] LogOutputStream:75 - [STDERR_REDIRECT] 
2025-03-23 11:24:01,007 [ERROR] LogOutputStream:75 - [STDERR_REDIRECT] [Fatal Error] :1:1: Premature end of file.
2025-03-23 11:24:01,007 [ERROR] LogOutputStream:75 - [STDERR_REDIRECT] 
2025-03-23 11:24:02,009 [ERROR] LogOutputStream:75 - [STDERR_REDIRECT] [Fatal Error] :1:1: Premature end of file.
2025-03-23 11:24:02,009 [ERROR] LogOutputStream:75 - [STDERR_REDIRECT] 
2025-03-23 11:24:02,995 [ERROR] LogOutputStream:75 - [STDERR_REDIRECT] [Fatal Error] :1:1: Premature end of file.
2025-03-23 11:24:03,001 [ERROR] LogOutputStream:75 - [STDERR_REDIRECT] 
2025-03-23 11:24:04,008 [ERROR] LogOutputStream:75 - [STDERR_REDIRECT] [Fatal Error] :1:1: Premature end of file.
2025-03-23 11:24:04,008 [ERROR] LogOutputStream:75 - [STDERR_REDIRECT] 
2025-03-23 11:24:05,017 [ERROR] LogOutputStream:75 - [STDERR_REDIRECT] [Fatal Error] :1:1: Premature end of file.
2025-03-23 11:24:05,017 [ERROR] LogOutputStream:75 - [STDERR_REDIRECT] 
2025-03-23 11:24:06,007 [ERROR] LogOutputStream:75 - [STDERR_REDIRECT] [Fatal Error] :1:1: Premature end of file.
2025-03-23 11:24:06,007 [ERROR] LogOutputStream:75 - [STDERR_REDIRECT] 
2025-03-23 11:24:07,012 [ERROR] LogOutputStream:75 - [STDERR_REDIRECT] [Fatal Error] :1:1: Premature end of file.
2025-03-23 11:24:07,012 [ERROR] LogOutputStream:75 - [STDERR_REDIRECT] 
2025-03-23 11:24:08,004 [ERROR] LogOutputStream:75 - [STDERR_REDIRECT] [Fatal Error] :1:1: Premature end of file.
2025-03-23 11:24:08,004 [ERROR] LogOutputStream:75 - [STDERR_REDIRECT] 
2025-03-23 11:24:09,012 [ERROR] LogOutputStream:75 - [STDERR_REDIRECT] [Fatal Error] :1:1: Premature end of file.
2025-03-23 11:24:09,012 [ERROR] LogOutputStream:75 - [STDERR_REDIRECT] 
2025-03-23 11:24:10,016 [ERROR] LogOutputStream:75 - [STDERR_REDIRECT] [Fatal Error] :1:1: Premature end of file.
2025-03-23 11:24:10,016 [ERROR] LogOutputStream:75 - [STDERR_REDIRECT] 
2025-03-23 11:24:11,006 [ERROR] LogOutputStream:75 - [STDERR_REDIRECT] [Fatal Error] :1:1: Premature end of file.
2025-03-23 11:24:11,006 [ERROR] LogOutputStream:75 - [STDERR_REDIRECT] 
2025-03-23 11:24:12,012 [ERROR] LogOutputStream:75 - [STDERR_REDIRECT] [Fatal Error] :1:1: Premature end of file.
2025-03-23 11:24:12,012 [ERROR] LogOutputStream:75 - [STDERR_REDIRECT] 
2025-03-23 11:24:13,015 [ERROR] LogOutputStream:75 - [STDERR_REDIRECT] [Fatal Error] :1:1: Premature end of file.
2025-03-23 11:24:13,015 [ERROR] LogOutputStream:75 - [STDERR_REDIRECT] 
2025-03-23 11:24:14,004 [ERROR] LogOutputStream:75 - [STDERR_REDIRECT] [Fatal Error] :1:1: Premature end of file.
2025-03-23 11:24:14,004 [ERROR] LogOutputStream:75 - [STDERR_REDIRECT] 
2025-03-23 11:24:15,009 [ERROR] LogOutputStream:75 - [STDERR_REDIRECT] [Fatal Error] :1:1: Premature end of file.
2025-03-23 11:24:15,009 [ERROR] LogOutputStream:75 - [STDERR_REDIRECT] 
2025-03-23 11:24:16,011 [ERROR] LogOutputStream:75 - [STDERR_REDIRECT] [Fatal Error] :1:1: Premature end of file.
2025-03-23 11:24:16,011 [ERROR] LogOutputStream:75 - [STDERR_REDIRECT] 
2025-03-23 11:24:17,004 [ERROR] LogOutputStream:75 - [STDERR_REDIRECT] [Fatal Error] :1:1: Premature end of file.
2025-03-23 11:24:17,004 [ERROR] LogOutputStream:75 - [STDERR_REDIRECT] 
2025-03-23 11:24:18,006 [ERROR] LogOutputStream:75 - [STDERR_REDIRECT] [Fatal Error] :1:1: Premature end of file.
2025-03-23 11:24:18,006 [ERROR] LogOutputStream:75 - [STDERR_REDIRECT] 
2025-03-23 11:24:19,017 [ERROR] LogOutputStream:75 - [STDERR_REDIRECT] [Fatal Error] :1:1: Premature end of file.
2025-03-23 11:24:19,017 [ERROR] LogOutputStream:75 - [STDERR_REDIRECT] 
2025-03-23 11:24:20,004 [ERROR] LogOutputStream:75 - [STDERR_REDIRECT] [Fatal Error] :1:1: Premature end of file.
2025-03-23 11:24:20,004 [ERROR] LogOutputStream:75 - [STDERR_REDIRECT] 
2025-03-23 11:24:21,000 [ERROR] LogOutputStream:75 - [STDERR_REDIRECT] [Fatal Error] :1:1: Premature end of file.
2025-03-23 11:24:21,000 [ERROR] LogOutputStream:75 - [STDERR_REDIRECT] 
2025-03-23 11:24:22,002 [ERROR] LogOutputStream:75 - [STDERR_REDIRECT] [Fatal Error] :1:1: Premature end of file.
2025-03-23 11:24:22,002 [ERROR] LogOutputStream:75 - [STDERR_REDIRECT] 
2025-03-23 11:24:23,006 [ERROR] LogOutputStream:75 - [STDERR_REDIRECT] [Fatal Error] :1:1: Premature end of file.
2025-03-23 11:24:23,006 [ERROR] LogOutputStream:75 - [STDERR_REDIRECT] 
2025-03-23 11:24:24,015 [ERROR] LogOutputStream:75 - [STDERR_REDIRECT] [Fatal Error] :1:1: Premature end of file.
2025-03-23 11:24:24,015 [ERROR] LogOutputStream:75 - [STDERR_REDIRECT] 
2025-03-23 11:24:25,017 [ERROR] LogOutputStream:75 - [STDERR_REDIRECT] [Fatal Error] :1:1: Premature end of file.
2025-03-23 11:24:25,017 [ERROR] LogOutputStream:75 - [STDERR_REDIRECT] 
2025-03-23 11:24:26,006 [ERROR] LogOutputStream:75 - [STDERR_REDIRECT] [Fatal Error] :1:1: Premature end of file.
2025-03-23 11:24:26,006 [ERROR] LogOutputStream:75 - [STDERR_REDIRECT] 
2025-03-23 11:24:27,007 [ERROR] LogOutputStream:75 - [STDERR_REDIRECT] [Fatal Error] :1:1: Premature end of file.
2025-03-23 11:24:27,007 [ERROR] LogOutputStream:75 - [STDERR_REDIRECT] 
2025-03-23 11:24:27,999 [ERROR] LogOutputStream:75 - [STDERR_REDIRECT] [Fatal Error] :1:1: Premature end of file.
2025-03-23 11:24:27,999 [ERROR] LogOutputStream:75 - [STDERR_REDIRECT] 
2025-03-23 11:24:29,005 [ERROR] LogOutputStream:75 - [STDERR_REDIRECT] [Fatal Error] :1:1: Premature end of file.
2025-03-23 11:24:29,005 [ERROR] LogOutputStream:75 - [STDERR_REDIRECT] 
2025-03-23 11:24:30,010 [ERROR] LogOutputStream:75 - [STDERR_REDIRECT] [Fatal Error] :1:1: Premature end of file.
2025-03-23 11:24:30,010 [ERROR] LogOutputStream:75 - [STDERR_REDIRECT] 
2025-03-23 11:24:31,011 [ERROR] LogOutputStream:75 - [STDERR_REDIRECT] [Fatal Error] :1:1: Premature end of file.
2025-03-23 11:24:31,011 [ERROR] LogOutputStream:75 - [STDERR_REDIRECT] 
2025-03-23 11:24:31,995 [ERROR] LogOutputStream:75 - [STDERR_REDIRECT] [Fatal Error] :1:1: Premature end of file.
2025-03-23 11:24:32,004 [ERROR] LogOutputStream:75 - [STDERR_REDIRECT] 
2025-03-23 11:24:33,005 [ERROR] LogOutputStream:75 - [STDERR_REDIRECT] [Fatal Error] :1:1: Premature end of file.
2025-03-23 11:24:33,005 [ERROR] LogOutputStream:75 - [STDERR_REDIRECT] 
2025-03-23 11:24:34,011 [ERROR] LogOutputStream:75 - [STDERR_REDIRECT] [Fatal Error] :1:1: Premature end of file.
2025-03-23 11:24:34,011 [ERROR] LogOutputStream:75 - [STDERR_REDIRECT] 
2025-03-23 11:24:35,001 [ERROR] LogOutputStream:75 - [STDERR_REDIRECT] [Fatal Error] :1:1: Premature end of file.
2025-03-23 11:24:35,001 [ERROR] LogOutputStream:75 - [STDERR_REDIRECT] 
2025-03-23 11:24:36,002 [ERROR] LogOutputStream:75 - [STDERR_REDIRECT] [Fatal Error] :1:1: Premature end of file.
2025-03-23 11:24:36,002 [ERROR] LogOutputStream:75 - [STDERR_REDIRECT] 
2025-03-23 11:24:36,997 [ERROR] LogOutputStream:75 - [STDERR_REDIRECT] [Fatal Error] :1:1: Premature end of file.
2025-03-23 11:24:36,997 [ERROR] LogOutputStream:75 - [STDERR_REDIRECT] 
2025-03-23 11:24:38,006 [ERROR] LogOutputStream:75 - [STDERR_REDIRECT] [Fatal Error] :1:1: Premature end of file.
2025-03-23 11:24:38,006 [ERROR] LogOutputStream:75 - [STDERR_REDIRECT] 
2025-03-23 11:24:39,016 [ERROR] LogOutputStream:75 - [STDERR_REDIRECT] [Fatal Error] :1:1: Premature end of file.
2025-03-23 11:24:39,016 [ERROR] LogOutputStream:75 - [STDERR_REDIRECT] 
2025-03-23 11:24:40,020 [ERROR] LogOutputStream:75 - [STDERR_REDIRECT] [Fatal Error] :1:1: Premature end of file.
2025-03-23 11:24:40,020 [ERROR] LogOutputStream:75 - [STDERR_REDIRECT] 
2025-03-23 11:24:41,022 [ERROR] LogOutputStream:75 - [STDERR_REDIRECT] [Fatal Error] :1:1: Premature end of file.
2025-03-23 11:24:41,022 [ERROR] LogOutputStream:75 - [STDERR_REDIRECT] 
2025-03-23 11:24:42,005 [ERROR] LogOutputStream:75 - [STDERR_REDIRECT] [Fatal Error] :1:1: Premature end of file.
2025-03-23 11:24:42,005 [ERROR] LogOutputStream:75 - [STDERR_REDIRECT] 
2025-03-23 11:24:43,003 [ERROR] LogOutputStream:75 - [STDERR_REDIRECT] [Fatal Error] :1:1: Premature end of file.
2025-03-23 11:24:43,003 [ERROR] LogOutputStream:75 - [STDERR_REDIRECT] 
2025-03-23 11:24:44,000 [ERROR] LogOutputStream:75 - [STDERR_REDIRECT] [Fatal Error] :1:1: Premature end of file.
2025-03-23 11:24:44,000 [ERROR] LogOutputStream:75 - [STDERR_REDIRECT] 
2025-03-23 11:24:45,014 [ERROR] LogOutputStream:75 - [STDERR_REDIRECT] [Fatal Error] :1:1: Premature end of file.
2025-03-23 11:24:45,014 [ERROR] LogOutputStream:75 - [STDERR_REDIRECT] 
2025-03-23 11:24:46,016 [ERROR] LogOutputStream:75 - [STDERR_REDIRECT] [Fatal Error] :1:1: Premature end of file.
2025-03-23 11:24:46,016 [ERROR] LogOutputStream:75 - [STDERR_REDIRECT] 
2025-03-23 11:24:47,012 [ERROR] LogOutputStream:75 - [STDERR_REDIRECT] [Fatal Error] :1:1: Premature end of file.
2025-03-23 11:24:47,012 [ERROR] LogOutputStream:75 - [STDERR_REDIRECT] 
2025-03-23 11:24:48,006 [ERROR] LogOutputStream:75 - [STDERR_REDIRECT] [Fatal Error] :1:1: Premature end of file.
2025-03-23 11:24:48,006 [ERROR] LogOutputStream:75 - [STDERR_REDIRECT] 
2025-03-23 11:24:49,009 [ERROR] LogOutputStream:75 - [STDERR_REDIRECT] [Fatal Error] :1:1: Premature end of file.
2025-03-23 11:24:49,009 [ERROR] LogOutputStream:75 - [STDERR_REDIRECT] 
2025-03-23 11:24:50,008 [ERROR] LogOutputStream:75 - [STDERR_REDIRECT] [Fatal Error] :1:1: Premature end of file.
2025-03-23 11:24:50,008 [ERROR] LogOutputStream:75 - [STDERR_REDIRECT] 
2025-03-23 11:24:51,007 [ERROR] LogOutputStream:75 - [STDERR_REDIRECT] [Fatal Error] :1:1: Premature end of file.
2025-03-23 11:24:51,007 [ERROR] LogOutputStream:75 - [STDERR_REDIRECT] 
2025-03-23 11:24:52,010 [ERROR] LogOutputStream:75 - [STDERR_REDIRECT] [Fatal Error] :1:1: Premature end of file.
2025-03-23 11:24:52,014 [ERROR] LogOutputStream:75 - [STDERR_REDIRECT] 
2025-03-23 11:24:53,006 [ERROR] LogOutputStream:75 - [STDERR_REDIRECT] [Fatal Error] :1:1: Premature end of file.
2025-03-23 11:24:53,006 [ERROR] LogOutputStream:75 - [STDERR_REDIRECT] 
2025-03-23 11:24:54,018 [ERROR] LogOutputStream:75 - [STDERR_REDIRECT] [Fatal Error] :1:1: Premature end of file.
2025-03-23 11:24:54,018 [ERROR] LogOutputStream:75 - [STDERR_REDIRECT] 
2025-03-23 11:24:55,012 [ERROR] LogOutputStream:75 - [STDERR_REDIRECT] [Fatal Error] :1:1: Premature end of file.
2025-03-23 11:24:55,012 [ERROR] LogOutputStream:75 - [STDERR_REDIRECT] 
2025-03-23 11:24:56,010 [ERROR] LogOutputStream:75 - [STDERR_REDIRECT] [Fatal Error] :1:1: Premature end of file.
2025-03-23 11:24:56,010 [ERROR] LogOutputStream:75 - [STDERR_REDIRECT] 
2025-03-23 11:24:57,001 [ERROR] LogOutputStream:75 - [STDERR_REDIRECT] [Fatal Error] :1:1: Premature end of file.
2025-03-23 11:24:57,001 [ERROR] LogOutputStream:75 - [STDERR_REDIRECT] 
2025-03-23 11:24:58,009 [ERROR] LogOutputStream:75 - [STDERR_REDIRECT] [Fatal Error] :1:1: Premature end of file.
2025-03-23 11:24:58,009 [ERROR] LogOutputStream:75 - [STDERR_REDIRECT] 
2025-03-23 11:24:58,996 [ERROR] LogOutputStream:75 - [STDERR_REDIRECT] [Fatal Error] :1:1: Premature end of file.
2025-03-23 11:24:58,996 [ERROR] LogOutputStream:75 - [STDERR_REDIRECT] 
2025-03-23 11:25:00,005 [ERROR] LogOutputStream:75 - [STDERR_REDIRECT] [Fatal Error] :1:1: Premature end of file.
2025-03-23 11:25:00,005 [ERROR] LogOutputStream:75 - [STDERR_REDIRECT] 
